synthetic_record_id,timestamp,river_level_m,river_ec_us_cm,raw_water_level_m,qnt_m3_h,pump_1_ts_hz,pump_1_current_a,pump_1_temperature_c,pump_1_power_kw,pump_2_ts_hz,pump_2_current_a,pump_2_temperature_c,pump_2_power_kw,pump_3_ts_hz,pump_3_current_a,pump_3_temperature_c,pump_3_power_kw,pump_4_ts_hz,pump_4_current_a,pump_4_temperature_c,pump_4_power_kw,pump_5_ts_hz,pump_5_current_a,pump_5_temperature_c,pump_5_power_kw,raw_water_ph,raw_water_turbidity_ntu,raw_water_chlorine_cl2_mg_l,raw_water_color_tcu,raw_water_salinity_mg_l,raw_water_hardness_mg_l,settling_ph,settling_turbidity_ntu,settling_color_tcu,settling_operation_turb_ntu,filter_basin_turbidity_ntu,filter_1_level_1,filter_1_level_2,filter_1_level_3,filter_1_level_4,filter_1_turb_ntu,filter_2_level_1,filter_2_level_2,filter_2_level_3,filter_2_level_4,filter_2_turb_ntu,storage_ph,storage_turbidity_ntu,storage_chlorine_cl2_mg_l,secondary_ph,secondary_turbidity_ntu,secondary_chlorine_cl2_mg_l,secondary_color_tcu,secondary_salinity_mg_l,secondary_hardness_mg_l
SYN-000001,2025-01-01T00:00:00+07:00,2.462,251.036,3.190,814.584,41.004,28.355,36.021,63.589,40.026,26.219,35.558,61.132,0,0,30.889,0,0,0,31.818,0,41.024,26.991,36.465,68.239,7.000,25.612,0.251,30.003,217.151,104.388,6.986,10.074,13.911,10.126,1.789,1.630,2.274,2.889,3.631,1.831,1.720,2.282,2.911,3.538,1.747,7.214,1.306,0.504,7.234,1.277,0.502,1.945,212.362,102.052
SYN-000002,2025-01-01T01:00:00+07:00,2.440,257.848,3.254,827.603,41.844,28.524,35.729,70.181,42.166,29.774,34.985,64.762,0,0,31.038,0,0,0,31.253,0,41.924,30.359,35.475,64.026,7.117,19.558,0.265,26.267,219.088,93.009,7.162,4.591,11.188,3.736,0.691,1.665,2.307,3.009,3.666,0.913,1.691,2.302,2.921,3.669,0.469,7.145,0.493,0.487,7.147,0.418,0.485,1.895,216.739,90.735
SYN-000003,2025-01-01T02:00:00+07:00,2.474,257.557,3.228,849.348,42.864,31.235,35.481,70.031,43.678,31.102,35.491,70.539,0,0,31.505,0,0.537,0,31.311,0,43.658,30.195,36.040,71.971,7.225,28.867,0.236,30.725,201.980,106.564,7.232,9.810,12.401,10.188,1.382,1.604,2.287,2.925,3.580,1.339,1.642,2.296,2.881,3.620,1.424,7.192,1.022,0.475,7.172,1.076,0.458,2.856,202.700,111.302
SYN-000004,2025-01-01T03:00:00+07:00,2.482,249.865,3.180,826.850,44.554,31.123,36.160,74.724,44.948,31.179,36.480,72.607,0,0,31.352,0,0,0,30.826,0,43.651,30.726,35.475,69.560,6.890,28.537,0.331,31.118,194.657,91.876,6.917,10.276,11.482,10.518,1.524,1.688,2.260,2.970,3.611,1.517,1.683,2.308,2.964,3.593,1.531,7.098,1.065,0.494,7.187,1.033,0.456,1.707,189.890,90.004
SYN-000005,2025-01-01T04:00:00+07:00,2.521,250.398,3.211,857.830,44.644,31.361,35.243,70.402,44.132,30.897,35.872,71.252,0.692,0,31.630,0,0.303,0,32.187,0,44.079,29.336,35.698,70.056,7.204,22.887,0.257,27.030,206.153,94.185,7.193,8.826,11.725,9.141,1.346,1.573,2.308,2.893,3.604,1.367,1.687,2.278,3.021,3.613,1.324,7.080,0.922,0.508,7.176,0.919,0.499,1.781,212.917,94.620
SYN-000006,2025-01-01T05:00:00+07:00,2.436,262.503,3.261,854.545,44.885,30.537,35.711,74.908,45.004,31.125,36.506,76.408,0,0,30.458,0,0.524,0,30.987,0,45.344,30.842,36.490,70.503,7.063,27.978,0.302,28.796,223.341,97.928,7.116,8.743,13.196,8.495,1.308,1.648,2.290,2.953,3.583,1.205,1.707,2.277,2.996,3.547,1.411,7.186,0.910,0.468,7.080,0.962,0.466,2.091,229.395,97.036
SYN-000007,2025-01-01T06:00:00+07:00,2.444,254.399,3.220,877.507,45.807,34.079,36.567,73.412,45.343,30.169,35.959,73.263,0,0,32.013,0,0.541,0,31.083,0,45.384,30.917,35.773,71.920,7.051,25.966,0.270,30.487,200.330,100.075,6.990,9.612,13.323,9.682,1.631,1.606,2.277,2.938,3.554,1.560,1.604,2.267,2.971,3.515,1.702,7.165,1.122,0.471,6.981,1.188,0.392,2.349,197.690,101.632
SYN-000008,2025-01-01T07:00:00+07:00,2.530,257.403,3.252,828.110,45.377,31.207,35.898,71.735,45.623,31.636,36.933,73.003,2.053,0,31.230,0,0.285,0,31.635,0,45.799,32.209,36.179,73.647,7.155,25.232,0.261,27.726,201.501,99.407,7.140,8.823,13.016,9.661,1.502,1.764,2.318,2.903,3.645,1.568,1.694,2.406,2.919,3.586,1.437,7.092,1.150,0.421,7.089,1.163,0.474,2.697,201.226,100.749
SYN-000009,2025-01-01T08:00:00+07:00,2.513,258.881,3.226,840.484,44.699,30.777,35.829,68.964,0,0,31.583,0,0,0,31.934,0,44.525,31.236,35.876,69.551,44.911,31.920,35.821,71.266,7.163,25.760,0.268,30.536,220.910,97.586,7.216,7.601,14.113,8.013,1.331,1.584,2.250,2.980,3.664,1.328,1.593,2.373,2.944,3.617,1.334,7.153,0.986,0.444,7.139,0.989,0.455,2.187,215.520,97.142
SYN-000010,2025-01-01T09:00:00+07:00,2.512,252.234,3.234,808.520,43.828,29.633,35.759,71.228,0,0,31.499,0,0,0,30.800,0,45.032,30.988,35.832,69.218,43.062,30.831,35.529,70.231,7.036,25.886,0.236,29.461,207.503,85.657,6.903,8.623,11.897,9.182,1.355,1.590,2.285,3.016,3.577,1.342,1.680,2.364,2.981,3.463,1.368,7.134,0.972,0.430,7.114,0.931,0.483,1.245,213.361,84.314
SYN-000011,2025-01-01T10:00:00+07:00,2.588,260.851,3.263,795.609,42.935,30.219,36.250,68.470,0,0,31.883,0,0.630,0,32.447,0,42.587,27.126,36.773,69.421,42.710,30.130,35.831,73.016,6.906,24.212,0.315,30.434,228.751,92.870,6.974,7.664,12.400,8.218,1.053,1.742,2.301,3.027,3.622,0.981,1.680,2.301,3.022,3.556,1.124,7.127,0.752,0.476,7.134,0.718,0.418,2.515,228.649,92.610
SYN-000012,2025-01-01T11:00:00+07:00,2.528,264.273,3.239,832.729,41.756,27.626,36.142,66.506,1.303,0,30.924,0,0,0,31.548,0,42.152,30.675,35.873,63.548,41.841,30.306,35.790,69.456,7.007,24.757,0.291,26.246,193.777,100.878,6.905,10.351,9.454,10.662,1.904,1.571,2.266,2.974,3.584,1.825,1.639,2.226,2.912,3.542,1.982,7.176,1.342,0.508,7.081,1.370,0.472,1.385,193.265,101.273
SYN-000013,2025-01-01T12:00:00+07:00,2.584,266.437,3.206,791.373,42.053,30.468,35.332,68.151,0.410,0,32.245,0,1.363,0,31.042,0,40.741,28.365,35.692,61.262,42.105,29.419,34.789,66.524,6.952,25.822,0.258,27.814,213.140,96.396,6.992,7.309,11.116,6.827,1.294,1.638,2.376,2.945,3.527,1.225,1.736,2.300,2.972,3.596,1.363,7.164,1.031,0.454,7.127,1.018,0.448,1.537,204.411,96.140
SYN-000014,2025-01-01T13:00:00+07:00,2.662,254.165,3.241,787.287,39.071,26.517,35.066,59.813,0.369,0,31.505,0,0.404,0,32.041,0,40.188,28.282,34.980,67.224,41.228,29.413,36.737,67.616,6.999,24.389,0.345,27.503,209.178,91.195,7.069,8.339,10.655,8.052,1.312,1.737,2.292,2.931,3.617,1.149,1.667,2.370,2.918,3.593,1.474,7.168,0.950,0.453,7.026,0.999,0.474,1.649,206.370,93.562
SYN-000015,2025-01-01T14:00:00+07:00,2.648,263.519,3.240,790.202,38.909,28.585,36.279,62.537,0.794,0,31.227,0,1.399,0,31.875,0,38.296,29.071,35.002,60.329,39.344,28.129,36.078,64.418,7.048,25.659,0.289,27.512,205.108,98.579,7.102,7.731,12.625,7.853,0.966,1.676,2.321,2.959,3.593,0.886,1.603,2.354,2.971,3.659,1.046,7.164,0.623,0.452,7.187,0.638,0.489,2.075,214.880,95.045
SYN-000016,2025-01-01T15:00:00+07:00,2.656,259.857,3.235,791.453,37.497,26.285,35.038,62.278,0.975,0,31.517,0,0,0,31.850,0,37.360,26.355,35.915,62.284,38.794,28.977,35.276,67.146,7.173,29.254,0.273,30.607,203.411,102.528,7.106,10.131,12.234,10.537,1.541,1.635,2.311,2.912,3.625,1.439,1.656,2.272,3.004,3.595,1.644,7.155,1.040,0.448,7.108,1.025,0.502,2.180,202.698,104.981
SYN-000017,2025-01-01T16:00:00+07:00,2.635,265.245,3.295,787.703,0,0,30.622,0,0,0,30.729,0,37.969,27.664,35.134,65.610,35.449,24.758,36.004,55.756,38.080,27.272,34.935,61.846,7.076,27.477,0.334,29.415,200.964,92.778,7.066,8.690,13.544,8.212,1.149,1.588,2.327,2.985,3.600,1.127,1.661,2.293,2.922,3.567,1.172,7.133,0.813,0.495,7.178,0.804,0.456,2.662,205.248,94.802
SYN-000018,2025-01-01T17:00:00+07:00,2.613,260.578,3.315,747.942,0.122,0,31.664,0,0.992,0,32.671,0,37.043,26.017,34.973,59.153,37.015,25.576,35.260,60.475,36.737,28.337,35.091,60.978,7.239,25.314,0.279,31.778,200.713,89.351,7.167,9.346,14.872,9.126,1.703,1.716,2.267,3.007,3.665,1.679,1.634,2.313,2.976,3.630,1.727,7.179,1.126,0.496,7.017,1.083,0.387,2.343,193.329,88.458
SYN-000019,2025-01-01T18:00:00+07:00,2.647,258.986,3.325,797.714,0,0,31.736,0,0,0,31.284,0,37.576,26.831,35.377,59.611,36.799,26.151,34.996,55.102,37.914,26.253,35.497,61.785,7.076,24.341,0.278,27.004,203.288,100.602,7.017,9.022,11.731,9.008,1.549,1.633,2.210,2.933,3.575,1.799,1.621,2.257,2.939,3.574,1.299,7.162,1.190,0.489,7.115,1.220,0.482,1.649,205.139,101.100
SYN-000020,2025-01-01T19:00:00+07:00,2.710,264.141,3.258,790.901,0,0,32.427,0,0.619,0,31.905,0,37.293,26.777,35.744,58.981,37.048,27.444,34.979,58.360,38.318,26.905,34.906,58.758,7.049,28.052,0.286,29.955,199.494,97.452,6.972,9.637,14.641,8.579,1.605,1.660,2.305,2.991,3.580,1.381,1.644,2.301,2.879,3.613,1.828,7.175,1.085,0.427,7.082,1.046,0.444,2.344,188.965,95.754
SYN-000021,2025-01-01T20:00:00+07:00,2.729,262.977,3.287,789.018,0,0,30.868,0,0.206,0,31.770,0,37.821,25.715,36.065,61.730,37.055,27.148,35.332,61.964,38.192,25.614,35.047,64.632,7.080,24.240,0.297,27.427,206.158,95.604,7.031,9.301,10.980,10.155,1.416,1.675,2.274,2.966,3.588,1.495,1.660,2.270,2.969,3.568,1.338,7.078,1.125,0.489,7.229,1.123,0.414,2.061,208.017,99.896
SYN-000022,2025-01-01T21:00:00+07:00,2.712,260.956,3.297,765.504,0.821,0,31.602,0,0.008,0,31.956,0,39.446,28.389,35.412,61.661,38.775,28.669,34.705,62.434,38.300,27.600,35.499,63.329,7.083,30.029,0.304,31.800,204.153,91.951,7.034,11.386,14.855,11.194,1.788,1.692,2.337,2.925,3.590,1.758,1.661,2.252,2.966,3.625,1.819,7.161,1.353,0.503,7.100,1.364,0.459,2.593,208.151,92.075
SYN-000023,2025-01-01T22:00:00+07:00,2.723,273.291,3.313,808.571,0,0,31.572,0,0,0,31.548,0,38.313,28.386,35.445,61.599,39.613,28.733,35.834,64.329,38.791,25.845,35.215,61.383,7.024,29.754,0.201,33.922,198.543,97.205,7.094,13.045,14.157,12.699,1.967,1.624,2.310,3.038,3.554,1.761,1.686,2.304,3.006,3.589,2.173,7.139,1.438,0.468,7.118,1.441,0.431,2.108,198.505,99.636
SYN-000024,2025-01-01T23:00:00+07:00,2.680,266.270,3.304,772.877,0.146,0,31.925,0,0.278,0,32.095,0,41.491,27.215,35.350,66.200,40.049,29.066,35.853,65.034,41.179,29.923,35.265,64.501,7.121,29.618,0.321,32.923,193.566,101.315,7.123,9.617,14.111,8.987,1.645,1.656,2.256,2.956,3.558,1.557,1.617,2.261,2.934,3.692,1.733,7.190,1.162,0.481,7.168,1.153,0.477,2.346,185.960,98.952
SYN-000025,2025-01-02T00:00:00+07:00,2.714,268.895,3.302,800.876,0.203,0,31.473,0,41.083,29.026,35.739,62.643,41.719,29.208,36.139,65.633,40.913,30.300,35.423,66.594,0,0,32.164,0,7.086,35.100,0.262,31.397,200.778,97.054,7.036,13.046,14.223,13.851,2.272,1.626,2.352,3.023,3.567,2.027,1.669,2.353,3.042,3.612,2.517,7.120,1.772,0.517,7.152,1.721,0.403,2.492,204.206,96.985
SYN-000026,2025-01-02T01:00:00+07:00,2.792,260.046,3.298,818.942,0.544,0,31.752,0,40.701,28.716,35.569,65.225,42.311,30.265,35.252,67.209,41.722,30.441,36.202,67.536,0.358,0,30.990,0,7.000,29.457,0.310,29.378,209.478,86.117,6.991,11.013,10.031,11.376,1.596,1.574,2.382,2.965,3.561,1.448,1.687,2.317,2.987,3.674,1.744,7.072,1.093,0.502,7.146,1.095,0.496,1.684,210.367,84.789
SYN-000027,2025-01-02T02:00:00+07:00,2.773,275.718,3.306,824.577,0.100,0,31.252,0,42.735,30.888,34.876,73.977,43.079,28.802,36.312,65.720,42.674,28.808,35.059,67.325,0,0,31.442,0,7.002,27.938,0.236,30.121,226.645,95.695,7.072,8.795,13.106,9.264,1.494,1.729,2.310,2.988,3.656,1.516,1.708,2.292,2.923,3.618,1.471,7.143,1.027,0.458,7.141,1.022,0.398,2.277,225.857,97.770
SYN-000028,2025-01-02T03:00:00+07:00,2.724,268.419,3.306,837.078,0.066,0,30.433,0,43.140,27.914,36.018,68.640,43.956,29.628,35.740,70.976,46.081,31.547,36.503,75.152,1.121,0,31.235,0,7.019,26.211,0.262,25.892,209.941,101.315,7.098,9.301,11.617,8.867,1.370,1.688,2.195,3.044,3.480,1.290,1.639,2.168,2.978,3.558,1.451,7.195,0.925,0.512,7.146,0.984,0.413,2.319,210.024,101.129
SYN-000029,2025-01-02T04:00:00+07:00,2.684,257.380,3.323,852.712,0,0,30.735,0,44.129,31.253,35.848,69.077,44.235,29.814,35.568,70.651,45.036,29.839,36.903,68.527,0.145,0,31.868,0,6.975,32.222,0.270,33.052,193.255,98.787,7.002,10.733,14.488,10.365,1.781,1.651,2.263,2.941,3.593,1.745,1.586,2.354,2.952,3.646,1.818,7.158,1.227,0.394,7.204,1.248,0.509,1.896,193.538,102.080
SYN-000030,2025-01-02T05:00:00+07:00,2.781,267.852,3.337,850.439,0,0,30.905,0,45.150,31.874,35.585,70.814,44.435,30.793,35.339,71.722,47.001,32.873,36.181,75.115,0.593,0,31.465,0,7.122,27.084,0.274,29.461,198.467,92.384,7.079,8.495,13.683,8.304,1.409,1.601,2.339,2.999,3.521,1.322,1.592,2.386,3.057,3.525,1.496,7.219,1.004,0.468,7.170,1.001,0.485,1.781,204.976,93.045
SYN-000031,2025-01-02T06:00:00+07:00,2.754,271.622,3.302,839.354,0.903,0,31.225,0,44.707,30.847,35.837,70.601,45.966,31.143,36.459,72.796,44.209,30.009,35.654,70.088,0,0,31.321,0,7.065,29.500,0.266,32.591,233.261,102.623,7.159,10.637,16.939,10.623,1.758,1.613,2.366,2.942,3.603,1.396,1.616,2.362,2.975,3.616,2.120,7.075,1.283,0.538,7.169,1.268,0.397,2.282,230.087,105.110
SYN-000032,2025-01-02T07:00:00+07:00,2.749,264.394,3.326,865.641,0.763,0,31.125,0,44.750,29.305,36.128,68.561,44.307,30.006,36.389,70.351,44.781,30.285,35.729,69.410,0,0,31.099,0,6.930,28.087,0.237,30.089,207.102,97.768,6.945,9.375,13.497,10.500,1.718,1.671,2.206,2.889,3.625,1.645,1.625,2.313,2.942,3.610,1.790,7.129,1.396,0.399,7.178,1.416,0.422,1.661,205.338,97.976
SYN-000033,2025-01-02T08:00:00+07:00,2.828,258.267,3.285,828.892,45.375,32.825,35.368,71.813,44.338,31.563,36.052,71.274,44.948,31.378,36.027,73.146,0.607,0,30.831,0,0,0,31.515,0,7.006,34.344,0.289,29.625,208.270,91.466,7.098,13.383,11.988,13.589,2.020,1.663,2.366,2.866,3.540,1.876,1.677,2.250,2.956,3.592,2.163,7.217,1.424,0.515,7.072,1.449,0.434,2.048,207.710,88.016
SYN-000034,2025-01-02T09:00:00+07:00,2.815,257.029,3.317,832.679,43.740,30.018,36.090,73.781,43.152,31.040,35.921,68.381,44.359,29.068,36.416,72.051,0.710,0,32.273,0,0,0,30.968,0,7.136,30.107,0.277,30.880,208.431,88.172,7.145,10.795,13.767,11.092,1.813,1.645,2.296,2.986,3.614,1.803,1.611,2.337,2.961,3.653,1.824,7.147,1.395,0.492,7.029,1.460,0.494,2.877,211.748,90.529
SYN-000035,2025-01-02T10:00:00+07:00,2.776,263.493,3.310,816.780,42.210,30.627,36.627,64.536,42.423,32.130,35.631,70.656,42.883,29.921,35.739,68.541,0.057,0,30.964,0,0,0,30.907,0,6.987,31.538,0.268,32.896,211.605,96.480,6.983,12.400,16.070,12.250,2.088,1.702,2.385,2.912,3.577,1.921,1.636,2.318,2.999,3.646,2.256,7.149,1.499,0.481,7.126,1.404,0.495,2.145,213.400,96.648
SYN-000036,2025-01-02T11:00:00+07:00,2.789,275.124,3.322,803.875,42.632,29.610,35.744,67.659,42.748,29.479,35.565,67.129,42.771,30.034,36.744,65.934,0,0,31.636,0,0,0,31.900,0,7.017,31.345,0.340,32.890,205.146,94.211,7.010,12.126,15.167,11.866,2.072,1.636,2.257,3.043,3.578,2.020,1.575,2.289,3.050,3.551,2.125,7.114,1.421,0.449,7.044,1.359,0.476,2.264,204.522,91.482
SYN-000037,2025-01-02T12:00:00+07:00,2.770,271.615,3.291,812.461,42.101,29.693,35.905,66.482,41.162,29.044,35.419,65.730,40.009,29.594,35.900,60.988,0,0,31.363,0,0,0,32.007,0,7.088,28.444,0.245,27.106,179.719,104.027,7.193,9.214,10.759,8.827,1.490,1.724,2.355,2.964,3.629,1.597,1.684,2.365,2.922,3.623,1.383,7.119,1.136,0.450,7.087,1.124,0.434,1.904,178.499,100.041
SYN-000038,2025-01-02T13:00:00+07:00,2.821,273.760,3.332,802.965,39.518,28.499,35.387,67.663,39.509,27.803,34.829,64.498,39.740,28.691,34.879,66.689,0,0,31.639,0,0.027,0,31.543,0,7.005,31.780,0.295,27.338,191.980,97.662,6.978,11.219,11.661,11.150,1.962,1.668,2.301,2.946,3.553,2.040,1.684,2.316,2.935,3.649,1.885,7.166,1.414,0.538,7.209,1.372,0.411,1.811,195.920,96.113
SYN-000039,2025-01-02T14:00:00+07:00,2.793,265.268,3.341,784.401,39.111,28.526,35.343,63.110,39.708,29.249,35.057,64.828,40.233,28.528,35.207,65.539,0,0,31.918,0,0,0,31.869,0,7.207,29.671,0.306,25.871,217.357,95.673,7.307,10.033,9.701,9.568,1.696,1.674,2.260,2.933,3.492,1.528,1.611,2.254,2.922,3.555,1.864,7.199,1.179,0.504,7.030,1.181,0.462,1.710,218.487,97.101
SYN-000040,2025-01-02T15:00:00+07:00,2.742,269.980,3.315,809.474,38.919,26.607,35.241,62.942,38.031,27.712,35.132,58.539,38.612,28.402,35.525,65.060,0,0,31.628,0,0.395,0,31.513,0,6.948,30.436,0.268,28.969,194.505,98.315,6.896,10.612,12.818,10.939,1.461,1.670,2.296,2.974,3.663,1.600,1.635,2.293,2.981,3.565,1.322,7.224,1.045,0.439,7.098,0.981,0.425,2.022,193.023,95.110
SYN-000041,2025-01-02T16:00:00+07:00,2.823,270.277,3.373,783.690,38.449,25.920,35.129,59.093,37.749,26.076,36.182,61.809,0,0,31.273,0,0.132,0,31.807,0,37.202,26.592,35.086,58.540,6.925,31.979,0.272,31.518,224.628,95.617,6.950,11.791,11.786,11.886,2.016,1.624,2.232,2.957,3.617,1.884,1.699,2.265,2.873,3.526,2.147,7.095,1.498,0.465,7.139,1.497,0.468,1.629,222.746,93.776
SYN-000042,2025-01-02T17:00:00+07:00,2.738,272.112,3.330,768.107,37.173,27.629,35.503,58.912,38.362,26.688,35.039,59.649,0,0,31.640,0,0,0,31.286,0,36.345,26.297,35.271,58.048,6.987,29.433,0.275,31.504,197.403,105.001,6.968,10.175,12.678,10.576,1.578,1.661,2.245,2.998,3.586,1.626,1.697,2.264,2.897,3.608,1.530,7.149,1.042,0.443,7.173,0.995,0.462,2.253,196.255,101.830
SYN-000043,2025-01-02T18:00:00+07:00,2.767,273.544,3.328,770.730,36.357,25.779,35.806,56.826,35.731,26.814,35.088,59.713,0.716,0,31.697,0,0.770,0,30.838,0,37.283,25.889,34.758,62.246,6.881,28.003,0.274,28.254,199.345,98.623,7.006,9.056,12.024,9.243,1.369,1.649,2.261,2.973,3.533,1.207,1.600,2.354,2.917,3.621,1.531,7.257,0.990,0.543,7.110,0.981,0.397,1.683,193.187,101.966
SYN-000044,2025-01-02T19:00:00+07:00,2.739,271.192,3.363,758.405,37.794,26.070,36.080,62.326,36.894,26.358,35.858,57.529,0,0,31.251,0,0,0,31.283,0,36.969,27.020,35.693,55.789,7.165,27.364,0.308,24.938,222.644,94.421,7.236,9.646,11.187,9.824,1.571,1.659,2.336,2.939,3.616,1.662,1.638,2.381,2.968,3.507,1.480,7.110,1.068,0.516,7.188,1.117,0.436,1.252,225.602,95.320
SYN-000045,2025-01-02T20:00:00+07:00,2.815,269.691,3.348,782.649,36.992,25.918,34.987,58.884,37.658,26.043,34.708,62.439,0.377,0,31.143,0,0,0,31.545,0,37.059,26.572,35.171,59.503,7.216,30.320,0.283,30.318,199.939,103.314,7.230,11.628,11.875,12.098,1.853,1.654,2.379,2.943,3.617,1.560,1.646,2.310,2.957,3.554,2.145,7.229,1.439,0.459,7.130,1.424,0.434,1.556,197.002,103.368
SYN-000046,2025-01-02T21:00:00+07:00,2.760,272.692,3.371,780.530,38.089,26.629,34.041,55.524,38.085,27.758,35.958,59.684,0,0,31.762,0,0,0,31.901,0,38.401,27.451,34.633,63.316,7.058,34.543,0.288,29.799,221.447,95.499,7.066,12.931,13.674,12.167,2.206,1.591,2.283,2.927,3.541,2.140,1.646,2.315,2.937,3.725,2.272,7.224,1.743,0.545,7.144,1.756,0.421,1.483,213.565,95.474
SYN-000047,2025-01-02T22:00:00+07:00,2.859,272.193,3.315,813.864,39.562,29.767,35.691,60.479,40.035,30.989,36.738,63.707,0.927,0,31.222,0,0,0,30.935,0,39.544,28.408,36.646,63.989,6.861,30.136,0.274,28.131,177.214,96.233,6.841,12.277,10.999,12.607,1.915,1.659,2.306,2.944,3.606,1.854,1.628,2.259,2.892,3.621,1.976,7.177,1.367,0.522,7.177,1.371,0.455,1.831,181.957,95.404
SYN-000048,2025-01-02T23:00:00+07:00,2.747,273.722,3.300,781.809,39.243,28.677,35.001,63.900,40.483,28.536,35.583,63.198,0.707,0,31.065,0,0.388,0,31.081,0,39.406,26.360,35.572,61.749,6.883,28.976,0.248,29.417,195.967,95.113,6.914,10.629,13.864,10.232,1.795,1.641,2.338,2.958,3.671,1.745,1.698,2.343,2.927,3.641,1.845,7.141,1.345,0.491,7.159,1.387,0.504,1.820,199.867,95.245
SYN-000049,2025-01-03T00:00:00+07:00,2.805,268.494,3.335,809.044,41.492,29.498,36.084,65.464,0.137,0,32.171,0,0.183,0,31.834,0,40.688,29.256,35.467,67.740,41.415,30.019,36.207,63.206,7.118,30.796,0.251,30.557,195.252,98.842,7.144,12.156,13.304,11.331,2.014,1.648,2.251,2.956,3.530,2.062,1.635,2.312,2.969,3.561,1.967,7.157,1.453,0.450,7.086,1.438,0.449,2.108,192.910,101.267
SYN-000050,2025-01-03T01:00:00+07:00,2.743,273.936,3.352,812.353,42.479,30.342,36.268,66.824,0,0,30.795,0,0.971,0,31.798,0,42.048,28.759,36.025,67.623,41.978,27.726,35.351,67.226,7.008,32.913,0.310,30.882,201.701,98.113,6.940,12.705,12.753,12.375,2.095,1.646,2.306,2.873,3.598,2.134,1.659,2.290,2.968,3.631,2.056,7.085,1.498,0.520,7.107,1.625,0.477,1.497,207.906,92.898
SYN-000051,2025-01-03T02:00:00+07:00,2.773,267.823,3.322,829.185,42.570,30.433,35.866,66.359,1.379,0,31.555,0,1.217,0,31.553,0,43.520,30.705,35.145,65.187,42.977,30.012,35.295,68.687,7.022,34.221,0.319,31.392,223.406,93.672,7.054,13.900,13.453,14.476,2.390,1.644,2.264,2.921,3.598,2.628,1.654,2.259,2.984,3.548,2.152,7.181,1.569,0.511,7.236,1.548,0.537,2.402,226.908,92.497
SYN-000052,2025-01-03T03:00:00+07:00,2.781,266.509,3.255,828.948,44.551,29.802,36.134,69.528,0,0,32.021,0,0.299,0,30.758,0,43.784,30.461,35.746,66.586,44.507,30.690,35.719,73.893,6.970,31.283,0.306,29.587,219.818,95.628,6.997,10.823,12.116,11.003,1.831,1.600,2.311,2.938,3.609,1.760,1.632,2.275,2.958,3.581,1.901,7.165,1.402,0.455,7.222,1.376,0.473,2.125,221.169,96.564
SYN-000053,2025-01-03T04:00:00+07:00,2.750,272.348,3.310,812.069,44.621,30.545,35.850,68.129,1.579,0,31.462,0,0,0,31.741,0,43.678,30.439,35.876,72.907,44.669,30.642,37.054,72.051,6.884,28.625,0.242,30.334,186.615,108.936,6.922,10.514,13.521,10.599,1.856,1.666,2.268,2.902,3.693,2.082,1.687,2.273,2.934,3.580,1.629,7.056,1.367,0.509,7.216,1.309,0.482,1.855,193.362,111.071
SYN-000054,2025-01-03T05:00:00+07:00,2.775,267.035,3.306,857.297,45.576,29.589,35.983,72.942,0.431,0,31.702,0,0,0,31.161,0,44.021,30.511,36.184,67.404,45.538,30.011,35.836,72.952,6.862,34.809,0.299,32.133,197.775,97.975,6.837,13.719,12.398,12.965,2.277,1.555,2.302,2.890,3.620,2.087,1.623,2.365,2.987,3.559,2.467,7.113,1.594,0.451,7.110,1.569,0.453,2.562,194.332,100.502
SYN-000055,2025-01-03T06:00:00+07:00,2.758,274.289,3.324,849.530,45.318,29.895,36.496,73.229,1.003,0,31.602,0,0,0,31.657,0,44.858,30.691,36.417,70.365,45.842,32.019,36.006,69.622,7.131,29.369,0.228,30.131,200.752,95.621,7.139,9.861,13.250,9.965,1.524,1.621,2.304,2.939,3.632,1.493,1.591,2.258,2.922,3.613,1.555,7.066,1.105,0.459,7.156,1.075,0.518,2.756,196.644,95.487
SYN-000056,2025-01-03T07:00:00+07:00,2.744,271.483,3.326,839.763,45.397,33.583,36.197,71.120,0,0,31.744,0,0,0,32.110,0,44.515,31.142,35.489,69.304,44.931,31.776,36.065,68.941,7.092,33.320,0.317,34.158,193.392,108.429,7.105,12.447,16.032,11.899,2.063,1.743,2.366,2.959,3.559,1.928,1.649,2.303,2.974,3.565,2.197,7.112,1.491,0.479,7.189,1.548,0.449,2.396,194.383,106.037
SYN-000057,2025-01-03T08:00:00+07:00,2.796,280.774,3.305,838.986,0.936,0,31.345,0,0,0,31.768,0,44.528,29.927,35.306,72.316,45.345,30.598,35.050,70.269,43.456,30.427,36.420,73.281,7.047,28.037,0.267,29.114,212.713,94.862,7.036,10.003,12.470,9.321,1.688,1.597,2.304,3.010,3.641,1.689,1.588,2.216,2.950,3.586,1.687,7.167,1.251,0.502,7.175,1.240,0.481,1.660,201.052,95.933
SYN-000058,2025-01-03T09:00:00+07:00,2.768,268.175,3.309,836.328,0.139,0,31.541,0,0.170,0,31.873,0,44.505,31.968,36.169,71.924,44.235,29.668,36.035,72.130,43.946,31.618,35.625,71.271,6.917,31.153,0.275,28.982,206.145,99.068,7.021,11.826,12.257,11.706,1.912,1.708,2.329,2.893,3.579,1.991,1.638,2.286,2.978,3.625,1.833,7.208,1.316,0.426,7.101,1.334,0.514,2.128,209.463,98.958
SYN-000059,2025-01-03T10:00:00+07:00,2.733,275.647,3.325,806.935,1.109,0,30.575,0,0,0,31.535,0,43.257,30.007,35.521,69.427,43.990,32.049,36.600,70.725,42.828,32.602,36.633,72.893,6.987,28.348,0.279,30.469,213.845,98.392,7.027,10.798,12.201,10.290,1.962,1.675,2.264,2.931,3.632,1.744,1.610,2.287,2.958,3.518,2.180,7.186,1.475,0.506,7.168,1.413,0.424,2.329,209.678,100.340
SYN-000060,2025-01-03T11:00:00+07:00,2.682,273.143,3.317,829.363,0,0,31.742,0,0,0,30.987,0,41.932,28.246,35.242,65.300,42.810,28.073,35.925,66.809,42.466,30.355,35.814,65.230,7.118,33.061,0.302,34.197,185.500,98.361,7.124,11.899,14.137,11.381,1.894,1.655,2.341,2.984,3.580,1.891,1.619,2.248,2.942,3.633,1.897,7.096,1.451,0.500,7.166,1.406,0.489,1.858,191.136,98.884
SYN-000061,2025-01-03T12:00:00+07:00,2.692,278.870,3.294,821.060,0.543,0,30.969,0,1.943,0,32.085,0,40.482,29.265,35.520,65.782,41.180,30.851,35.844,66.389,42.810,30.859,36.101,70.125,7.050,34.997,0.283,32.268,204.960,94.538,7.143,13.519,14.854,13.238,2.101,1.574,2.283,2.948,3.606,2.059,1.638,2.279,3.001,3.650,2.143,7.228,1.514,0.509,7.133,1.502,0.446,2.023,202.390,96.936
SYN-000062,2025-01-03T13:00:00+07:00,2.808,268.206,3.294,794.708,1.392,0,31.544,0,0,0,31.795,0,39.016,28.911,35.038,61.084,40.513,28.471,35.900,64.273,40.158,29.170,35.591,63.795,7.253,24.651,0.276,28.405,203.357,89.700,7.363,9.371,14.283,9.664,1.473,1.611,2.293,2.970,3.624,1.415,1.584,2.298,2.946,3.670,1.530,7.075,0.976,0.418,7.224,0.985,0.422,2.193,201.456,88.399
SYN-000063,2025-01-03T14:00:00+07:00,2.734,272.729,3.310,774.344,1.123,0,31.332,0,0,0,31.201,0,38.688,27.044,35.011,62.997,39.978,27.552,35.963,65.058,37.807,28.259,35.821,59.592,7.082,30.185,0.276,27.358,225.862,102.727,7.027,10.809,11.786,10.653,1.578,1.689,2.324,2.985,3.646,1.456,1.622,2.318,2.927,3.637,1.701,7.056,1.167,0.478,7.157,1.174,0.424,2.027,217.431,99.451
SYN-000064,2025-01-03T15:00:00+07:00,2.733,279.797,3.317,807.060,0,0,32.154,0,0.088,0,31.398,0,38.530,26.738,35.537,65.821,37.291,25.150,34.610,59.237,38.648,27.373,35.140,59.737,7.062,37.040,0.279,32.362,221.598,105.184,7.122,13.939,12.623,14.564,2.241,1.602,2.294,2.906,3.576,2.162,1.695,2.323,2.934,3.561,2.320,7.102,1.561,0.423,6.988,1.540,0.469,1.771,223.848,105.664
SYN-000065,2025-01-03T16:00:00+07:00,2.612,277.854,3.288,770.335,0,0,30.947,0,37.756,26.508,35.307,57.028,37.182,24.689,35.436,57.754,37.735,26.498,35.421,59.282,0,0,31.041,0,7.022,29.518,0.280,27.832,219.772,98.356,6.934,10.031,11.881,9.681,1.772,1.736,2.291,3.031,3.591,1.728,1.646,2.321,2.922,3.605,1.816,7.038,1.153,0.480,7.118,1.130,0.356,1.940,220.194,97.032
SYN-000066,2025-01-03T17:00:00+07:00,2.686,279.689,3.314,780.750,1.338,0,31.352,0,36.013,24.709,35.807,56.386,37.193,27.144,35.034,61.035,36.575,28.247,35.079,58.240,0,0,31.348,0,7.091,30.795,0.305,31.103,199.045,95.035,7.182,10.800,12.576,10.618,1.746,1.726,2.316,2.850,3.625,1.886,1.659,2.266,3.009,3.583,1.606,7.133,1.306,0.519,7.092,1.291,0.442,2.507,197.084,93.679
SYN-000067,2025-01-03T18:00:00+07:00,2.642,275.723,3.304,751.744,0,0,31.373,0,37.127,27.321,35.764,58.604,37.315,26.838,35.235,60.821,38.117,27.398,35.117,62.346,0.429,0,30.871,0,7.038,30.175,0.294,28.753,224.002,92.788,6.990,11.595,11.802,11.399,1.814,1.683,2.304,2.893,3.571,1.705,1.619,2.278,2.901,3.526,1.924,7.100,1.244,0.414,7.229,1.258,0.388,2.211,231.820,91.353
SYN-000068,2025-01-03T19:00:00+07:00,2.652,280.343,3.281,788.888,0,0,31.748,0,37.132,26.482,35.405,56.272,36.949,26.415,35.930,59.125,37.039,28.058,35.349,59.016,1.441,0,31.648,0,7.059,33.838,0.311,33.547,198.235,96.771,6.984,13.185,14.224,13.668,2.187,1.587,2.294,2.984,3.595,1.988,1.683,2.326,2.874,3.588,2.386,7.174,1.665,0.461,7.107,1.705,0.466,2.148,204.307,98.600
SYN-000069,2025-01-03T20:00:00+07:00,2.681,274.936,3.259,750.276,0,0,31.456,0,38.191,24.524,34.680,63.819,36.566,25.749,35.083,56.818,38.073,27.588,35.566,62.762,0.977,0,31.582,0,7.016,35.262,0.299,31.557,204.525,90.820,7.002,12.482,13.226,12.515,2.056,1.670,2.368,2.949,3.605,1.867,1.631,2.266,2.925,3.537,2.246,7.170,1.460,0.431,7.051,1.468,0.515,1.995,197.057,92.560
SYN-000070,2025-01-03T21:00:00+07:00,2.681,274.639,3.235,774.122,0.878,0,32.078,0,38.240,28.043,35.421,58.202,37.881,27.754,34.984,61.127,37.843,27.958,35.425,60.821,0,0,31.918,0,7.037,24.692,0.292,31.231,175.695,95.157,6.990,8.469,13.369,8.722,1.428,1.628,2.267,2.972,3.634,1.437,1.595,2.347,2.932,3.580,1.420,7.157,1.111,0.415,7.216,1.106,0.490,2.760,177.386,97.252
SYN-000071,2025-01-03T22:00:00+07:00,2.608,284.092,3.283,781.020,0,0,31.510,0,39.323,27.532,35.479,64.545,39.194,28.969,36.036,61.397,39.566,28.158,36.020,60.443,0.659,0,31.427,0,7.090,32.495,0.253,31.166,201.198,95.779,7.091,12.428,13.825,12.023,2.070,1.631,2.317,2.899,3.545,1.966,1.601,2.215,2.912,3.637,2.175,7.090,1.578,0.493,7.195,1.594,0.488,2.538,207.734,97.957
SYN-000072,2025-01-03T23:00:00+07:00,2.588,278.423,3.295,815.715,0.771,0,30.737,0,40.634,27.017,35.311,68.310,38.284,28.199,35.357,59.811,38.904,29.108,35.912,65.272,0.492,0,30.893,0,6.959,33.268,0.299,31.099,181.630,97.505,6.986,10.574,12.586,10.688,1.659,1.648,2.300,2.983,3.536,1.704,1.625,2.262,3.002,3.607,1.613,7.110,1.215,0.555,7.109,1.226,0.470,1.959,179.954,95.365
SYN-000073,2025-01-04T00:00:00+07:00,2.589,272.206,3.274,820.429,41.203,29.940,35.289,65.118,41.871,26.341,35.708,68.516,41.533,30.553,35.707,64.693,0.133,0,31.703,0,1.030,0,31.655,0,7.136,31.283,0.264,35.096,204.333,89.403,7.151,11.489,15.849,10.527,1.924,1.654,2.248,2.957,3.591,1.894,1.668,2.231,2.979,3.579,1.954,7.173,1.353,0.490,7.135,1.394,0.448,3.493,207.330,90.889
SYN-000074,2025-01-04T01:00:00+07:00,2.520,282.708,3.231,804.666,43.928,29.563,36.628,71.408,41.720,30.833,35.777,65.968,41.679,28.173,35.860,66.728,0.862,0,31.394,0,0,0,31.419,0,6.992,27.317,0.267,29.464,207.463,98.226,6.988,11.814,11.981,12.110,1.985,1.674,2.302,2.940,3.584,1.967,1.660,2.360,2.936,3.577,2.003,7.077,1.639,0.576,7.147,1.625,0.470,1.258,212.146,97.621
SYN-000075,2025-01-04T02:00:00+07:00,2.630,278.039,3.239,832.025,42.567,29.809,35.772,70.944,44.132,31.759,35.704,71.284,43.639,30.118,36.248,63.658,0,0,31.140,0,0,0,31.514,0,7.109,30.110,0.257,31.789,197.163,90.425,7.144,10.493,14.955,10.452,1.896,1.693,2.293,2.990,3.637,1.616,1.633,2.340,2.981,3.511,2.177,7.209,1.319,0.542,7.174,1.254,0.454,1.445,194.320,88.349
SYN-000076,2025-01-04T03:00:00+07:00,2.591,274.082,3.262,834.943,43.449,30.728,36.769,70.876,44.569,30.168,35.420,73.109,43.104,29.338,35.645,68.576,0.488,0,31.353,0,0.815,0,31.174,0,7.166,29.169,0.272,31.761,196.278,96.725,7.122,10.973,14.819,11.234,1.834,1.601,2.305,2.923,3.656,1.931,1.588,2.195,2.930,3.511,1.738,7.151,1.322,0.500,7.095,1.305,0.524,2.776,196.584,96.570
SYN-000077,2025-01-04T04:00:00+07:00,2.557,265.852,3.213,842.385,43.955,30.861,36.588,65.120,44.372,31.221,36.963,71.665,46.231,33.671,36.620,71.400,0,0,31.568,0,0,0,31.337,0,6.976,28.352,0.269,28.802,195.029,97.248,6.913,11.291,12.072,11.772,2.000,1.632,2.320,2.966,3.590,1.947,1.719,2.397,3.008,3.682,2.053,7.055,1.491,0.419,7.185,1.484,0.450,1.128,204.478,98.140
SYN-000078,2025-01-04T05:00:00+07:00,2.554,273.792,3.240,836.792,46.002,33.159,36.077,73.672,44.062,30.181,35.813,68.590,44.394,31.138,35.558,73.594,0,0,31.256,0,0,0,31.326,0,7.146,28.028,0.281,30.252,198.703,88.186,7.142,9.324,12.200,9.428,1.442,1.643,2.216,2.948,3.679,1.461,1.657,2.261,2.971,3.674,1.423,7.050,1.047,0.473,7.160,1.078,0.474,2.407,199.033,89.820
SYN-000079,2025-01-04T06:00:00+07:00,2.530,274.860,3.191,849.646,43.890,30.640,35.798,75.778,43.725,31.910,35.819,69.241,44.490,31.020,36.585,67.627,0,0,31.121,0,0,0,31.422,0,7.007,29.653,0.239,31.436,202.188,91.942,6.984,8.520,14.085,9.052,1.400,1.672,2.314,2.878,3.540,1.439,1.620,2.278,2.991,3.597,1.360,7.197,1.044,0.499,7.151,1.006,0.489,2.317,199.542,93.723
SYN-000080,2025-01-04T07:00:00+07:00,2.482,289.729,3.249,868.954,44.751,30.771,36.194,72.529,45.013,30.978,37.292,71.833,44.918,30.934,35.643,71.719,0,0,31.125,0,0,0,32.436,0,6.922,28.172,0.292,31.180,207.057,95.288,6.896,10.515,15.418,10.836,1.624,1.661,2.261,2.914,3.626,1.584,1.586,2.268,3.051,3.636,1.663,7.184,1.179,0.420,7.118,1.166,0.486,1.881,208.138,96.976
SYN-000081,2025-01-04T08:00:00+07:00,2.516,277.543,3.217,830.096,44.734,30.196,35.588,73.468,44.984,31.754,36.738,73.020,1.038,0,30.844,0,0.794,0,30.785,0,45.808,30.310,36.035,71.995,6.956,31.802,0.297,31.814,211.558,103.477,6.975,13.176,13.109,13.062,2.104,1.736,2.276,2.874,3.618,2.175,1.659,2.240,2.984,3.572,2.033,7.086,1.430,0.508,7.110,1.378,0.405,2.280,218.192,101.985
SYN-000082,2025-01-04T09:00:00+07:00,2.521,285.522,3.197,804.391,43.101,30.826,35.402,67.795,44.672,29.865,35.769,74.367,0.237,0,31.361,0,0,0,31.167,0,44.361,30.470,36.349,70.114,6.990,26.886,0.273,28.360,217.990,95.984,7.018,9.342,12.772,9.517,1.556,1.693,2.366,2.953,3.559,1.464,1.669,2.257,2.995,3.614,1.648,7.185,1.178,0.530,7.081,1.238,0.487,2.461,216.435,95.054
SYN-000083,2025-01-04T10:00:00+07:00,2.432,282.939,3.191,818.723,43.249,29.370,35.725,72.337,40.612,29.403,36.276,63.967,0.727,0,31.409,0,0,0,32.093,0,44.214,29.165,36.308,70.392,7.053,24.705,0.253,27.275,212.258,98.267,7.013,9.840,11.715,9.863,1.618,1.668,2.270,2.912,3.650,1.643,1.678,2.386,2.948,3.673,1.593,7.141,1.193,0.431,7.207,1.254,0.421,1.441,205.234,95.729
SYN-000084,2025-01-04T11:00:00+07:00,2.479,277.355,3.196,856.108,41.880,30.170,35.733,64.408,41.241,27.563,36.133,66.775,0,0,31.636,0,0.914,0,31.911,0,42.084,29.413,35.953,62.424,7.059,27.274,0.275,25.806,213.011,95.145,6.958,9.306,12.627,9.349,1.630,1.642,2.303,2.989,3.610,1.690,1.648,2.248,2.929,3.616,1.571,7.132,1.112,0.459,7.093,1.072,0.480,1.891,211.826,92.857
SYN-000085,2025-01-04T12:00:00+07:00,2.406,276.015,3.220,809.104,40.797,30.579,34.857,63.483,40.358,28.737,35.461,65.382,0.510,0,31.451,0,0.486,0,31.491,0,40.406,29.673,34.820,64.997,6.964,27.364,0.319,29.229,205.370,97.237,7.004,10.041,12.516,9.848,1.810,1.588,2.265,2.987,3.609,1.843,1.592,2.328,2.935,3.627,1.778,7.244,1.402,0.474,7.183,1.325,0.501,1.584,203.614,93.942
SYN-000086,2025-01-04T13:00:00+07:00,2.470,278.375,3.177,834.008,40.298,28.829,34.911,65.706,39.857,28.877,34.917,65.118,0.187,0,31.487,0,0.659,0,32.014,0,39.497,28.282,35.413,64.228,6.999,28.497,0.318,31.026,203.648,100.769,7.000,11.035,11.145,11.287,1.794,1.680,2.285,3.020,3.627,1.608,1.619,2.340,3.009,3.592,1.981,7.125,1.368,0.405,7.191,1.352,0.446,1.288,207.893,100.919
SYN-000087,2025-01-04T14:00:00+07:00,2.429,283.436,3.187,792.312,39.361,29.272,35.151,62.654,39.916,27.985,34.722,63.305,1.260,0,30.963,0,0,0,31.151,0,38.278,28.960,35.796,61.630,7.087,25.478,0.320,30.216,201.267,87.392,7.119,10.512,13.444,10.855,1.743,1.662,2.272,2.952,3.632,1.751,1.627,2.222,2.963,3.564,1.735,7.210,1.357,0.449,7.215,1.387,0.387,2.049,203.850,89.155
SYN-000088,2025-01-04T15:00:00+07:00,2.336,274.449,3.206,802.488,38.310,28.140,35.881,59.931,38.592,26.477,34.452,62.456,0.078,0,30.764,0,0.935,0,31.525,0,38.087,26.740,35.051,61.475,7.086,31.451,0.308,34.052,200.155,94.318,7.099,10.633,14.017,10.596,1.676,1.720,2.351,3.004,3.551,1.560,1.603,2.360,2.905,3.570,1.791,7.148,1.244,0.458,7.067,1.306,0.522,2.174,204.787,93.083
SYN-000089,2025-01-04T16:00:00+07:00,2.381,281.413,3.202,800.449,38.418,26.368,35.063,58.841,0.183,0,31.131,0,1.617,0,30.974,0,36.781,26.188,35.247,60.039,37.700,26.228,34.857,60.248,7.145,27.626,0.355,30.088,218.604,109.055,7.269,10.242,11.902,10.910,1.650,1.716,2.283,2.949,3.557,1.565,1.643,2.339,2.915,3.545,1.736,7.146,1.174,0.553,7.170,1.095,0.454,1.871,217.542,108.753
SYN-000090,2025-01-04T17:00:00+07:00,2.386,275.384,3.164,764.070,37.882,27.649,35.067,63.973,0,0,31.856,0,0,0,31.365,0,37.809,26.647,35.672,58.422,37.020,28.712,34.252,58.082,6.974,20.024,0.268,24.444,211.367,100.178,6.939,6.018,9.476,6.212,1.047,1.768,2.279,2.940,3.619,0.976,1.564,2.287,2.965,3.544,1.118,7.125,0.621,0.507,7.112,0.663,0.433,1.511,207.202,97.980
SYN-000091,2025-01-04T18:00:00+07:00,2.330,280.318,3.194,778.474,36.153,25.881,35.089,57.480,0,0,31.405,0,0.134,0,31.876,0,36.477,25.590,35.538,59.144,36.936,25.843,35.221,59.645,7.064,27.585,0.288,28.952,200.822,87.026,7.093,10.988,13.831,10.997,1.834,1.602,2.249,2.992,3.672,1.889,1.663,2.266,3.017,3.640,1.778,7.082,1.281,0.476,7.128,1.312,0.413,2.196,205.268,84.793
SYN-000092,2025-01-04T19:00:00+07:00,2.331,286.360,3.191,763.491,37.905,26.494,35.069,58.708,0,0,31.947,0,0,0,32.184,0,36.960,27.738,35.524,62.102,38.619,26.730,35.876,63.315,7.150,26.254,0.257,26.099,192.040,98.154,7.124,9.874,10.397,9.762,1.701,1.743,2.323,2.967,3.491,1.535,1.661,2.313,2.963,3.594,1.866,7.129,1.306,0.513,7.250,1.328,0.480,1.288,189.572,95.860
SYN-000093,2025-01-04T20:00:00+07:00,2.320,283.399,3.178,796.919,36.745,27.658,34.872,59.082,0,0,31.592,0,0.616,0,31.254,0,37.498,26.062,35.607,61.568,38.692,28.514,35.372,63.525,7.038,25.902,0.288,29.184,225.126,93.768,6.994,9.551,12.290,9.540,1.595,1.683,2.332,2.981,3.529,1.657,1.690,2.393,3.011,3.638,1.532,7.084,1.209,0.426,7.215,1.221,0.519,2.146,229.485,95.381
SYN-000094,2025-01-04T21:00:00+07:00,2.366,271.150,3.190,786.868,36.592,26.054,34.702,58.043,0,0,31.469,0,0,0,32.452,0,38.041,27.800,35.498,63.077,38.248,27.724,35.597,57.187,7.122,24.321,0.227,29.957,210.177,100.135,7.120,7.650,14.393,6.947,1.210,1.682,2.292,2.968,3.646,1.399,1.681,2.295,2.895,3.567,1.021,7.078,0.849,0.416,7.224,0.857,0.455,2.037,202.703,100.955
SYN-000095,2025-01-04T22:00:00+07:00,2.290,274.374,3.184,790.655,38.783,27.220,34.888,61.933,0.162,0,32.280,0,1.200,0,31.017,0,39.363,27.978,35.281,64.027,38.983,28.578,35.240,62.661,7.068,23.000,0.257,29.861,201.420,97.634,6.938,7.624,13.661,7.440,1.234,1.564,2.279,2.958,3.615,1.136,1.729,2.344,3.045,3.581,1.331,7.148,0.969,0.480,7.123,0.896,0.498,2.202,204.605,98.860
SYN-000096,2025-01-04T23:00:00+07:00,2.368,269.957,3.160,792.162,41.168,29.183,35.185,66.679,0.398,0,31.306,0,0.818,0,30.954,0,40.401,27.604,35.212,62.843,39.929,28.770,35.587,63.271,7.032,25.612,0.287,28.403,209.204,102.595,7.020,9.551,11.616,9.546,1.602,1.677,2.354,2.952,3.579,1.351,1.684,2.342,2.946,3.630,1.854,7.143,1.071,0.409,7.101,1.117,0.422,2.015,208.563,104.224
SYN-000097,2025-01-05T00:00:00+07:00,2.297,282.836,3.115,782.620,0.404,0,31.206,0,0.719,0,31.486,0,41.370,30.040,35.818,68.205,39.498,27.180,35.243,64.195,42.290,32.044,35.847,71.782,7.045,23.689,0.240,28.272,195.832,98.404,7.037,9.169,11.227,9.136,1.719,1.622,2.326,2.923,3.603,1.714,1.613,2.294,2.986,3.659,1.725,7.076,1.136,0.495,7.088,1.116,0.525,1.588,205.721,98.352
SYN-000098,2025-01-05T01:00:00+07:00,2.269,279.080,3.111,828.283,1.051,0,31.433,0,0.291,0,31.718,0,43.122,30.110,36.428,65.490,41.970,29.548,35.974,65.007,43.522,30.440,35.898,67.564,7.175,24.634,0.201,24.731,220.917,95.962,7.281,7.334,11.741,6.595,1.345,1.690,2.294,2.944,3.580,1.387,1.606,2.325,2.954,3.615,1.303,7.167,0.912,0.445,7.139,0.861,0.566,1.749,218.347,95.317
SYN-000099,2025-01-05T02:00:00+07:00,2.261,273.735,3.151,800.722,0.114,0,31.076,0,0.185,0,31.603,0,41.860,28.674,35.741,65.887,42.784,30.355,36.136,65.953,42.647,29.349,35.590,68.928,6.937,24.421,0.302,26.081,215.310,96.243,6.913,8.744,10.172,8.525,1.526,1.649,2.326,2.929,3.633,1.484,1.667,2.236,3.003,3.597,1.567,7.168,1.079,0.463,7.138,1.041,0.449,2.396,220.219,98.097
SYN-000100,2025-01-05T03:00:00+07:00,2.300,279.915,3.114,823.205,0.293,0,32.251,0,1.583,0,30.665,0,44.024,31.896,35.002,69.880,43.327,30.399,35.679,71.760,43.487,31.345,35.985,68.508,7.053,22.095,0.355,30.345,216.820,97.847,7.050,9.078,12.011,9.373,1.394,1.588,2.390,2.927,3.587,1.356,1.670,2.360,2.937,3.645,1.432,7.156,0.944,0.508,7.143,0.950,0.411,1.966,210.883,98.375
SYN-000101,2025-01-05T04:00:00+07:00,2.251,288.751,3.089,838.272,1.229,0,31.071,0,0,0,31.879,0,44.964,32.588,35.550,73.123,43.534,29.626,35.287,65.018,44.717,29.953,35.865,69.961,7.027,24.746,0.223,24.119,202.594,103.119,7.140,9.449,10.462,9.451,1.559,1.636,2.292,2.997,3.664,1.567,1.639,2.308,2.949,3.640,1.550,7.063,1.167,0.473,7.194,1.153,0.440,0.942,204.953,105.958
SYN-000102,2025-01-05T05:00:00+07:00,2.282,271.038,3.121,848.095,0,0,31.937,0,0.852,0,31.842,0,45.856,31.261,35.639,70.060,44.411,29.833,35.932,72.353,44.089,31.374,35.837,71.935,7.054,24.839,0.291,28.906,223.921,93.484,7.047,6.530,13.373,6.715,1.029,1.652,2.296,2.945,3.670,1.010,1.613,2.293,2.887,3.560,1.048,7.167,0.701,0.441,7.156,0.775,0.508,2.297,219.805,92.465
SYN-000103,2025-01-05T06:00:00+07:00,2.198,279.917,3.113,814.263,0.823,0,32.154,0,0,0,30.936,0,45.403,29.598,37.085,73.048,45.521,31.151,36.102,72.660,43.229,29.555,36.281,67.681,7.202,21.904,0.319,23.971,228.089,94.835,7.092,6.325,12.413,6.198,1.021,1.668,2.231,2.974,3.668,0.877,1.618,2.373,2.933,3.587,1.165,7.174,0.639,0.506,7.095,0.619,0.476,1.692,230.725,90.914
SYN-000104,2025-01-05T07:00:00+07:00,2.250,290.701,3.137,850.423,0.374,0,31.760,0,0.290,0,32.201,0,45.502,33.113,35.480,72.337,45.050,32.529,36.168,69.603,45.617,31.749,35.392,75.474,7.172,22.453,0.324,29.613,213.059,97.906,7.186,8.571,12.606,8.211,1.424,1.723,2.297,3.001,3.584,1.350,1.689,2.279,2.968,3.623,1.497,7.150,1.082,0.453,7.126,1.168,0.435,2.286,205.363,99.580
SYN-000105,2025-01-05T08:00:00+07:00,2.185,285.706,3.080,843.598,0.704,0,31.212,0,43.791,28.500,36.079,73.811,45.685,31.308,37.043,74.163,43.518,30.115,35.940,69.102,0.915,0,31.719,0,6.993,23.473,0.286,30.294,197.527,102.974,6.908,7.445,14.000,7.210,1.225,1.563,2.389,2.981,3.625,0.978,1.704,2.236,2.942,3.572,1.473,7.149,0.963,0.479,7.168,0.966,0.492,2.541,206.466,101.962
SYN-000106,2025-01-05T09:00:00+07:00,2.248,275.218,3.094,840.840,0,0,31.590,0,44.766,30.537,36.752,70.513,42.904,30.632,35.309,68.902,41.773,28.922,35.200,68.510,0,0,31.577,0,7.061,29.134,0.270,30.942,199.735,99.249,7.086,9.837,14.378,10.709,1.691,1.686,2.319,2.946,3.669,1.614,1.647,2.312,2.901,3.649,1.767,7.153,1.296,0.485,7.208,1.309,0.413,1.670,195.132,98.827
SYN-000107,2025-01-05T10:00:00+07:00,2.170,271.290,3.153,827.390,0,0,31.298,0,44.349,31.851,36.005,71.773,43.562,30.255,35.963,72.681,43.333,29.808,36.142,67.075,0.232,0,31.542,0,6.927,20.438,0.252,26.625,217.236,103.877,6.926,6.270,12.386,6.321,1.073,1.640,2.290,2.960,3.509,0.846,1.672,2.309,2.962,3.608,1.301,7.161,0.796,0.483,7.091,0.793,0.477,2.058,218.956,102.229
SYN-000108,2025-01-05T11:00:00+07:00,2.228,276.658,3.111,818.456,0,0,31.409,0,41.516,29.287,36.189,61.972,41.713,28.137,35.630,68.351,42.029,31.405,36.518,64.158,0.987,0,31.176,0,7.065,20.123,0.313,28.148,204.116,95.053,7.079,6.486,11.562,6.412,0.818,1.715,2.288,2.939,3.668,0.829,1.612,2.259,2.954,3.616,0.808,7.215,0.593,0.487,7.226,0.571,0.419,2.401,211.463,92.664
SYN-000109,2025-01-05T12:00:00+07:00,2.116,279.815,3.105,775.817,0.662,0,32.045,0,41.374,30.153,35.417,67.268,41.985,29.000,35.348,66.295,39.772,28.889,35.374,61.704,0,0,31.502,0,7.138,21.012,0.246,28.468,190.933,96.247,7.124,6.562,12.664,6.319,1.129,1.698,2.321,2.887,3.553,0.899,1.597,2.369,2.946,3.625,1.359,7.191,0.862,0.390,7.134,0.807,0.570,2.000,196.400,97.475
SYN-000110,2025-01-05T13:00:00+07:00,2.090,287.111,3.117,806.115,1.040,0,30.665,0,39.114,28.467,35.291,65.595,38.928,26.919,35.661,63.748,40.623,28.288,34.920,69.054,0,0,30.820,0,6.961,27.274,0.207,28.387,191.846,97.625,6.897,9.411,11.148,9.028,1.683,1.631,2.364,3.030,3.520,1.531,1.673,2.304,2.974,3.509,1.836,7.151,1.230,0.507,7.238,1.233,0.464,2.201,196.322,99.033
SYN-000111,2025-01-05T14:00:00+07:00,2.207,290.387,3.037,790.448,0.202,0,31.377,0,40.289,28.859,35.618,63.864,38.778,26.160,35.751,64.505,39.128,29.624,35.673,64.669,0,0,31.903,0,7.055,17.002,0.252,25.050,216.398,100.244,7.040,5.899,11.747,5.758,0.884,1.637,2.422,2.984,3.571,0.830,1.626,2.361,2.999,3.617,0.938,7.237,0.655,0.508,7.133,0.688,0.428,1.614,210.985,97.155
SYN-000112,2025-01-05T15:00:00+07:00,2.107,277.207,3.080,824.765,0,0,31.612,0,37.884,27.857,34.820,60.793,38.437,26.665,35.033,59.453,38.468,27.781,35.593,57.388,1.049,0,31.561,0,7.097,21.882,0.311,26.549,228.236,94.442,7.112,7.784,10.447,8.332,1.326,1.696,2.363,2.944,3.519,1.353,1.689,2.376,2.960,3.562,1.299,7.041,0.988,0.416,7.215,0.970,0.373,1.388,229.052,96.713
SYN-000113,2025-01-05T16:00:00+07:00,2.107,274.741,3.091,779.048,37.223,25.789,35.940,62.149,38.597,26.858,34.596,65.195,38.217,27.580,34.620,60.264,0,0,31.328,0,0.140,0,31.153,0,6.937,20.811,0.253,29.325,224.441,85.221,6.971,9.362,11.772,10.191,1.478,1.708,2.350,2.875,3.582,1.403,1.628,2.307,2.883,3.671,1.553,7.124,1.051,0.472,7.271,0.996,0.397,1.736,226.713,86.031
SYN-000114,2025-01-05T17:00:00+07:00,2.175,283.814,3.082,799.049,36.475,26.410,35.102,55.871,36.774,27.279,35.175,59.784,37.127,26.044,34.772,63.212,0.683,0,31.046,0,0,0,31.460,0,6.947,16.808,0.299,26.659,199.439,101.876,6.981,6.735,10.943,7.252,1.139,1.644,2.328,2.968,3.611,0.933,1.644,2.270,2.983,3.535,1.345,7.165,0.872,0.447,7.055,0.859,0.503,1.405,208.230,102.341
SYN-000115,2025-01-05T18:00:00+07:00,2.119,279.316,3.110,790.645,36.976,25.604,34.447,57.494,38.010,26.568,34.904,59.917,37.928,26.951,35.054,60.361,0.036,0,31.375,0,0,0,31.154,0,6.975,22.641,0.298,27.556,222.796,100.346,6.889,7.493,11.064,6.977,1.257,1.669,2.248,2.994,3.628,1.207,1.608,2.238,2.947,3.609,1.307,7.134,0.800,0.458,7.128,0.818,0.464,2.516,217.523,100.026
SYN-000116,2025-01-05T19:00:00+07:00,2.116,277.832,3.076,792.625,37.157,28.649,35.607,59.488,38.437,26.295,35.194,63.386,36.524,25.440,35.185,57.365,0,0,30.646,0,0.383,0,32.141,0,7.111,17.191,0.306,26.828,212.606,99.244,7.162,5.605,11.146,4.934,1.062,1.633,2.258,2.943,3.677,1.135,1.682,2.248,2.890,3.614,0.990,7.205,0.829,0.469,7.176,0.789,0.437,1.425,209.448,105.217
SYN-000117,2025-01-05T20:00:00+07:00,2.109,282.026,3.090,790.500,36.862,27.928,34.947,62.211,38.330,26.414,35.356,62.818,36.165,25.810,36.116,56.881,0.496,0,31.105,0,0,0,31.672,0,7.117,20.589,0.264,26.483,212.491,96.476,7.182,7.090,10.094,5.547,1.219,1.616,2.358,2.976,3.526,1.023,1.682,2.355,2.958,3.659,1.415,7.172,0.950,0.472,7.119,0.939,0.438,2.016,204.449,92.522
SYN-000118,2025-01-05T21:00:00+07:00,2.155,278.674,3.081,799.025,38.206,28.946,35.564,62.328,39.170,29.226,35.926,59.189,38.590,28.267,35.274,58.592,0.572,0,31.715,0,0,0,32.164,0,7.015,20.671,0.355,26.960,195.492,97.495,6.984,6.842,11.619,6.663,1.286,1.655,2.295,2.985,3.598,1.289,1.613,2.260,2.921,3.592,1.283,7.144,0.907,0.444,7.080,0.863,0.509,2.147,185.125,101.359
SYN-000119,2025-01-05T22:00:00+07:00,2.080,268.108,3.090,803.118,37.736,27.867,35.162,57.714,39.658,27.250,34.790,62.790,38.881,29.090,34.955,59.447,0,0,31.404,0,0.047,0,31.933,0,7.120,25.639,0.266,30.051,212.007,99.490,7.194,8.772,13.199,8.275,1.536,1.607,2.246,2.952,3.579,1.378,1.639,2.349,2.933,3.581,1.693,7.234,1.081,0.504,7.106,1.090,0.372,2.345,210.052,97.692
SYN-000120,2025-01-05T23:00:00+07:00,2.119,267.038,3.089,833.455,39.942,28.639,35.855,64.400,40.420,28.127,35.999,65.075,39.841,28.829,34.704,63.739,0,0,31.723,0,0.934,0,31.522,0,7.235,20.636,0.263,26.364,215.765,94.813,7.288,6.856,13.193,7.028,1.035,1.630,2.320,2.965,3.613,0.972,1.666,2.302,2.969,3.665,1.098,7.060,0.860,0.464,7.138,0.886,0.429,2.215,217.010,91.182
SYN-000121,2025-01-06T00:00:00+07:00,2.156,279.829,3.099,808.895,40.718,28.194,35.618,62.389,41.252,32.046,35.381,66.949,0,0,32.254,0,0,0,31.761,0,40.709,27.976,35.899,63.145,7.069,22.024,0.244,30.307,227.387,106.537,7.129,6.495,14.026,6.526,0.916,1.652,2.268,2.922,3.673,0.954,1.648,2.224,2.930,3.524,0.877,7.132,0.620,0.485,7.139,0.627,0.427,1.785,225.924,107.297
SYN-000122,2025-01-06T01:00:00+07:00,2.104,269.766,3.042,833.622,41.796,28.176,35.708,66.980,40.785,28.340,35.532,68.435,0.823,0,31.140,0,0,0,30.511,0,41.121,29.087,35.813,65.792,7.003,20.047,0.278,23.655,219.519,90.242,6.936,8.783,11.276,9.645,1.604,1.612,2.226,3.034,3.612,1.685,1.610,2.351,2.936,3.467,1.522,7.029,1.248,0.522,7.228,1.235,0.446,1.814,225.843,90.355
SYN-000123,2025-01-06T02:00:00+07:00,2.156,278.443,3.061,828.838,43.487,31.160,35.776,67.377,42.997,31.683,36.471,69.957,1.223,0,31.449,0,0.656,0,31.271,0,42.657,30.792,35.538,70.581,7.054,20.155,0.267,26.159,204.499,91.960,7.121,6.876,11.445,7.225,1.041,1.628,2.342,2.918,3.572,0.964,1.615,2.276,2.941,3.549,1.117,7.172,0.762,0.466,7.139,0.735,0.569,1.328,203.552,89.374
SYN-000124,2025-01-06T03:00:00+07:00,2.082,279.970,3.086,854.917,42.103,28.678,35.525,68.245,43.204,28.706,35.163,69.598,0,0,31.513,0,0,0,31.844,0,42.559,27.782,35.538,69.823,7.186,15.723,0.260,26.820,188.518,103.449,7.099,4.765,10.971,4.644,0.857,1.643,2.353,2.926,3.590,0.970,1.605,2.295,2.975,3.465,0.744,7.203,0.732,0.474,7.173,0.737,0.483,1.331,184.646,103.926
SYN-000125,2025-01-06T04:00:00+07:00,2.158,278.448,3.071,859.699,45.373,32.492,36.196,73.286,44.000,28.898,36.120,68.839,0,0,31.742,0,0,0,31.689,0,45.468,30.000,35.657,75.363,6.981,17.201,0.268,23.083,214.375,97.717,6.908,6.836,10.931,5.965,1.031,1.659,2.256,2.976,3.568,1.069,1.627,2.289,2.986,3.567,0.994,7.222,0.702,0.501,7.197,0.709,0.469,2.163,200.513,95.363
SYN-000126,2025-01-06T05:00:00+07:00,2.062,274.337,3.067,837.350,44.665,31.112,35.096,72.446,45.161,32.207,35.896,74.482,0,0,31.420,0,0.519,0,32.048,0,44.099,30.985,36.086,73.550,7.253,18.227,0.313,27.741,211.432,104.915,7.318,6.219,13.133,6.642,0.774,1.704,2.409,3.069,3.645,0.844,1.717,2.299,2.940,3.589,0.705,7.144,0.547,0.523,7.160,0.450,0.455,2.748,211.200,102.258
SYN-000127,2025-01-06T06:00:00+07:00,2.079,277.406,3.101,831.870,44.211,31.709,36.330,73.445,43.914,27.217,35.367,71.429,0.498,0,31.993,0,0,0,31.292,0,46.247,32.436,36.009,73.997,6.939,17.292,0.317,28.623,205.558,93.837,6.899,7.236,12.072,7.834,1.175,1.662,2.235,2.834,3.600,0.924,1.569,2.265,2.971,3.577,1.426,7.169,0.761,0.480,7.155,0.770,0.485,2.407,204.011,92.600
SYN-000128,2025-01-06T07:00:00+07:00,2.117,271.769,3.055,844.489,45.597,31.311,36.517,73.734,44.646,30.443,36.345,71.205,0.763,0,31.392,0,0,0,30.623,0,44.790,31.278,35.559,72.339,7.016,18.161,0.296,27.143,205.956,99.818,7.058,6.950,13.895,7.117,1.064,1.629,2.259,2.935,3.628,1.032,1.598,2.235,2.901,3.587,1.096,7.189,0.832,0.541,7.076,0.885,0.413,2.378,206.178,100.079
SYN-000129,2025-01-06T08:00:00+07:00,2.032,270.821,3.078,855.582,44.910,29.616,35.805,72.948,0,0,31.123,0,0,0,31.218,0,45.461,30.386,35.972,69.903,44.992,30.419,35.377,70.224,7.048,18.837,0.288,27.001,216.805,94.122,7.039,7.262,10.447,7.650,1.120,1.568,2.303,2.951,3.661,1.039,1.667,2.283,2.974,3.638,1.201,7.198,0.712,0.482,7.171,0.714,0.467,2.039,217.230,88.104
SYN-000130,2025-01-06T09:00:00+07:00,2.085,262.580,3.044,825.016,45.112,31.626,36.692,71.697,0.479,0,31.258,0,0.340,0,31.085,0,43.567,30.945,35.728,70.309,43.430,29.413,35.812,68.640,7.104,18.681,0.304,28.062,206.344,103.311,7.078,8.340,10.948,8.437,1.367,1.752,2.354,2.926,3.600,1.452,1.621,2.271,2.954,3.591,1.282,7.079,0.963,0.459,7.192,0.939,0.487,1.606,211.684,107.256
SYN-000131,2025-01-06T10:00:00+07:00,2.163,267.905,3.037,851.900,42.732,31.007,35.737,69.553,0,0,31.206,0,0,0,31.564,0,42.941,30.558,36.041,70.698,41.239,29.046,35.590,67.827,6.980,19.039,0.286,22.262,210.009,102.728,7.019,5.403,10.796,5.540,0.978,1.629,2.397,2.966,3.548,1.005,1.720,2.284,2.955,3.576,0.950,7.070,0.729,0.430,7.093,0.718,0.437,0.870,207.992,103.200
SYN-000132,2025-01-06T11:00:00+07:00,2.082,265.700,3.099,846.511,42.493,30.638,35.273,68.426,0,0,31.451,0,0.496,0,31.233,0,41.267,29.856,35.578,65.053,41.740,31.926,35.223,66.267,7.063,14.692,0.277,24.103,212.295,93.455,7.036,5.602,11.814,6.185,0.830,1.705,2.261,2.988,3.589,0.577,1.660,2.363,2.982,3.614,1.084,7.196,0.549,0.502,7.153,0.575,0.418,1.871,213.500,95.353
SYN-000133,2025-01-06T12:00:00+07:00,2.115,279.930,3.076,813.141,41.860,30.209,36.002,66.807,1.943,0,31.434,0,0,0,31.035,0,39.396,26.995,35.716,60.329,41.741,30.474,35.886,67.423,7.189,16.904,0.226,24.546,217.893,99.471,7.267,5.473,11.762,4.874,1.076,1.641,2.350,2.911,3.640,1.143,1.654,2.229,3.055,3.608,1.009,7.229,0.837,0.478,7.140,0.808,0.447,1.950,216.888,99.307
SYN-000134,2025-01-06T13:00:00+07:00,2.100,270.320,3.058,820.300,40.053,27.621,36.218,64.116,1.089,0,32.408,0,0,0,31.302,0,39.562,29.217,36.342,65.328,39.624,28.763,36.136,63.101,6.849,15.354,0.291,24.628,205.305,105.188,6.810,6.067,10.788,5.894,0.821,1.692,2.305,2.923,3.640,0.834,1.665,2.399,2.941,3.582,0.808,7.152,0.552,0.472,7.091,0.590,0.489,2.004,202.053,106.436
SYN-000135,2025-01-06T14:00:00+07:00,2.084,274.893,3.057,790.402,38.544,26.918,35.177,61.762,0,0,31.042,0,0.071,0,31.416,0,40.069,28.169,35.471,63.838,38.595,28.927,35.857,59.497,6.991,18.135,0.263,24.105,206.276,97.681,6.983,4.117,9.135,3.478,0.676,1.665,2.360,2.963,3.580,0.813,1.614,2.337,2.935,3.586,0.540,7.170,0.492,0.508,7.099,0.516,0.502,1.166,206.447,95.949
SYN-000136,2025-01-06T15:00:00+07:00,2.097,271.085,3.039,791.863,38.148,26.367,34.628,64.411,0.008,0,31.949,0,0,0,31.235,0,38.735,25.897,35.226,63.181,39.453,27.629,36.403,59.642,7.150,18.112,0.270,25.498,209.283,101.677,7.143,5.730,11.404,5.409,0.669,1.771,2.379,2.925,3.588,0.760,1.649,2.280,2.914,3.620,0.579,7.149,0.573,0.456,7.128,0.500,0.493,1.559,211.900,101.427
SYN-000137,2025-01-06T16:00:00+07:00,2.128,265.117,3.083,789.830,0.457,0,31.441,0,0,0,31.245,0,37.592,27.325,35.850,61.610,38.209,25.947,35.647,66.155,37.710,26.984,35.236,57.156,7.190,17.787,0.294,29.415,218.963,97.500,7.163,5.817,13.440,6.286,1.038,1.718,2.238,3.026,3.591,0.901,1.697,2.310,2.922,3.627,1.175,7.086,0.708,0.496,7.094,0.706,0.536,1.940,218.463,93.635
SYN-000138,2025-01-06T17:00:00+07:00,2.100,265.356,3.078,793.385,0.115,0,31.566,0,0.061,0,31.631,0,37.737,25.667,34.671,62.920,36.251,25.065,34.921,63.641,37.295,28.418,35.170,58.965,6.994,18.570,0.272,24.686,236.668,98.227,6.960,5.752,9.506,5.481,1.112,1.626,2.271,2.942,3.586,1.188,1.622,2.333,3.037,3.541,1.035,7.112,0.694,0.515,7.194,0.621,0.471,0.634,229.353,96.435
SYN-000139,2025-01-06T18:00:00+07:00,2.110,272.643,3.081,805.868,0,0,31.930,0,0.690,0,30.850,0,36.993,26.354,34.584,61.786,37.054,27.421,34.576,58.458,37.117,26.508,34.600,57.808,6.906,15.361,0.287,25.781,219.392,104.658,6.897,6.507,12.045,6.468,1.184,1.688,2.355,3.001,3.605,1.220,1.678,2.339,2.833,3.564,1.149,7.163,0.783,0.445,7.126,0.790,0.480,1.900,220.267,105.009
SYN-000140,2025-01-06T19:00:00+07:00,2.109,266.185,3.103,750.564,0,0,31.316,0,0,0,31.509,0,37.576,27.070,34.916,64.034,37.233,27.136,35.257,58.062,37.476,26.695,35.727,61.600,7.041,18.227,0.303,24.898,217.418,101.204,6.997,7.125,10.517,6.764,1.032,1.667,2.342,2.932,3.628,0.836,1.661,2.239,2.958,3.525,1.228,7.157,0.686,0.455,7.026,0.620,0.394,1.301,215.972,105.372
SYN-000141,2025-01-06T20:00:00+07:00,2.176,262.778,3.116,806.268,1.302,0,32.039,0,0.314,0,31.599,0,38.040,27.648,35.192,62.444,37.554,26.905,34.938,64.161,37.427,25.382,35.939,60.495,6.979,17.619,0.286,26.534,203.350,100.595,6.913,6.110,11.666,6.221,0.879,1.712,2.300,2.951,3.637,1.145,1.702,2.253,2.908,3.518,0.613,7.075,0.565,0.480,7.183,0.579,0.405,2.551,200.889,98.890
SYN-000142,2025-01-06T21:00:00+07:00,2.223,270.444,3.107,771.480,0,0,31.687,0,1.020,0,30.776,0,37.854,27.387,35.437,57.833,38.314,25.714,36.276,60.121,37.902,27.156,35.299,58.897,6.915,15.437,0.253,19.800,220.738,91.474,6.870,5.924,10.227,5.636,1.024,1.610,2.224,2.959,3.561,0.876,1.632,2.251,3.019,3.572,1.172,7.164,0.816,0.423,7.148,0.871,0.519,1.221,230.845,91.248
SYN-000143,2025-01-06T22:00:00+07:00,2.149,255.788,3.125,778.672,0,0,31.167,0,0.173,0,31.043,0,39.065,27.107,36.334,63.331,40.575,29.936,35.369,64.505,39.206,26.996,35.515,61.708,6.918,15.185,0.288,24.516,181.697,97.708,6.944,6.765,10.412,6.893,1.029,1.689,2.262,2.924,3.625,0.831,1.629,2.368,2.953,3.499,1.227,7.094,0.817,0.510,7.116,0.921,0.429,2.633,188.789,100.652
SYN-000144,2025-01-06T23:00:00+07:00,2.160,253.656,3.096,780.071,1.424,0,31.707,0,0,0,32.080,0,38.956,28.723,35.523,63.415,38.830,28.154,35.398,58.957,41.195,27.771,34.947,64.326,6.941,16.287,0.285,27.921,185.953,96.569,6.838,5.997,12.814,6.211,1.056,1.618,2.294,2.978,3.568,0.945,1.702,2.269,2.926,3.629,1.167,7.083,0.705,0.439,7.214,0.669,0.453,1.944,179.381,98.553
SYN-000145,2025-01-07T00:00:00+07:00,2.196,263.697,3.040,812.159,0,0,31.840,0,40.775,29.237,35.653,67.189,41.627,28.699,35.416,64.460,41.062,28.468,35.168,66.668,1.203,0,30.880,0,6.975,19.638,0.313,25.559,216.852,101.833,6.897,6.606,10.149,6.393,1.041,1.640,2.276,2.923,3.543,1.200,1.643,2.377,2.928,3.588,0.881,7.151,0.753,0.512,7.265,0.745,0.436,1.688,214.211,103.054
SYN-000146,2025-01-07T01:00:00+07:00,2.177,263.631,3.111,803.557,0.450,0,30.537,0,43.011,27.179,35.891,67.650,42.059,29.619,35.740,64.740,42.862,29.917,36.576,67.241,0.296,0,31.807,0,7.019,16.770,0.271,24.851,183.400,101.819,7.097,7.425,11.851,7.411,1.326,1.596,2.333,2.938,3.568,1.322,1.550,2.289,2.957,3.543,1.330,7.066,1.049,0.471,7.230,1.040,0.476,2.262,177.086,103.644
SYN-000147,2025-01-07T02:00:00+07:00,2.233,269.430,3.166,822.241,0.348,0,32.482,0,42.898,31.149,35.754,69.227,41.763,25.641,35.828,66.156,41.618,29.065,35.303,67.789,0,0,30.576,0,7.108,14.092,0.291,26.462,191.523,92.212,7.093,3.519,12.665,3.480,0.679,1.758,2.333,2.985,3.617,0.890,1.546,2.264,2.957,3.594,0.468,7.164,0.325,0.509,7.224,0.347,0.495,2.608,196.530,92.169
SYN-000148,2025-01-07T03:00:00+07:00,2.225,261.407,3.078,844.404,0,0,31.319,0,43.295,29.719,36.217,67.632,44.101,31.153,36.352,64.980,43.298,29.937,36.016,65.745,0.051,0,32.103,0,7.104,13.573,0.312,23.283,209.666,96.706,7.062,3.124,11.137,3.088,0.553,1.648,2.331,3.011,3.577,0.402,1.676,2.351,2.888,3.578,0.703,7.124,0.465,0.452,7.103,0.438,0.455,1.512,197.495,97.273
SYN-000149,2025-01-07T04:00:00+07:00,2.208,269.641,3.152,849.403,0,0,31.186,0,44.455,31.505,36.189,70.675,46.390,31.810,36.541,70.720,44.935,30.654,36.198,68.194,0,0,31.675,0,6.983,17.582,0.283,27.073,209.996,102.358,7.035,8.192,10.929,7.560,1.193,1.686,2.354,2.958,3.649,1.323,1.683,2.294,2.954,3.588,1.064,7.171,0.897,0.457,7.225,0.919,0.450,1.793,215.912,101.858
SYN-000150,2025-01-07T05:00:00+07:00,2.200,263.399,3.136,848.013,0.465,0,31.915,0,44.107,30.831,35.906,74.245,45.117,31.389,36.148,72.730,44.271,30.514,35.991,69.784,0,0,31.175,0,7.296,14.885,0.311,24.055,192.482,100.895,7.312,5.421,9.287,6.583,0.840,1.596,2.254,2.965,3.568,0.823,1.539,2.236,2.854,3.648,0.858,7.040,0.570,0.509,7.199,0.575,0.435,2.262,194.817,102.358
SYN-000151,2025-01-07T06:00:00+07:00,2.196,260.863,3.157,833.754,1.302,0,31.679,0,45.433,29.971,36.054,74.151,44.240,30.640,35.941,68.561,45.255,29.651,35.765,70.470,0,0,31.721,0,7.114,15.606,0.327,22.652,202.843,90.513,7.178,3.572,10.245,3.930,0.381,1.695,2.277,2.878,3.600,0.212,1.593,2.308,2.865,3.600,0.551,7.160,0.361,0.474,7.178,0.317,0.447,1.561,203.275,86.710
SYN-000152,2025-01-07T07:00:00+07:00,2.260,254.877,3.130,838.996,0,0,31.893,0,46.097,30.941,36.021,76.131,44.276,30.666,35.933,69.915,44.932,31.770,35.923,72.304,0.322,0,31.157,0,7.061,18.198,0.278,27.402,202.584,90.775,7.046,6.790,12.706,6.989,1.101,1.716,2.307,2.990,3.540,1.026,1.724,2.273,2.917,3.597,1.176,7.218,0.728,0.424,7.174,0.677,0.431,2.537,204.093,89.691
SYN-000153,2025-01-07T08:00:00+07:00,2.226,250.692,3.097,831.459,44.659,28.789,36.198,71.069,44.411,31.050,36.497,66.994,44.911,29.144,35.351,75.212,0,0,31.375,0,0,0,31.820,0,7.080,16.172,0.262,23.110,191.249,97.240,7.036,4.893,9.788,5.329,0.811,1.656,2.295,2.910,3.609,0.878,1.645,2.268,3.044,3.611,0.744,7.193,0.655,0.517,7.185,0.623,0.474,1.268,190.929,99.360
SYN-000154,2025-01-07T09:00:00+07:00,2.237,256.759,3.133,826.404,44.571,30.398,36.729,69.781,43.650,29.612,35.138,68.837,42.866,31.366,36.662,68.112,0.202,0,32.227,0,0,0,30.564,0,7.075,14.036,0.198,25.286,210.182,91.395,7.026,4.886,9.416,5.381,0.712,1.716,2.208,2.923,3.621,0.876,1.677,2.273,3.037,3.586,0.549,7.035,0.500,0.500,7.138,0.503,0.491,1.662,208.235,90.331
SYN-000155,2025-01-07T10:00:00+07:00,2.288,249.870,3.131,802.576,42.244,28.787,35.194,67.641,42.463,30.296,35.668,72.180,42.084,29.420,36.501,64.119,0,0,31.289,0,0.325,0,31.186,0,7.149,13.079,0.277,26.933,200.619,99.018,7.139,5.399,11.810,5.231,0.925,1.690,2.291,2.933,3.600,0.873,1.682,2.346,2.952,3.532,0.978,7.135,0.715,0.513,7.069,0.727,0.525,1.924,201.795,102.232
SYN-000156,2025-01-07T11:00:00+07:00,2.295,260.855,3.136,798.140,43.413,30.695,35.604,72.523,41.782,28.593,34.922,66.394,41.962,28.673,35.422,69.736,0.796,0,30.783,0,0.377,0,31.164,0,7.157,10.909,0.306,22.500,216.295,100.567,7.196,1.313,10.554,0.476,0.288,1.721,2.389,2.915,3.526,0.232,1.674,2.368,2.989,3.554,0.345,7.086,0.276,0.490,7.247,0.213,0.431,2.366,221.492,99.579
SYN-000157,2025-01-07T12:00:00+07:00,2.354,254.091,3.193,839.501,41.194,28.350,35.307,60.424,42.718,30.180,35.378,65.948,40.787,30.521,35.630,65.717,0.133,0,31.180,0,0,0,31.792,0,7.005,20.378,0.289,24.274,216.435,102.131,7.060,6.163,11.696,6.279,1.030,1.560,2.323,2.929,3.534,0.727,1.706,2.234,3.034,3.542,1.333,7.156,0.736,0.501,7.052,0.780,0.440,1.158,219.522,104.564
SYN-000158,2025-01-07T13:00:00+07:00,2.262,252.234,3.120,774.849,40.594,29.758,36.025,61.827,40.862,27.807,35.038,65.015,39.515,27.902,35.054,62.891,0,0,31.786,0,0.639,0,31.515,0,7.044,18.440,0.318,27.338,208.286,93.597,7.077,6.077,11.507,5.583,0.887,1.667,2.300,2.935,3.588,0.769,1.647,2.183,3.004,3.575,1.006,7.171,0.725,0.482,7.158,0.702,0.457,1.423,210.473,95.869
SYN-000159,2025-01-07T14:00:00+07:00,2.328,269.856,3.144,784.165,37.541,26.791,35.672,58.361,39.975,28.774,35.061,62.704,39.624,26.913,35.436,63.919,0,0,30.172,0,0,0,30.705,0,7.134,13.902,0.281,22.175,211.169,98.548,7.189,4.157,9.818,3.519,0.685,1.636,2.246,2.960,3.578,0.812,1.656,2.303,2.900,3.572,0.559,7.208,0.543,0.426,7.173,0.539,0.463,1.499,210.168,102.793
SYN-000160,2025-01-07T15:00:00+07:00,2.326,255.168,3.157,778.886,37.422,26.956,35.359,59.136,39.214,27.249,34.862,62.774,38.341,26.886,34.262,61.114,0.626,0,31.867,0,0,0,31.542,0,7.113,13.776,0.290,24.551,216.889,102.848,7.085,4.368,10.037,4.986,0.698,1.652,2.306,2.893,3.599,0.650,1.665,2.263,2.964,3.582,0.746,7.211,0.433,0.517,7.151,0.375,0.412,1.168,219.529,107.278
SYN-000161,2025-01-07T16:00:00+07:00,2.334,257.646,3.202,780.888,37.981,26.829,35.907,63.825,38.237,27.406,35.558,61.268,0,0,31.739,0,0,0,32.249,0,37.704,25.470,35.620,57.145,7.011,17.450,0.282,24.999,221.482,93.356,6.977,6.341,10.226,6.752,1.096,1.623,2.264,3.020,3.570,0.983,1.615,2.295,2.948,3.638,1.208,7.213,0.867,0.515,7.091,0.872,0.424,0.441,224.326,89.958
SYN-000162,2025-01-07T17:00:00+07:00,2.297,255.722,3.172,750.713,36.174,26.570,34.300,54.973,36.916,28.170,34.582,57.824,0.378,0,31.543,0,0,0,31.863,0,36.383,26.271,34.537,53.702,7.109,13.359,0.248,21.894,202.181,92.853,7.110,3.813,9.313,4.229,0.589,1.702,2.270,2.982,3.660,0.722,1.718,2.291,2.882,3.567,0.455,7.207,0.501,0.418,7.236,0.437,0.460,1.943,202.318,94.782
SYN-000163,2025-01-07T18:00:00+07:00,2.381,249.422,3.155,762.164,36.590,24.111,35.275,59.486,36.681,23.827,34.731,55.829,0.080,0,31.603,0,0,0,31.650,0,37.734,26.249,34.861,60.807,6.918,12.397,0.282,22.850,205.553,107.754,6.919,4.788,9.917,3.659,0.779,1.734,2.333,2.895,3.660,0.706,1.638,2.279,3.009,3.619,0.851,7.206,0.461,0.459,7.182,0.406,0.483,1.763,204.899,108.417
SYN-000164,2025-01-07T19:00:00+07:00,2.379,253.898,3.194,789.644,36.335,26.004,35.184,57.196,35.964,26.929,34.829,60.079,1.219,0,31.239,0,0,0,31.003,0,37.900,27.795,35.222,59.052,7.150,15.497,0.300,24.864,202.323,100.779,7.055,6.211,10.017,5.871,1.057,1.696,2.285,2.961,3.575,0.941,1.666,2.265,3.022,3.552,1.174,7.203,0.882,0.498,7.181,0.848,0.402,1.137,203.992,99.938
SYN-000165,2025-01-07T20:00:00+07:00,2.411,252.934,3.152,794.013,37.228,27.436,35.322,60.641,38.326,26.434,34.463,65.444,0,0,31.452,0,0,0,31.975,0,36.633,25.461,35.218,56.687,7.021,11.883,0.233,23.084,197.800,106.215,6.901,4.324,10.966,4.830,0.775,1.738,2.358,2.938,3.574,0.756,1.700,2.388,3.041,3.601,0.793,7.113,0.447,0.483,7.027,0.554,0.543,2.464,197.563,104.800
SYN-000166,2025-01-07T21:00:00+07:00,2.472,264.804,3.225,797.573,39.052,29.212,35.427,63.227,39.150,24.705,35.882,64.113,0.150,0,31.951,0,0,0,30.869,0,37.348,28.330,35.195,61.220,7.000,10.709,0.291,21.577,198.475,92.657,6.986,2.695,9.300,2.984,0.480,1.632,2.273,3.039,3.562,0.409,1.669,2.319,2.934,3.620,0.552,7.184,0.279,0.464,7.076,0.222,0.421,1.179,197.051,89.805
SYN-000167,2025-01-07T22:00:00+07:00,2.457,250.270,3.186,806.662,37.662,27.927,34.921,61.614,39.216,27.373,35.731,61.393,0.004,0,32.252,0,0.368,0,31.482,0,39.592,29.065,35.184,63.315,7.092,15.790,0.262,26.555,210.467,88.891,7.113,5.389,10.526,5.221,0.750,1.595,2.273,2.897,3.573,0.524,1.647,2.335,2.965,3.678,0.977,7.145,0.537,0.474,7.120,0.567,0.480,1.913,209.949,86.961
SYN-000168,2025-01-07T23:00:00+07:00,2.374,249.976,3.185,804.212,39.552,27.709,35.464,65.379,40.554,27.834,35.202,64.871,0.987,0,30.840,0,0,0,30.570,0,39.078,26.762,35.376,59.283,6.997,14.576,0.307,23.629,218.031,98.602,6.970,4.381,12.803,5.259,0.873,1.688,2.346,2.996,3.535,0.996,1.657,2.294,2.955,3.661,0.749,7.031,0.655,0.508,7.213,0.737,0.526,1.855,219.000,101.403
SYN-000169,2025-01-08T00:00:00+07:00,2.443,248.962,3.156,835.267,42.764,29.885,35.993,67.771,0.388,0,31.475,0,0,0,32.134,0,40.688,28.706,35.696,65.830,41.110,30.424,35.263,66.618,7.011,17.204,0.288,24.450,217.322,95.053,7.029,4.449,11.703,4.056,0.733,1.610,2.278,2.887,3.627,0.629,1.545,2.387,2.916,3.622,0.837,7.111,0.510,0.511,7.179,0.485,0.501,1.769,222.234,92.174
SYN-000170,2025-01-08T01:00:00+07:00,2.505,253.011,3.244,824.860,42.011,29.847,35.321,64.770,0.050,0,32.428,0,0,0,31.785,0,40.837,26.752,36.737,62.620,42.005,29.423,36.589,70.277,7.022,18.506,0.241,27.620,216.893,95.387,7.056,7.035,9.870,7.098,1.207,1.634,2.326,2.936,3.613,1.094,1.612,2.327,2.946,3.579,1.319,7.132,0.770,0.522,7.155,0.851,0.428,1.276,214.094,93.078
SYN-000171,2025-01-08T02:00:00+07:00,2.512,260.083,3.194,824.158,43.471,32.025,36.048,66.430,0.950,0,31.134,0,0,0,31.058,0,44.590,33.552,35.264,70.370,43.270,30.548,35.519,67.057,6.989,10.504,0.255,20.371,216.234,87.592,6.941,5.187,8.664,5.614,0.789,1.659,2.295,2.974,3.610,0.771,1.679,2.318,2.911,3.587,0.807,7.050,0.626,0.502,7.156,0.591,0.523,2.669,210.339,89.190
SYN-000172,2025-01-08T03:00:00+07:00,2.478,247.634,3.162,826.456,43.267,31.103,36.182,65.492,0.006,0,31.703,0,0.461,0,30.807,0,43.123,28.463,35.514,70.115,43.600,31.825,35.776,75.431,6.957,14.675,0.303,24.639,211.305,90.240,6.940,7.331,7.563,7.497,0.896,1.660,2.327,2.927,3.605,1.018,1.594,2.341,2.985,3.621,0.774,7.083,0.643,0.486,7.251,0.628,0.457,1.279,207.635,90.249
SYN-000173,2025-01-08T04:00:00+07:00,2.536,247.438,3.213,834.996,44.317,29.980,35.993,69.389,0,0,30.808,0,0.941,0,32.263,0,44.461,29.799,36.312,71.006,45.082,30.917,36.770,70.174,7.130,19.204,0.274,24.417,226.614,93.689,7.145,7.133,11.176,7.313,1.304,1.718,2.302,2.883,3.590,1.180,1.712,2.253,2.887,3.539,1.428,7.177,0.990,0.462,7.071,1.034,0.436,1.897,222.092,96.456
SYN-000174,2025-01-08T05:00:00+07:00,2.555,243.272,3.245,819.556,44.601,29.060,36.154,71.767,0,0,31.869,0,0.481,0,31.623,0,45.548,31.468,37.034,70.076,44.285,30.406,36.656,70.301,7.149,15.230,0.307,29.267,216.046,91.195,7.160,5.216,11.493,5.824,1.105,1.649,2.326,2.882,3.538,1.329,1.565,2.282,2.940,3.506,0.881,7.130,0.688,0.437,7.089,0.702,0.439,2.275,210.703,88.432
SYN-000175,2025-01-08T06:00:00+07:00,2.537,255.151,3.221,829.764,45.351,33.232,36.709,73.999,0,0,32.004,0,0,0,31.493,0,45.041,30.302,35.954,73.559,44.686,31.340,35.743,76.036,6.969,15.684,0.341,26.464,189.238,105.321,6.960,6.139,11.026,5.074,1.138,1.639,2.279,2.936,3.641,1.083,1.691,2.312,2.932,3.681,1.193,7.084,0.738,0.537,7.128,0.713,0.499,1.669,195.689,105.669
SYN-000176,2025-01-08T07:00:00+07:00,2.520,246.803,3.212,832.366,45.212,29.628,35.791,65.692,0,0,31.405,0,0.261,0,31.492,0,44.728,31.328,36.113,73.981,44.460,32.403,35.633,74.120,7.029,19.640,0.270,27.924,208.080,108.132,7.108,6.649,12.335,6.480,1.106,1.651,2.303,2.984,3.585,0.919,1.642,2.280,2.920,3.563,1.293,7.205,0.729,0.490,7.073,0.788,0.485,2.395,204.860,108.269
SYN-000177,2025-01-08T08:00:00+07:00,2.510,249.308,3.216,833.477,1.304,0,31.569,0,0.075,0,30.771,0,44.313,30.962,35.353,72.286,44.791,31.124,36.001,71.043,44.443,30.143,34.856,68.288,6.988,18.560,0.251,27.055,203.923,92.951,7.036,6.446,12.770,6.496,1.169,1.640,2.362,2.912,3.629,1.091,1.563,2.286,2.943,3.624,1.248,7.150,0.834,0.452,7.221,0.832,0.465,2.456,207.521,92.937
SYN-000178,2025-01-08T09:00:00+07:00,2.549,240.105,3.162,823.483,0.424,0,30.972,0,0,0,31.838,0,44.686,30.983,35.860,73.539,43.864,29.608,36.701,68.991,44.120,29.595,36.427,68.967,7.088,16.203,0.228,28.063,211.674,96.392,7.057,5.345,11.879,5.316,1.004,1.629,2.293,2.964,3.665,0.847,1.692,2.288,2.903,3.620,1.161,7.114,0.768,0.459,7.279,0.818,0.443,2.513,211.442,95.880
SYN-000179,2025-01-08T10:00:00+07:00,2.565,241.322,3.234,812.126,0,0,31.991,0,0,0,31.449,0,43.334,30.136,35.925,70.361,44.371,29.944,35.746,70.655,41.758,28.817,35.073,66.429,7.010,16.358,0.265,21.951,200.629,90.570,7.001,3.896,10.539,3.041,0.547,1.642,2.304,2.920,3.643,0.595,1.618,2.288,2.967,3.645,0.500,7.137,0.235,0.451,7.107,0.258,0.440,1.522,201.420,89.408
SYN-000180,2025-01-08T11:00:00+07:00,2.517,241.900,3.299,794.368,0.128,0,32.446,0,0.236,0,31.895,0,42.197,28.554,35.598,67.727,42.919,27.658,36.162,68.169,41.882,29.162,35.860,67.764,7.047,15.129,0.200,26.783,199.507,86.058,7.083,5.404,11.082,6.414,0.904,1.654,2.291,2.941,3.566,1.043,1.626,2.317,2.924,3.625,0.765,7.197,0.598,0.469,7.191,0.546,0.433,1.502,201.820,84.674
SYN-000181,2025-01-08T12:00:00+07:00,2.602,234.043,3.273,817.090,0,0,31.422,0,0.879,0,30.786,0,40.856,28.791,35.941,63.577,41.233,29.640,36.340,63.549,42.030,29.008,34.888,67.329,7.078,14.595,0.306,22.487,200.146,94.820,7.163,5.157,10.152,5.262,1.028,1.659,2.357,2.862,3.623,0.777,1.686,2.323,2.916,3.669,1.279,7.256,0.774,0.444,7.059,0.724,0.411,1.609,201.195,96.962
SYN-000182,2025-01-08T13:00:00+07:00,2.598,237.876,3.268,824.242,0,0,31.285,0,0.443,0,31.833,0,39.631,27.512,35.066,64.372,39.749,25.633,35.560,60.126,38.935,27.119,36.168,59.693,7.040,15.009,0.274,26.979,220.068,103.870,7.059,5.878,11.216,5.796,1.024,1.604,2.297,3.028,3.594,1.033,1.653,2.306,3.027,3.684,1.014,7.137,0.738,0.453,7.190,0.719,0.492,1.608,217.159,102.673
SYN-000183,2025-01-08T14:00:00+07:00,2.678,236.536,3.271,799.693,0,0,30.711,0,0.612,0,31.159,0,39.073,28.038,35.444,61.182,38.732,27.158,36.354,62.888,40.773,27.958,35.187,65.670,7.156,12.775,0.268,20.172,187.856,93.487,7.225,3.999,8.230,3.354,0.842,1.601,2.314,2.973,3.685,0.954,1.652,2.315,2.886,3.538,0.730,7.054,0.587,0.460,7.026,0.571,0.528,1.285,184.622,93.007
SYN-000184,2025-01-08T15:00:00+07:00,2.669,237.506,3.314,764.970,0,0,30.781,0,0,0,31.511,0,38.143,25.551,35.956,58.534,38.174,29.282,35.916,59.142,38.618,29.123,35.413,59.880,7.024,17.670,0.281,27.519,203.175,96.755,7.098,5.586,11.318,5.621,1.016,1.689,2.286,2.944,3.578,1.092,1.729,2.321,2.943,3.598,0.939,7.166,0.769,0.469,7.096,0.760,0.426,2.248,204.734,98.145
SYN-000185,2025-01-08T16:00:00+07:00,2.742,241.981,3.273,797.307,0.432,0,31.470,0,37.433,28.781,35.174,61.814,36.904,26.373,35.829,56.091,37.133,26.888,35.571,58.781,0,0,31.500,0,7.140,20.008,0.251,27.036,184.236,86.803,7.104,6.405,13.375,6.709,1.186,1.693,2.269,2.967,3.555,0.988,1.652,2.230,2.889,3.590,1.385,7.129,0.824,0.444,7.099,0.866,0.511,1.789,190.080,84.492
SYN-000186,2025-01-08T17:00:00+07:00,2.649,247.168,3.251,796.091,0,0,30.509,0,36.962,27.792,35.730,57.101,36.793,28.370,35.321,59.661,36.711,25.232,34.642,60.640,1.832,0,32.052,0,7.109,19.340,0.242,25.235,217.873,101.005,7.107,8.113,13.144,8.499,1.185,1.678,2.302,2.951,3.680,1.321,1.601,2.287,2.979,3.623,1.049,7.183,0.863,0.485,7.199,0.859,0.430,1.362,215.988,99.413
SYN-000187,2025-01-08T18:00:00+07:00,2.691,241.627,3.246,767.489,0.756,0,31.717,0,37.168,26.457,35.222,59.510,36.342,25.268,34.930,58.220,38.225,27.027,35.483,56.665,0,0,31.702,0,7.154,14.552,0.291,22.309,203.130,97.720,7.170,4.434,7.718,4.469,0.534,1.720,2.254,2.898,3.660,0.633,1.598,2.238,2.933,3.630,0.434,7.163,0.342,0.497,7.120,0.373,0.457,1.184,197.641,101.003
SYN-000188,2025-01-08T19:00:00+07:00,2.704,233.966,3.295,767.181,0.282,0,31.332,0,35.728,25.078,34.927,59.196,37.996,27.057,34.997,60.879,35.827,24.735,36.148,58.733,1.461,0,32.742,0,7.123,18.961,0.305,23.858,189.108,91.008,7.031,5.941,8.829,6.355,1.025,1.689,2.273,2.963,3.646,0.902,1.702,2.288,3.025,3.674,1.148,7.117,0.693,0.428,7.154,0.688,0.370,1.512,189.852,92.643
SYN-000189,2025-01-08T20:00:00+07:00,2.685,239.269,3.304,810.463,0.045,0,31.155,0,38.682,27.346,35.562,59.139,36.985,28.632,34.623,59.819,38.379,27.658,34.462,59.805,0.821,0,31.463,0,6.957,13.468,0.290,24.546,208.805,90.680,6.855,3.199,10.020,3.246,0.628,1.605,2.361,2.988,3.583,0.635,1.664,2.426,3.007,3.595,0.620,7.173,0.416,0.522,7.122,0.458,0.478,1.651,200.910,96.011
SYN-000190,2025-01-08T21:00:00+07:00,2.680,239.895,3.317,785.443,0,0,31.865,0,37.551,27.958,35.627,60.073,38.351,28.511,35.068,61.565,36.617,25.231,35.205,60.589,0,0,30.699,0,7.005,18.390,0.307,27.212,205.153,88.745,6.969,7.266,12.178,7.876,1.216,1.608,2.212,2.887,3.559,1.211,1.652,2.258,2.969,3.652,1.222,7.199,0.825,0.460,7.107,0.831,0.444,2.039,205.381,89.421
SYN-000191,2025-01-08T22:00:00+07:00,2.728,237.051,3.293,793.987,0.196,0,31.554,0,39.482,27.415,35.178,61.384,39.338,26.535,36.098,66.449,39.514,27.628,35.191,61.902,0.234,0,31.816,0,7.068,20.515,0.292,24.767,196.359,95.149,7.074,6.528,11.127,7.010,1.079,1.635,2.301,2.997,3.673,0.979,1.585,2.312,2.988,3.667,1.179,7.178,0.883,0.443,7.074,0.909,0.469,2.509,204.180,95.588
SYN-000192,2025-01-08T23:00:00+07:00,2.733,237.556,3.300,778.947,1.376,0,31.292,0,39.082,28.018,35.434,64.608,40.772,30.179,35.960,60.385,39.409,27.049,35.740,61.967,0.987,0,31.657,0,6.977,18.351,0.332,24.807,184.434,94.704,6.877,5.723,11.175,5.237,0.859,1.706,2.284,2.974,3.637,0.649,1.628,2.318,2.942,3.600,1.068,7.189,0.748,0.463,7.154,0.740,0.453,1.925,186.979,95.628
SYN-000193,2025-01-09T00:00:00+07:00,2.707,223.903,3.285,816.412,40.144,28.778,35.452,65.528,40.773,27.256,34.849,65.814,39.609,27.273,35.296,61.622,0.553,0,30.545,0,0,0,31.451,0,6.967,22.599,0.282,29.137,214.922,99.924,6.859,8.247,10.940,7.842,1.266,1.663,2.325,2.936,3.512,1.246,1.690,2.280,3.014,3.597,1.286,7.164,0.924,0.503,7.096,0.905,0.469,1.380,215.221,99.933
SYN-000194,2025-01-09T01:00:00+07:00,2.731,228.016,3.283,825.019,42.940,29.242,35.722,67.785,42.890,29.012,36.661,68.379,41.731,28.962,36.558,65.799,0,0,31.913,0,0.501,0,31.922,0,6.910,16.860,0.269,23.906,198.888,104.955,6.969,5.450,11.605,5.948,0.669,1.597,2.270,2.899,3.556,0.540,1.630,2.319,2.938,3.596,0.797,7.152,0.569,0.468,7.222,0.599,0.455,2.411,203.226,102.681
SYN-000195,2025-01-09T02:00:00+07:00,2.763,228.378,3.296,842.040,43.062,29.102,35.182,62.474,43.235,31.303,35.501,71.714,42.630,30.157,36.527,67.324,0,0,31.566,0,0.898,0,31.073,0,7.106,24.168,0.308,30.542,186.362,101.517,7.163,8.381,13.020,8.312,1.343,1.601,2.356,2.954,3.676,1.185,1.717,2.310,2.958,3.642,1.500,7.149,0.905,0.499,7.227,0.934,0.491,1.868,188.376,101.353
SYN-000196,2025-01-09T03:00:00+07:00,2.749,233.408,3.349,831.558,44.620,29.115,35.647,73.278,43.529,31.551,36.052,69.943,44.817,30.255,34.849,72.347,0.348,0,30.942,0,0.035,0,31.662,0,7.117,15.344,0.241,25.424,204.440,96.001,6.971,5.709,11.077,5.461,0.991,1.652,2.278,2.929,3.643,0.961,1.672,2.297,3.060,3.627,1.021,7.160,0.702,0.496,7.135,0.684,0.462,1.961,192.238,94.571
SYN-000197,2025-01-09T04:00:00+07:00,2.714,230.535,3.347,848.640,44.513,32.474,35.526,75.144,45.632,31.509,36.827,74.325,45.948,29.149,36.594,72.650,0.395,0,31.273,0,0,0,30.188,0,7.166,14.565,0.307,27.667,176.858,108.107,7.188,5.825,11.581,6.606,1.194,1.629,2.343,3.014,3.574,1.028,1.698,2.301,2.968,3.588,1.359,7.250,0.845,0.506,7.134,0.848,0.445,2.316,167.773,108.562
SYN-000198,2025-01-09T05:00:00+07:00,2.755,228.725,3.345,848.878,45.033,30.369,35.413,72.174,45.160,31.279,35.873,75.557,44.177,31.109,35.948,71.916,0.107,0,32.062,0,0.569,0,31.617,0,7.095,15.403,0.279,26.202,209.405,90.700,7.068,4.357,11.451,3.667,0.688,1.621,2.355,2.916,3.633,0.617,1.685,2.239,2.926,3.582,0.758,7.192,0.470,0.474,7.239,0.465,0.506,1.054,205.778,89.703
SYN-000199,2025-01-09T06:00:00+07:00,2.730,228.617,3.357,824.502,45.388,30.772,35.602,75.992,45.188,30.619,36.650,72.277,43.914,31.585,36.693,71.517,0,0,32.177,0,0.087,0,31.122,0,7.079,17.535,0.244,26.535,219.161,97.865,7.014,4.433,11.955,3.591,0.761,1.735,2.344,2.983,3.588,0.653,1.684,2.327,2.885,3.675,0.869,7.054,0.599,0.534,7.081,0.506,0.400,2.539,227.243,96.701
SYN-000200,2025-01-09T07:00:00+07:00,2.754,227.240,3.323,822.205,45.771,31.593,35.309,73.019,43.454,30.324,36.211,68.768,44.044,32.021,35.510,70.930,0.379,0,31.651,0,0,0,31.581,0,7.138,18.741,0.250,26.396,185.261,100.565,7.130,6.769,10.261,6.185,1.313,1.627,2.246,2.902,3.541,1.266,1.693,2.322,2.950,3.616,1.361,7.169,0.939,0.538,7.198,1.011,0.500,1.654,193.814,100.284
SYN-000201,2025-01-09T08:00:00+07:00,2.797,228.602,3.281,864.153,44.078,30.017,36.187,66.976,44.749,31.363,35.662,69.844,0.076,0,31.248,0,0,0,31.148,0,44.262,32.002,35.870,70.446,7.013,15.474,0.259,23.477,198.869,100.441,7.135,4.661,10.995,4.825,0.705,1.536,2.326,3.004,3.603,0.626,1.644,2.240,2.934,3.569,0.783,7.252,0.359,0.446,7.235,0.351,0.490,1.488,198.469,97.053
SYN-000202,2025-01-09T09:00:00+07:00,2.699,243.671,3.375,851.251,44.348,29.477,35.560,71.697,44.153,30.522,35.917,71.240,0.655,0,31.562,0,0,0,30.956,0,43.545,31.668,35.781,68.225,6.965,19.101,0.269,25.745,203.918,93.582,7.001,8.391,10.986,8.643,1.513,1.633,2.334,3.013,3.571,1.487,1.641,2.326,2.992,3.574,1.539,7.163,1.048,0.517,7.106,1.017,0.475,1.747,201.892,95.754
SYN-000203,2025-01-09T10:00:00+07:00,2.773,233.179,3.314,817.060,42.200,29.869,36.403,69.943,42.524,28.747,35.902,71.461,0,0,31.647,0,0.733,0,31.951,0,43.787,29.800,36.065,70.507,7.083,20.099,0.225,29.724,221.669,95.187,7.049,9.297,14.736,8.563,1.575,1.738,2.262,2.930,3.588,1.704,1.615,2.217,3.013,3.564,1.446,7.161,1.196,0.448,7.230,1.201,0.449,2.271,218.141,94.672
SYN-000204,2025-01-09T11:00:00+07:00,2.738,227.497,3.380,834.200,41.297,29.544,35.475,65.846,41.656,27.319,36.032,67.497,1.332,0,31.974,0,0,0,31.419,0,40.779,28.760,36.402,64.009,7.003,24.070,0.258,28.109,190.942,88.337,7.052,8.565,10.985,8.381,1.549,1.592,2.293,2.962,3.724,1.551,1.616,2.237,2.916,3.571,1.547,7.130,1.030,0.504,7.154,1.063,0.557,1.876,188.481,87.572
SYN-000205,2025-01-09T12:00:00+07:00,2.790,235.913,3.294,796.110,40.275,29.330,35.120,60.157,40.809,30.894,35.476,66.925,0,0,30.970,0,0,0,31.680,0,40.125,28.654,35.485,63.138,6.983,26.620,0.334,28.716,211.215,94.853,6.943,10.681,12.795,10.656,1.701,1.605,2.330,2.964,3.556,1.623,1.654,2.213,2.948,3.566,1.780,7.249,1.116,0.499,7.219,1.088,0.452,2.239,210.120,95.958
SYN-000206,2025-01-09T13:00:00+07:00,2.831,229.562,3.344,810.040,39.555,27.591,35.604,64.026,39.955,26.895,36.173,61.874,0,0,31.844,0,0.004,0,30.820,0,39.885,29.200,34.736,63.355,7.317,19.090,0.273,25.541,201.050,98.848,7.278,7.543,13.430,7.546,1.274,1.586,2.275,2.901,3.603,1.461,1.689,2.288,2.908,3.698,1.086,7.071,0.868,0.414,7.174,0.881,0.457,1.977,203.059,101.868
SYN-000207,2025-01-09T14:00:00+07:00,2.790,234.353,3.298,810.514,40.061,29.468,35.711,67.466,38.849,27.896,35.281,62.340,0.481,0,31.905,0,0.689,0,31.889,0,38.571,27.270,35.763,66.770,7.073,21.729,0.240,26.631,199.873,95.210,7.146,9.555,12.864,9.068,1.557,1.681,2.311,2.972,3.590,1.483,1.530,2.308,2.914,3.650,1.631,7.148,1.157,0.518,7.145,1.149,0.498,1.900,200.610,96.804
SYN-000208,2025-01-09T15:00:00+07:00,2.820,241.909,3.326,801.970,38.164,27.775,35.192,63.101,38.289,26.551,35.181,57.458,0,0,32.248,0,0,0,31.313,0,37.776,27.246,35.317,62.217,6.965,17.509,0.322,24.511,201.406,97.743,6.990,6.955,10.297,6.734,1.234,1.593,2.314,2.873,3.580,1.299,1.594,2.289,2.902,3.520,1.168,7.180,0.877,0.366,7.258,0.869,0.464,1.861,197.565,98.473
SYN-000209,2025-01-09T16:00:00+07:00,2.876,234.197,3.324,790.844,37.278,24.595,35.407,58.936,0,0,31.508,0,0,0,31.251,0,38.023,24.761,35.337,62.736,37.805,27.429,35.620,62.441,7.093,24.604,0.306,29.079,201.892,101.545,7.091,9.189,13.209,8.941,1.502,1.621,2.310,2.873,3.612,1.287,1.645,2.255,2.947,3.613,1.716,7.133,1.039,0.459,7.220,1.041,0.456,2.034,201.273,102.016
SYN-000210,2025-01-09T17:00:00+07:00,2.770,235.615,3.353,768.099,36.591,27.177,34.991,58.747,0.577,0,31.768,0,0.252,0,31.433,0,37.344,26.640,35.274,59.863,37.047,25.886,35.742,60.077,7.168,18.723,0.304,27.619,178.754,97.301,7.170,6.232,14.282,5.758,1.028,1.667,2.255,2.962,3.569,0.884,1.660,2.177,2.893,3.639,1.171,7.158,0.922,0.477,7.217,0.930,0.418,1.804,182.099,96.072
SYN-000211,2025-01-09T18:00:00+07:00,2.776,226.752,3.335,774.936,36.852,25.418,35.484,59.580,0.549,0,31.357,0,0.990,0,31.526,0,38.423,26.848,35.415,56.883,38.003,26.854,35.510,62.555,6.995,22.649,0.255,29.623,189.345,102.841,6.973,7.458,12.465,7.499,1.276,1.675,2.323,2.966,3.594,1.336,1.658,2.282,2.943,3.527,1.215,7.102,0.826,0.510,7.135,0.806,0.463,2.006,189.560,106.143
SYN-000212,2025-01-09T19:00:00+07:00,2.750,229.000,3.320,788.952,38.248,26.121,35.887,65.294,0,0,30.849,0,0.973,0,31.428,0,37.905,25.763,35.848,60.507,36.994,25.577,35.067,58.052,7.114,19.501,0.333,29.173,214.592,98.990,7.178,6.627,12.327,6.240,1.125,1.683,2.251,2.983,3.670,1.074,1.643,2.326,3.025,3.643,1.176,7.134,0.818,0.523,7.105,0.790,0.446,1.698,219.536,98.660
SYN-000213,2025-01-09T20:00:00+07:00,2.843,228.903,3.291,791.366,37.571,26.423,35.685,55.636,0,0,31.251,0,0.557,0,30.822,0,36.004,24.272,35.310,56.991,37.289,25.343,35.638,61.925,7.000,20.275,0.249,25.101,180.612,103.094,6.828,7.125,10.023,7.323,1.059,1.639,2.328,2.949,3.616,0.983,1.652,2.279,2.989,3.496,1.136,7.176,0.819,0.491,7.170,0.782,0.516,2.306,175.641,102.259
SYN-000214,2025-01-09T21:00:00+07:00,2.797,223.915,3.372,790.009,38.666,27.643,35.267,59.946,0,0,31.382,0,0,0,31.871,0,36.889,26.148,35.887,60.706,37.985,27.188,35.260,58.558,7.160,22.636,0.316,27.501,203.243,91.936,7.296,9.450,13.066,9.557,1.638,1.685,2.320,2.959,3.640,1.624,1.644,2.296,2.837,3.632,1.652,7.191,1.167,0.467,7.118,1.131,0.456,1.913,199.004,89.124
SYN-000215,2025-01-09T22:00:00+07:00,2.829,229.534,3.310,789.624,38.815,27.182,35.794,61.415,0,0,32.054,0,0,0,31.406,0,39.137,27.218,35.864,60.746,39.575,25.804,35.634,59.571,7.159,23.799,0.266,27.898,189.372,101.045,7.257,7.023,11.269,6.811,1.174,1.598,2.341,2.880,3.662,0.949,1.605,2.306,2.972,3.497,1.398,7.172,0.781,0.461,7.090,0.745,0.464,2.586,191.522,104.094
SYN-000216,2025-01-09T23:00:00+07:00,2.795,232.239,3.296,807.686,39.279,28.696,35.951,60.975,0.602,0,30.797,0,1.067,0,30.728,0,38.998,27.802,35.277,61.593,39.279,26.925,35.164,64.060,7.003,24.001,0.278,25.022,197.922,98.416,6.948,7.474,10.055,7.929,1.300,1.700,2.283,2.882,3.569,1.424,1.603,2.337,2.861,3.595,1.176,7.102,0.925,0.436,7.225,0.906,0.468,1.955,198.796,96.837
SYN-000217,2025-01-10T00:00:00+07:00,2.793,233.354,3.342,795.252,0,0,31.306,0,0,0,32.306,0,41.274,29.133,34.949,63.902,41.024,27.777,34.912,68.030,39.168,27.688,35.627,63.272,6.989,20.615,0.293,26.405,195.205,95.260,6.934,5.410,10.761,4.525,0.542,1.645,2.245,2.971,3.567,0.390,1.725,2.317,3.025,3.618,0.694,7.098,0.234,0.456,7.232,0.273,0.455,2.472,197.627,96.322
SYN-000218,2025-01-10T01:00:00+07:00,2.739,228.277,3.314,799.384,1.032,0,31.643,0,0.537,0,31.310,0,42.226,28.638,36.348,70.866,42.773,30.024,35.792,70.173,42.677,31.140,35.314,66.451,6.978,24.412,0.263,27.039,213.795,97.178,6.881,10.214,12.038,10.705,1.582,1.716,2.310,2.900,3.645,1.678,1.634,2.316,2.986,3.620,1.486,7.233,1.184,0.477,7.165,1.190,0.499,1.510,212.433,97.980
SYN-000219,2025-01-10T02:00:00+07:00,2.712,226.984,3.294,837.809,0,0,31.735,0,0.630,0,30.462,0,43.180,30.555,34.697,70.243,42.937,29.613,35.948,65.958,43.053,29.296,34.904,70.757,6.983,27.640,0.249,32.351,185.884,96.034,7.021,9.600,13.110,9.977,1.641,1.675,2.251,2.936,3.587,1.527,1.664,2.294,2.993,3.605,1.755,7.188,1.249,0.532,7.127,1.272,0.508,1.511,180.822,97.172
SYN-000220,2025-01-10T03:00:00+07:00,2.804,223.069,3.326,836.698,0.691,0,31.687,0,0,0,31.761,0,44.131,30.311,36.199,68.532,43.297,31.023,35.689,67.542,43.393,29.921,36.202,67.826,7.070,26.779,0.209,31.618,187.680,109.531,7.196,9.118,12.259,9.081,1.435,1.737,2.328,2.958,3.624,1.384,1.715,2.295,2.885,3.584,1.486,7.117,0.934,0.565,7.011,0.956,0.447,2.506,191.236,107.763
SYN-000221,2025-01-10T04:00:00+07:00,2.802,228.443,3.365,851.987,0.726,0,31.224,0,0,0,31.739,0,45.105,32.926,35.771,72.065,45.127,32.551,36.667,72.860,45.768,32.069,36.349,73.925,7.051,25.845,0.289,31.230,197.939,95.897,7.080,9.147,13.615,9.832,1.355,1.769,2.258,2.912,3.628,1.235,1.605,2.316,2.878,3.648,1.475,7.187,1.087,0.476,7.207,1.086,0.472,3.331,201.629,101.156
SYN-000222,2025-01-10T05:00:00+07:00,2.758,233.952,3.341,854.393,0,0,31.789,0,0.854,0,31.381,0,44.434,28.975,35.767,69.482,44.881,28.640,36.102,68.104,44.239,31.231,36.038,72.509,7.132,23.981,0.344,27.433,202.284,102.097,7.110,7.768,11.432,8.209,1.241,1.663,2.226,2.936,3.543,1.178,1.614,2.313,3.006,3.603,1.304,7.070,0.924,0.504,7.217,0.957,0.468,2.190,194.766,107.461
SYN-000223,2025-01-10T06:00:00+07:00,2.744,235.030,3.289,847.046,0,0,31.827,0,0,0,31.622,0,44.153,30.400,35.890,72.590,45.585,32.619,35.793,70.981,44.886,30.534,35.667,72.032,7.164,24.700,0.220,27.719,205.673,90.336,7.187,8.198,12.811,8.062,1.369,1.674,2.284,2.922,3.601,1.315,1.627,2.169,2.972,3.644,1.424,7.076,1.002,0.410,7.185,0.993,0.416,1.949,209.854,89.554
SYN-000224,2025-01-10T07:00:00+07:00,2.748,229.154,3.342,876.171,0,0,31.845,0,0,0,32.131,0,45.193,31.076,35.562,70.493,44.915,31.728,36.314,73.732,45.528,30.957,36.743,74.038,7.130,26.466,0.249,27.466,182.438,104.724,7.018,9.088,10.859,9.190,1.486,1.637,2.378,2.946,3.579,1.540,1.669,2.298,3.033,3.606,1.432,7.103,1.151,0.497,7.208,1.114,0.419,1.459,176.199,105.304
SYN-000225,2025-01-10T08:00:00+07:00,2.749,238.933,3.269,836.714,0.718,0,31.826,0,45.509,31.460,36.260,72.674,45.552,30.748,36.221,71.628,44.194,30.238,35.932,68.228,0.897,0,31.743,0,7.043,25.610,0.295,28.730,191.183,99.102,7.028,10.705,14.116,11.067,1.748,1.676,2.265,2.967,3.579,1.760,1.677,2.254,2.933,3.639,1.736,7.124,1.365,0.426,7.126,1.361,0.474,1.594,186.352,97.106
SYN-000226,2025-01-10T09:00:00+07:00,2.768,235.004,3.316,843.705,0,0,31.699,0,44.253,31.616,36.468,68.487,42.698,30.827,35.911,66.024,45.538,30.772,35.463,73.076,1.426,0,31.313,0,7.070,25.494,0.273,31.366,208.657,98.594,7.095,8.231,10.993,8.066,1.262,1.714,2.285,2.993,3.601,1.291,1.621,2.234,2.956,3.589,1.232,7.086,0.905,0.483,7.033,0.966,0.443,1.462,212.620,98.384
SYN-000227,2025-01-10T10:00:00+07:00,2.763,226.561,3.330,796.392,0,0,31.546,0,42.186,30.243,35.167,65.708,43.027,31.289,36.948,66.991,42.740,32.036,35.317,67.624,0.209,0,31.821,0,7.039,27.049,0.282,24.925,184.580,95.601,7.071,7.710,12.164,7.634,1.092,1.692,2.323,2.978,3.654,0.990,1.656,2.288,2.930,3.608,1.193,7.131,0.836,0.487,7.140,0.816,0.458,2.031,178.174,93.516
SYN-000228,2025-01-10T11:00:00+07:00,2.743,224.484,3.303,808.456,0,0,30.818,0,41.008,27.168,35.417,65.043,41.299,27.735,36.272,65.509,42.146,29.981,36.315,67.453,0.427,0,31.123,0,7.029,26.812,0.290,29.795,196.610,103.678,7.095,10.467,13.700,10.401,1.811,1.722,2.267,3.026,3.543,1.858,1.622,2.268,2.923,3.595,1.764,7.121,1.448,0.492,7.106,1.402,0.381,2.501,200.006,105.191
SYN-000229,2025-01-10T12:00:00+07:00,2.731,224.001,3.253,790.052,0.057,0,30.518,0,40.376,27.500,35.727,63.959,41.386,29.050,35.162,66.209,40.511,28.941,35.188,63.858,0,0,31.785,0,7.120,21.855,0.218,29.826,214.992,102.339,7.211,8.712,14.469,8.009,1.386,1.689,2.277,2.991,3.720,1.294,1.649,2.333,3.023,3.640,1.478,7.012,0.985,0.493,7.196,0.993,0.515,2.282,213.228,98.571
SYN-000230,2025-01-10T13:00:00+07:00,2.697,235.054,3.286,781.403,0.207,0,31.890,0,41.240,28.810,35.859,70.137,40.068,27.292,34.925,62.739,41.150,28.830,35.498,66.821,0,0,30.876,0,6.826,24.294,0.273,26.940,195.773,97.046,6.735,9.197,13.550,8.865,1.576,1.626,2.291,3.005,3.555,1.332,1.637,2.313,2.968,3.677,1.821,7.235,1.117,0.500,7.171,1.137,0.492,1.949,193.392,95.714
SYN-000231,2025-01-10T14:00:00+07:00,2.716,221.840,3.222,806.811,0,0,30.470,0,40.570,30.051,35.552,65.137,39.007,27.907,35.433,61.049,39.663,27.678,34.928,67.422,0.180,0,31.082,0,7.018,24.641,0.250,29.257,180.710,92.442,7.063,8.757,13.236,9.370,1.466,1.600,2.378,2.866,3.652,1.600,1.701,2.360,2.907,3.637,1.333,7.220,1.039,0.495,7.043,1.066,0.469,1.669,180.379,91.878
SYN-000232,2025-01-10T15:00:00+07:00,2.675,216.039,3.333,788.956,0.497,0,31.232,0,37.053,27.701,35.025,59.894,38.269,27.811,35.837,60.759,39.087,30.173,35.094,59.979,0,0,30.882,0,7.094,28.419,0.294,34.486,182.804,102.143,7.036,9.662,14.509,9.092,1.551,1.681,2.353,2.968,3.581,1.363,1.745,2.246,2.917,3.531,1.739,7.092,1.041,0.466,7.073,1.066,0.496,2.926,194.837,99.657
SYN-000233,2025-01-10T16:00:00+07:00,2.685,227.420,3.295,828.159,37.996,27.157,35.118,62.606,36.538,24.617,36.242,59.748,38.000,25.520,35.146,59.979,0,0,31.573,0,0,0,31.630,0,7.043,24.316,0.313,26.815,205.701,89.050,6.953,8.116,12.855,7.816,1.182,1.616,2.294,2.873,3.620,1.263,1.691,2.334,2.985,3.601,1.102,7.155,0.753,0.452,7.229,0.721,0.472,1.430,203.255,91.823
SYN-000234,2025-01-10T17:00:00+07:00,2.658,224.002,3.291,788.415,36.318,27.260,34.540,59.244,37.104,27.609,35.256,60.242,36.873,26.942,35.283,60.567,0.453,0,31.792,0,1.393,0,31.322,0,7.081,25.840,0.283,29.691,194.498,100.995,7.194,7.984,14.681,7.459,1.267,1.647,2.394,2.996,3.679,1.292,1.624,2.363,3.030,3.585,1.243,7.174,0.885,0.493,7.149,0.855,0.491,1.884,193.693,99.829
SYN-000235,2025-01-10T18:00:00+07:00,2.596,228.867,3.290,796.648,37.409,26.460,35.519,60.114,37.197,27.147,35.219,57.794,36.179,25.198,34.910,55.233,0,0,31.995,0,0,0,30.956,0,6.996,27.039,0.269,30.908,188.111,81.583,7.058,10.219,13.719,10.222,1.630,1.629,2.387,2.885,3.670,1.599,1.595,2.290,2.965,3.649,1.661,7.098,1.180,0.535,7.112,1.238,0.479,2.203,184.486,82.035
SYN-000236,2025-01-10T19:00:00+07:00,2.595,232.772,3.300,768.437,37.268,26.500,35.101,59.321,36.552,25.836,35.503,54.165,37.008,24.933,34.684,57.567,0,0,30.777,0,0.218,0,31.614,0,6.908,25.283,0.254,27.932,173.555,103.951,6.921,9.986,12.506,9.617,1.522,1.613,2.345,3.067,3.597,1.485,1.607,2.324,2.927,3.558,1.560,7.079,1.100,0.438,7.046,1.144,0.483,1.796,167.258,105.067
SYN-000237,2025-01-10T20:00:00+07:00,2.677,238.547,3.244,779.703,38.039,26.781,34.687,57.717,38.223,26.086,35.584,61.226,36.849,26.747,34.776,56.190,0,0,31.763,0,0.718,0,31.891,0,7.067,24.251,0.264,31.466,215.310,100.227,7.063,7.698,13.633,8.102,1.400,1.654,2.241,2.969,3.561,1.409,1.658,2.323,2.945,3.594,1.390,7.190,0.987,0.478,7.231,1.006,0.423,2.286,211.532,99.733
SYN-000238,2025-01-10T21:00:00+07:00,2.627,228.405,3.252,761.566,38.045,26.214,35.767,64.126,37.623,27.244,34.949,60.315,38.658,25.951,35.125,64.442,0,0,31.218,0,0.694,0,31.735,0,7.060,27.891,0.279,31.160,196.264,86.392,7.054,8.555,13.242,8.387,1.477,1.629,2.313,2.932,3.595,1.380,1.705,2.390,2.856,3.563,1.574,7.141,1.083,0.430,7.143,1.169,0.555,2.296,198.201,84.890
SYN-000239,2025-01-10T22:00:00+07:00,2.566,222.775,3.258,807.462,39.946,26.717,35.195,60.772,38.063,26.716,35.104,58.790,39.613,28.945,35.197,63.553,0.734,0,31.785,0,0,0,31.690,0,7.080,27.251,0.261,29.381,200.762,96.728,7.064,8.897,13.133,7.944,1.319,1.673,2.298,2.958,3.584,1.241,1.631,2.307,2.943,3.582,1.397,7.043,0.891,0.513,7.191,0.860,0.528,2.659,202.657,93.837
SYN-000240,2025-01-10T23:00:00+07:00,2.672,225.954,3.254,797.049,42.022,29.293,35.743,67.272,38.653,26.718,35.243,60.818,39.883,29.094,35.735,62.931,0.344,0,31.945,0,0,0,31.030,0,7.041,24.961,0.318,28.011,213.540,101.199,6.950,9.498,10.116,9.333,1.634,1.742,2.367,2.907,3.592,1.489,1.653,2.337,2.945,3.606,1.779,7.185,1.312,0.444,7.075,1.341,0.514,1.519,214.775,98.784
SYN-000241,2025-01-11T00:00:00+07:00,2.583,,3.255,827.361,40.489,29.188,35.524,65.348,40.353,29.824,35.750,64.062,0.536,0,31.367,0,1.007,0,31.519,0,40.934,28.526,35.406,65.269,7.062,26.953,0.360,29.405,206.897,91.382,6.976,8.486,13.664,8.935,1.533,1.667,2.262,2.934,3.503,1.398,1.662,2.247,2.953,3.706,1.668,7.186,1.083,0.527,7.122,0.983,0.463,1.892,206.400,92.274
SYN-000242,2025-01-11T01:00:00+07:00,2.546,,3.277,812.972,40.991,28.511,36.001,64.012,41.992,28.723,35.835,68.212,0,0,31.895,0,0,0,31.672,0,41.746,28.985,36.572,69.342,7.147,29.042,0.213,32.342,187.286,95.443,7.076,11.629,13.963,11.903,1.932,1.714,2.381,2.962,3.564,1.884,1.579,2.254,2.929,3.671,1.980,7.105,1.344,0.488,7.083,1.355,0.465,2.007,198.980,100.280
SYN-000243,2025-01-11T02:00:00+07:00,2.526,,3.217,804.413,43.322,30.299,35.392,68.609,42.588,30.402,35.375,69.091,0,0,31.685,0,0.405,0,31.193,0,43.023,29.818,35.794,67.955,6.938,23.397,0.266,32.477,213.840,102.936,7.018,7.657,14.587,7.252,1.309,1.674,2.330,2.856,3.640,1.255,1.614,2.280,2.893,3.604,1.363,7.126,0.880,0.454,7.141,0.842,0.477,2.135,208.681,105.071
SYN-000244,2025-01-11T03:00:00+07:00,2.561,,3.250,816.378,44.525,30.468,36.076,75.605,44.032,29.354,36.478,69.843,0,0,31.199,0,0.327,0,30.714,0,43.533,29.517,35.379,69.449,6.959,31.894,0.258,32.109,215.490,100.093,6.944,12.256,14.544,12.910,2.164,1.665,2.354,2.931,3.680,2.178,1.594,2.308,2.965,3.621,2.149,7.199,1.460,0.438,7.095,1.489,0.474,1.907,207.074,100.270
SYN-000245,2025-01-11T04:00:00+07:00,2.589,,3.227,834.076,43.595,31.661,35.810,69.938,45.641,30.978,35.857,70.099,0,0,31.552,0,0,0,30.754,0,45.020,30.916,36.091,70.666,7.079,28.704,0.291,30.161,210.997,110.333,7.059,11.376,13.641,10.377,1.792,1.654,2.251,2.822,3.614,1.692,1.655,2.285,2.873,3.547,1.893,7.205,1.263,0.432,7.142,1.321,0.444,1.662,224.328,109.107
SYN-000246,2025-01-11T05:00:00+07:00,2.530,,3.256,815.209,45.492,29.914,36.434,71.787,44.131,29.962,35.493,68.588,0,0,32.269,0,0,0,31.175,0,43.910,28.799,36.681,72.665,7.161,28.861,0.274,29.046,202.695,97.209,7.063,9.965,12.157,9.644,1.717,1.677,2.301,2.910,3.629,1.511,1.641,2.313,2.909,3.633,1.924,7.116,1.330,0.490,7.099,1.330,0.431,1.801,199.412,94.502
SYN-000247,2025-01-11T06:00:00+07:00,2.493,,3.226,814.359,44.494,29.056,35.790,73.211,44.092,31.675,36.120,69.224,0,0,30.665,0,0,0,31.386,0,44.946,30.929,35.940,71.742,6.983,25.277,0.257,25.789,192.990,92.631,6.922,8.812,10.006,8.305,1.247,1.631,2.213,2.905,3.598,1.319,1.656,2.351,2.958,3.502,1.174,7.162,1.035,0.503,7.082,1.018,0.447,1.581,192.286,91.257
SYN-000248,2025-01-11T07:00:00+07:00,2.516,,3.206,846.849,44.076,29.733,35.691,68.740,45.376,32.646,36.121,74.544,0.541,0,31.520,0,0,0,31.994,0,44.821,31.335,36.517,71.288,7.181,30.630,0.280,32.692,192.454,97.067,7.120,10.123,13.525,10.447,1.720,1.715,2.256,3.033,3.622,1.725,1.733,2.227,3.004,3.522,1.715,7.145,1.135,0.451,7.089,0.989,0.498,2.156,196.001,96.957
SYN-000249,2025-01-11T08:00:00+07:00,2.430,,3.208,852.916,43.672,28.753,34.930,67.553,0,0,31.583,0,0.537,0,30.861,0,44.980,30.581,35.577,72.821,44.353,31.511,35.921,73.172,6.985,27.564,0.246,32.041,206.816,95.129,6.960,10.512,13.582,10.807,1.633,1.624,2.269,2.922,3.628,1.682,1.669,2.296,3.061,3.522,1.584,7.096,1.247,0.467,7.134,1.247,0.544,2.997,196.324,92.268
SYN-000250,2025-01-11T09:00:00+07:00,2.500,,3.239,841.001,45.351,31.227,36.068,73.632,0,0,31.154,0,0.417,0,31.290,0,44.046,29.613,36.069,68.950,43.490,29.419,36.060,70.195,7.042,30.948,0.273,29.787,196.201,99.278,7.030,12.248,11.478,13.153,2.108,1.753,2.324,2.964,3.688,2.309,1.647,2.240,2.979,3.571,1.906,7.167,1.522,0.504,7.120,1.516,0.583,1.351,197.305,98.667
SYN-000251,2025-01-11T10:00:00+07:00,2.494,,3.199,806.935,43.442,29.090,35.103,69.028,1.212,0,30.687,0,0,0,31.859,0,42.560,29.967,35.404,68.111,42.493,28.084,35.885,68.803,7.104,30.287,0.300,31.188,196.704,98.209,7.127,9.989,15.083,9.602,1.696,1.708,2.369,2.931,3.661,1.792,1.694,2.307,2.964,3.570,1.601,7.192,1.311,0.483,7.134,1.283,0.517,1.780,202.274,96.765
SYN-000252,2025-01-11T11:00:00+07:00,2.436,,3.229,801.601,42.386,28.467,35.961,64.113,0,0,31.651,0,0,0,31.569,0,41.112,30.627,35.602,64.459,42.286,27.855,35.684,69.495,7.052,29.144,0.265,32.983,196.155,96.908,7.066,11.422,13.858,11.419,1.963,1.698,2.340,3.020,3.574,1.963,1.716,2.252,2.908,3.553,1.964,7.155,1.347,0.454,7.184,1.332,0.433,2.701,196.244,95.740
SYN-000253,2025-01-11T12:00:00+07:00,2.503,224.352,3.167,796.968,42.045,31.099,36.179,67.053,0.091,0,31.750,0,0.534,0,31.369,0,41.441,29.322,35.302,68.129,41.364,28.831,34.721,61.354,7.073,31.995,0.272,29.286,205.622,96.404,7.000,11.414,11.231,10.763,1.837,1.659,2.279,3.018,3.649,1.803,1.596,2.334,2.981,3.545,1.871,7.131,1.305,0.551,7.092,1.275,0.484,1.998,206.820,98.593
SYN-000254,2025-01-11T13:00:00+07:00,2.472,231.946,3.229,795.352,39.726,26.810,35.273,63.530,0.019,0,31.519,0,0,0,31.179,0,39.018,26.808,35.428,65.656,39.754,28.463,34.799,61.943,6.976,30.875,0.262,28.440,213.575,97.761,7.016,9.801,11.411,8.708,1.714,1.614,2.289,2.906,3.575,1.492,1.606,2.237,2.875,3.547,1.936,7.120,1.197,0.449,7.172,1.151,0.496,2.014,217.985,97.179
SYN-000255,2025-01-11T14:00:00+07:00,2.440,233.362,3.159,808.264,38.462,26.744,35.216,56.033,0.025,0,31.859,0,0.287,0,31.610,0,38.271,26.754,35.598,63.799,39.210,26.593,35.700,65.159,7.232,28.520,0.276,33.245,199.967,103.065,7.300,11.407,13.367,11.355,1.774,1.690,2.310,2.902,3.650,1.780,1.724,2.348,2.982,3.569,1.767,7.119,1.287,0.484,7.130,1.308,0.446,2.613,202.769,102.716
SYN-000256,2025-01-11T15:00:00+07:00,2.372,234.378,3.245,787.166,38.249,27.515,35.874,64.106,0.077,0,31.865,0,0.469,0,31.740,0,37.293,26.183,36.070,60.753,37.350,27.064,35.500,60.014,6.997,29.148,0.291,29.357,175.928,93.718,7.107,10.652,12.085,9.884,1.756,1.614,2.363,2.939,3.630,1.734,1.700,2.296,3.013,3.555,1.777,7.038,1.253,0.451,7.138,1.260,0.459,1.883,181.059,92.807
SYN-000257,2025-01-11T16:00:00+07:00,2.400,246.180,3.189,776.205,0,0,31.068,0,0,0,31.779,0,37.589,25.260,35.296,57.735,36.917,25.995,35.226,62.397,36.915,26.240,34.346,59.928,6.920,28.872,0.321,28.919,203.808,96.573,6.791,10.449,13.058,10.790,1.617,1.692,2.325,3.025,3.600,1.560,1.646,2.359,3.022,3.551,1.675,7.157,1.138,0.449,7.125,1.184,0.445,1.993,197.245,98.982
SYN-000258,2025-01-11T17:00:00+07:00,2.401,236.197,3.152,767.223,0.412,0,31.867,0,0.154,0,30.543,0,37.879,26.152,34.563,62.451,38.107,26.441,34.648,65.407,38.188,26.981,35.420,63.183,7.285,30.859,0.288,30.013,190.072,96.694,7.222,11.495,14.465,12.013,1.951,1.625,2.347,2.867,3.638,1.689,1.608,2.343,2.957,3.546,2.213,7.131,1.368,0.434,7.152,1.344,0.476,2.947,191.644,96.337
SYN-000259,2025-01-11T18:00:00+07:00,2.330,237.213,3.133,781.939,0,0,31.138,0,0.076,0,31.103,0,36.793,26.844,35.212,58.583,36.779,25.423,34.252,57.303,37.150,25.717,35.530,58.173,7.013,29.283,0.365,30.800,175.905,88.695,7.071,11.152,13.391,11.229,1.908,1.667,2.274,2.908,3.549,1.930,1.646,2.311,2.938,3.612,1.886,7.182,1.506,0.484,7.150,1.570,0.477,2.259,173.994,88.839
SYN-000260,2025-01-11T19:00:00+07:00,2.387,239.062,3.174,787.520,0.123,0,31.739,0,1.224,0,31.642,0,36.104,28.163,35.395,54.327,37.762,27.607,35.245,62.353,37.154,26.290,35.316,54.897,6.985,30.068,0.289,30.606,214.886,93.547,7.012,11.643,14.691,11.484,1.944,1.753,2.302,2.958,3.564,1.978,1.616,2.275,2.923,3.545,1.910,7.157,1.485,0.486,6.978,1.488,0.455,1.329,208.719,93.120
SYN-000261,2025-01-11T20:00:00+07:00,2.337,235.313,3.227,772.329,0,0,30.786,0,0.682,0,31.600,0,37.588,25.860,35.293,59.648,37.501,27.010,34.755,57.427,38.747,26.961,35.364,58.914,7.022,34.099,0.270,31.132,196.594,87.753,7.077,11.650,13.960,12.047,1.876,1.693,2.306,3.007,3.589,1.912,1.611,2.397,2.983,3.632,1.840,7.185,1.384,0.471,7.021,1.337,0.467,1.945,197.187,86.885
SYN-000262,2025-01-11T21:00:00+07:00,2.389,231.914,3.147,805.273,0.388,0,31.992,0,0.383,0,31.635,0,37.484,25.789,36.070,62.236,39.110,26.775,35.249,63.823,38.060,27.160,35.076,62.576,7.228,32.090,0.314,34.279,191.204,102.842,7.210,10.801,14.370,11.416,1.738,1.626,2.208,2.972,3.588,1.682,1.662,2.220,2.943,3.559,1.795,7.139,1.207,0.448,7.223,1.108,0.470,2.798,192.372,106.749
SYN-000263,2025-01-11T22:00:00+07:00,2.355,238.086,3.184,803.149,1.166,0,30.462,0,0,0,31.959,0,38.725,26.504,35.978,61.580,40.438,28.109,35.132,65.270,38.338,26.659,35.740,61.644,7.060,33.621,0.286,31.909,209.578,99.465,7.000,11.101,13.222,10.523,1.857,1.650,2.311,2.903,3.507,1.727,1.632,2.364,2.997,3.553,1.988,7.120,1.272,0.491,7.165,1.291,0.478,2.064,205.133,98.453
SYN-000264,2025-01-11T23:00:00+07:00,2.296,244.621,3.148,825.563,0.329,0,31.245,0,1.199,0,30.923,0,39.674,27.447,35.691,62.537,39.590,27.900,35.230,59.871,39.551,29.062,36.229,61.910,7.173,32.117,0.261,29.343,207.201,96.737,7.172,12.194,14.366,11.927,2.109,1.578,2.282,2.900,3.539,2.164,1.700,2.300,2.963,3.649,2.055,7.208,1.599,0.480,7.109,1.623,0.461,2.672,207.859,98.886
SYN-000265,2025-01-12T00:00:00+07:00,2.333,236.604,3.137,804.442,0,0,31.315,0,40.913,27.561,36.073,65.601,40.731,29.157,35.632,65.120,41.386,30.409,35.636,65.719,0.130,0,31.174,0,7.025,34.092,0.284,31.589,180.619,99.349,7.044,11.732,12.695,12.301,1.980,1.632,2.331,2.915,3.636,1.926,1.608,2.288,2.902,3.603,2.035,7.280,1.380,0.475,7.151,1.448,0.501,1.059,183.875,100.438
SYN-000266,2025-01-12T01:00:00+07:00,2.311,234.643,3.178,830.649,0,0,31.312,0,41.747,27.611,35.684,64.034,42.627,30.130,35.955,69.013,41.571,27.722,35.581,64.934,0,0,31.301,0,7.117,31.866,0.331,36.073,174.871,107.684,7.097,10.591,16.404,10.698,1.801,1.672,2.248,2.936,3.659,1.850,1.538,2.337,3.015,3.593,1.752,7.221,1.322,0.462,7.243,1.317,0.468,2.848,178.941,102.559
SYN-000267,2025-01-12T02:00:00+07:00,2.326,234.177,3.122,818.400,0,0,31.280,0,42.314,29.442,35.626,67.961,43.883,28.347,36.401,69.968,42.850,29.854,36.254,63.574,0,0,31.279,0,7.119,28.574,0.261,26.706,194.248,96.595,7.129,10.847,11.312,11.470,1.808,1.646,2.297,2.917,3.533,1.794,1.659,2.280,2.987,3.555,1.823,7.159,1.180,0.495,7.140,1.167,0.463,2.297,199.759,97.780
SYN-000268,2025-01-12T03:00:00+07:00,2.269,240.968,3.165,840.614,0,0,31.560,0,44.244,30.674,36.734,70.542,44.498,31.096,35.327,71.556,43.805,29.234,35.715,70.550,0,0,32.574,0,6.920,30.716,0.301,29.681,200.404,94.435,6.983,10.390,13.983,10.431,1.699,1.626,2.283,2.949,3.562,1.736,1.639,2.358,2.930,3.625,1.663,7.208,1.114,0.481,7.234,1.107,0.463,1.957,198.542,97.223
SYN-000269,2025-01-12T04:00:00+07:00,2.199,238.248,3.079,840.098,1.007,0,30.720,0,43.497,30.406,35.891,67.671,45.567,32.171,36.310,73.857,44.701,31.597,36.089,74.430,0.582,0,31.285,0,7.081,33.439,0.255,33.084,215.090,103.092,7.071,11.803,14.489,11.275,1.832,1.565,2.288,2.919,3.635,1.890,1.676,2.359,2.925,3.583,1.775,7.114,1.254,0.505,7.084,1.280,0.514,3.107,212.348,106.318
SYN-000270,2025-01-12T05:00:00+07:00,2.242,234.828,3.128,851.640,0.447,0,31.213,0,46.032,31.192,35.517,73.458,44.070,31.175,35.734,69.435,44.669,29.313,36.499,70.020,0.905,0,32.032,0,7.011,30.125,0.289,31.289,194.022,106.127,7.080,12.239,13.726,12.429,1.963,1.694,2.281,2.901,3.605,1.884,1.716,2.274,2.868,3.548,2.042,7.075,1.289,0.541,7.119,1.311,0.481,2.717,190.285,106.935
SYN-000271,2025-01-12T06:00:00+07:00,2.207,235.235,3.184,841.593,0,0,30.980,0,45.240,30.510,35.884,73.087,44.809,29.676,36.050,66.003,44.802,31.055,35.967,74.063,1.270,0,31.814,0,7.023,27.251,0.290,27.377,217.950,91.803,7.128,10.218,10.457,10.394,1.955,1.670,2.295,2.917,3.521,2.100,1.596,2.264,2.931,3.636,1.810,7.154,1.514,0.500,7.131,1.578,0.429,2.625,217.528,92.654
SYN-000272,2025-01-12T07:00:00+07:00,2.256,237.482,3.082,868.696,0.044,0,31.605,0,44.907,31.097,36.645,67.670,43.252,29.323,35.922,71.322,45.038,31.055,35.888,69.781,0.319,0,31.594,0,7.004,27.146,0.320,28.543,200.790,95.968,7.121,12.666,10.658,12.727,2.035,1.689,2.251,2.878,3.566,1.899,1.621,2.345,2.970,3.569,2.172,7.153,1.440,0.436,7.154,1.425,0.502,2.319,194.910,95.084
SYN-000273,2025-01-12T08:00:00+07:00,2.181,240.927,3.090,807.413,44.044,30.807,36.757,71.050,45.344,30.248,36.378,74.155,43.958,31.970,35.993,71.804,0.062,0,31.726,0,0.149,0,31.891,0,7.030,31.743,0.312,33.690,204.774,102.117,7.169,12.908,15.881,12.916,1.997,1.656,2.343,2.900,3.610,1.889,1.666,2.319,2.997,3.577,2.104,7.216,1.440,0.476,7.139,1.433,0.509,2.150,209.729,103.472
SYN-000274,2025-01-12T09:00:00+07:00,2.186,236.370,3.075,842.104,43.908,31.214,35.920,69.082,43.346,29.905,35.636,66.221,43.301,31.121,35.785,69.552,0.454,0,30.698,0,0.709,0,31.416,0,7.053,29.414,0.266,30.989,182.907,100.929,7.033,9.812,14.985,10.570,1.530,1.620,2.269,2.978,3.574,1.526,1.742,2.263,2.961,3.606,1.535,7.228,1.157,0.436,7.191,1.169,0.524,2.665,194.630,101.334
SYN-000275,2025-01-12T10:00:00+07:00,2.205,234.255,3.083,818.232,42.707,29.437,35.457,67.800,43.469,29.360,35.726,69.005,43.343,31.758,35.347,70.022,0.745,0,32.163,0,0.118,0,31.312,0,6.924,30.297,0.270,31.040,187.459,98.180,6.974,11.533,14.473,11.107,1.681,1.677,2.258,3.035,3.594,1.652,1.686,2.263,2.898,3.552,1.711,7.192,1.290,0.419,7.120,1.320,0.480,2.352,190.096,101.342
SYN-000276,2025-01-12T11:00:00+07:00,2.228,231.795,3.110,813.041,42.006,29.190,36.238,72.376,42.428,30.503,34.964,66.017,41.252,28.247,35.542,64.036,0.236,0,31.899,0,1.711,0,31.758,0,7.071,36.634,0.300,34.178,243.500,101.246,7.129,12.588,14.261,11.895,1.909,1.650,2.354,2.977,3.594,1.741,1.718,2.319,2.984,3.625,2.078,7.145,1.327,0.434,7.163,1.391,0.428,2.442,245.894,101.468
SYN-000277,2025-01-12T12:00:00+07:00,2.140,236.521,3.094,804.629,41.419,28.698,35.209,67.041,41.201,29.883,35.875,64.395,40.932,30.358,36.421,65.324,0.591,0,31.780,0,0,0,31.457,0,7.237,29.629,0.248,32.436,200.813,98.475,7.230,10.810,13.176,11.318,1.692,1.553,2.284,2.926,3.549,1.698,1.600,2.347,2.865,3.656,1.686,7.150,1.221,0.457,7.096,1.130,0.529,2.191,197.136,101.876
SYN-000278,2025-01-12T13:00:00+07:00,2.132,238.818,3.130,787.177,39.442,27.166,35.792,62.606,40.153,29.042,35.035,64.018,40.064,26.954,35.297,64.930,0.484,0,31.476,0,0.763,0,31.767,0,7.091,29.040,0.271,29.467,203.648,93.573,7.155,10.272,13.435,10.563,1.840,1.563,2.310,2.966,3.605,1.869,1.676,2.290,2.947,3.600,1.810,7.186,1.336,0.521,7.193,1.358,0.471,1.387,210.240,90.771
SYN-000279,2025-01-12T14:00:00+07:00,2.153,235.342,3.099,809.905,39.225,27.996,35.221,60.884,39.294,28.328,35.685,60.379,38.417,28.353,35.032,61.669,0.438,0,31.817,0,1.664,0,31.882,0,7.145,29.550,0.242,31.990,213.875,99.485,7.104,10.285,15.004,11.125,1.746,1.548,2.272,2.984,3.627,1.772,1.654,2.339,2.960,3.676,1.719,7.147,1.397,0.482,7.213,1.432,0.495,2.491,224.098,101.892
SYN-000280,2025-01-12T15:00:00+07:00,2.132,250.436,3.113,776.802,37.681,27.274,35.373,60.075,38.392,27.974,34.830,59.013,38.131,26.362,35.227,59.688,0.393,0,31.482,0,0,0,31.858,0,7.224,28.498,0.279,29.968,216.367,98.411,7.219,10.088,12.229,10.275,1.698,1.653,2.337,2.997,3.688,1.642,1.705,2.238,2.890,3.602,1.755,7.132,1.266,0.432,7.105,1.246,0.490,2.820,214.690,99.723
SYN-000281,2025-01-12T16:00:00+07:00,2.155,252.476,3.109,794.136,36.533,25.567,34.332,58.314,37.221,24.773,35.261,56.042,0,0,31.799,0,0.117,0,31.753,0,36.274,25.747,34.558,59.922,7.053,28.088,0.277,29.826,203.332,94.603,7.094,12.009,12.847,11.528,2.071,1.565,2.259,2.910,3.615,1.898,1.684,2.309,2.960,3.575,2.245,7.102,1.479,0.469,7.275,1.438,0.433,2.510,208.756,95.879
SYN-000282,2025-01-12T17:00:00+07:00,2.145,245.589,3.086,759.471,37.345,28.119,35.176,60.227,36.656,26.389,34.823,60.591,0,0,31.624,0,0.543,0,32.381,0,38.504,27.861,34.732,59.618,6.984,31.162,0.282,30.597,199.328,93.959,7.012,9.597,11.194,9.510,1.526,1.694,2.350,2.941,3.661,1.493,1.658,2.304,2.960,3.582,1.560,7.128,1.086,0.452,7.103,1.081,0.488,1.022,192.363,93.979
SYN-000283,2025-01-12T18:00:00+07:00,2.129,252.680,3.086,786.450,37.219,26.634,35.119,59.571,37.200,25.647,34.023,62.192,0,0,32.435,0,0,0,30.971,0,37.311,25.755,35.599,60.261,7.059,29.356,0.273,28.549,213.545,98.976,7.047,9.821,12.886,8.952,1.678,1.690,2.180,2.948,3.635,1.623,1.662,2.211,3.028,3.610,1.733,7.138,1.139,0.533,7.187,1.164,0.435,2.296,207.045,99.151
SYN-000284,2025-01-12T19:00:00+07:00,2.070,246.700,3.106,769.978,37.854,26.079,35.184,61.761,37.951,26.272,35.333,61.715,0.868,0,31.600,0,0.587,0,31.676,0,36.531,26.877,35.672,59.517,7.056,33.475,0.321,27.630,204.894,96.915,7.179,11.737,11.890,11.262,1.985,1.664,2.308,3.075,3.700,2.013,1.628,2.266,3.013,3.573,1.956,7.058,1.516,0.455,7.095,1.518,0.462,1.924,213.070,99.646
SYN-000285,2025-01-12T20:00:00+07:00,2.113,247.959,3.085,784.558,37.589,27.315,34.651,61.922,36.145,26.265,35.154,58.031,0.198,0,31.494,0,0.985,0,32.484,0,37.556,26.793,35.326,60.844,7.085,33.858,0.306,31.803,230.515,95.094,7.015,13.423,14.639,13.605,2.225,1.660,2.260,2.912,3.601,1.966,1.615,2.328,2.963,3.545,2.484,7.170,1.629,0.423,7.085,1.623,0.453,2.334,217.951,98.719
SYN-000286,2025-01-12T21:00:00+07:00,2.111,235.958,3.093,809.210,38.738,26.359,35.526,60.029,39.143,28.957,36.263,62.556,0.412,0,31.521,0,0.266,0,31.914,0,37.464,27.155,35.011,63.041,6.970,31.394,0.264,33.392,196.918,104.570,7.009,9.709,14.320,9.556,1.676,1.658,2.321,3.002,3.586,1.800,1.621,2.231,3.020,3.628,1.551,7.103,1.199,0.472,7.135,1.197,0.418,2.459,198.602,102.406
SYN-000287,2025-01-12T22:00:00+07:00,2.122,241.395,3.089,782.801,38.827,27.499,34.992,58.399,38.970,29.477,35.485,62.261,0,0,31.315,0,0.016,0,30.895,0,39.199,28.518,35.873,62.151,6.918,32.076,0.326,32.973,175.849,92.404,6.824,11.241,14.552,11.034,1.864,1.728,2.323,2.954,3.685,1.754,1.553,2.271,2.913,3.621,1.975,7.053,1.430,0.452,7.114,1.427,0.400,2.189,176.394,93.271
SYN-000288,2025-01-12T23:00:00+07:00,2.116,247.909,3.057,811.168,38.472,28.912,35.193,60.936,40.891,30.793,35.634,67.282,0,0,31.881,0,0,0,31.777,0,40.238,27.744,36.142,64.937,7.118,31.960,0.285,30.798,195.339,97.481,7.159,12.166,12.503,11.937,2.062,1.605,2.314,2.884,3.545,2.038,1.684,2.270,2.995,3.663,2.086,7.146,1.482,0.458,7.202,1.505,0.444,2.460,186.463,96.062
SYN-000289,2025-01-13T00:00:00+07:00,2.094,254.615,3.095,809.522,40.767,27.698,35.280,65.440,1.668,0,31.637,0,0.453,0,31.451,0,41.886,28.929,35.491,66.899,41.932,29.082,35.827,68.239,6.971,26.694,0.294,28.941,190.281,93.066,7.038,9.704,11.373,9.823,1.751,1.567,2.220,2.850,3.564,1.827,1.648,2.368,2.996,3.607,1.675,7.129,1.287,0.493,7.038,1.299,0.530,1.241,189.045,92.132
SYN-000290,2025-01-13T01:00:00+07:00,2.131,253.317,3.054,811.528,42.190,30.303,35.411,68.925,0.608,0,31.659,0,0,0,31.783,0,42.548,28.625,35.716,67.810,41.287,26.940,36.335,68.065,7.005,33.700,0.263,32.254,226.675,87.731,6.995,12.822,13.445,12.763,2.103,1.642,2.354,3.014,3.610,2.026,1.611,2.294,2.960,3.631,2.180,7.102,1.524,0.478,7.096,1.563,0.460,2.421,227.869,88.351
SYN-000291,2025-01-13T02:00:00+07:00,2.114,251.894,3.045,838.520,43.224,30.475,35.906,68.066,0,0,31.256,0,0.193,0,31.572,0,42.540,30.383,35.746,67.438,42.877,29.729,35.780,65.831,7.160,30.873,0.263,32.073,195.196,90.626,7.104,11.014,13.218,11.352,1.844,1.599,2.211,3.000,3.600,1.721,1.733,2.337,2.938,3.575,1.967,7.115,1.358,0.492,7.172,1.320,0.471,2.181,200.089,92.103
SYN-000292,2025-01-13T03:00:00+07:00,2.158,253.494,3.078,839.728,44.035,32.167,35.581,67.767,0.148,0,31.761,0,0,0,31.978,0,44.021,30.934,35.595,69.921,43.144,28.689,36.046,68.123,7.013,34.520,0.320,33.416,211.650,99.336,6.903,13.144,14.833,13.270,2.362,1.654,2.314,2.957,3.670,2.223,1.647,2.223,3.008,3.640,2.502,7.159,1.699,0.488,7.093,1.621,0.539,2.806,208.266,99.349
SYN-000293,2025-01-13T04:00:00+07:00,2.103,240.256,3.028,810.405,46.471,32.120,35.600,73.757,0,0,31.810,0,0.512,0,31.129,0,44.140,32.379,35.780,74.188,44.495,30.581,35.527,76.202,6.938,33.121,0.220,32.555,200.723,97.711,6.949,12.208,14.403,12.174,2.032,1.520,2.437,2.912,3.561,2.049,1.719,2.260,2.924,3.556,2.016,7.195,1.453,0.490,7.101,1.440,0.445,2.255,210.267,97.692
SYN-000294,2025-01-13T05:00:00+07:00,2.134,249.939,3.039,855.729,44.066,30.066,36.271,70.040,1.272,0,31.400,0,0,0,30.900,0,45.609,31.498,36.451,73.485,45.598,29.907,36.538,72.050,7.204,26.633,0.223,32.340,208.054,97.364,7.256,10.038,15.162,10.258,1.591,1.581,2.307,2.968,3.660,1.505,1.587,2.281,2.876,3.606,1.677,7.132,1.120,0.530,7.080,1.067,0.481,2.394,215.548,94.456
SYN-000295,2025-01-13T06:00:00+07:00,2.080,244.415,3.061,834.392,44.613,30.855,35.425,70.814,0,0,32.154,0,0,0,32.193,0,44.526,30.000,36.098,71.356,45.394,32.992,35.779,75.764,7.216,27.840,0.327,28.454,201.381,101.931,7.160,10.768,13.255,10.378,1.941,1.611,2.266,2.867,3.576,1.920,1.654,2.289,2.847,3.610,1.962,7.138,1.388,0.474,7.119,1.394,0.501,2.091,204.390,102.171
SYN-000296,2025-01-13T07:00:00+07:00,2.112,250.703,3.100,838.444,45.082,31.169,35.558,73.485,0,0,31.740,0,0,0,30.817,0,44.523,32.459,35.601,70.878,44.548,32.728,35.643,71.479,7.020,29.697,0.285,32.258,213.960,102.276,7.002,9.888,14.452,10.038,1.829,1.757,2.279,2.959,3.659,1.731,1.693,2.275,2.940,3.609,1.928,7.143,1.345,0.479,7.048,1.343,0.508,2.749,203.674,102.110
SYN-000297,2025-01-13T08:00:00+07:00,2.125,247.761,3.066,827.004,0,0,32.195,0,0,0,31.518,0,43.096,29.777,35.192,71.799,43.516,32.028,35.582,67.861,44.895,31.643,35.955,71.234,7.062,28.364,0.335,24.881,218.199,104.234,7.086,11.547,9.427,11.399,1.778,1.575,2.281,3.035,3.629,1.659,1.693,2.434,2.930,3.602,1.896,7.196,1.334,0.522,7.131,1.370,0.535,2.455,217.638,106.091
SYN-000298,2025-01-13T09:00:00+07:00,2.113,253.072,3.105,867.537,0,0,30.996,0,1.542,0,31.502,0,43.265,30.849,35.428,71.190,44.387,29.895,35.802,76.480,44.775,31.490,35.748,70.633,7.018,29.400,0.290,28.043,200.470,99.603,6.909,10.535,11.609,11.004,1.509,1.576,2.273,2.978,3.656,1.434,1.681,2.343,2.956,3.633,1.584,7.126,1.136,0.549,7.157,1.142,0.480,1.790,197.092,99.336
SYN-000299,2025-01-13T10:00:00+07:00,2.135,248.219,3.055,834.698,0.309,0,31.089,0,0.027,0,31.057,0,41.912,29.424,35.757,70.474,43.333,29.476,35.997,67.461,43.261,30.399,35.097,66.898,7.071,29.208,0.277,27.036,192.965,92.685,6.994,9.790,13.889,9.930,1.638,1.635,2.259,2.919,3.580,1.695,1.673,2.383,2.870,3.744,1.581,7.114,1.230,0.491,7.215,1.224,0.421,1.470,184.728,88.217
SYN-000300,2025-01-13T11:00:00+07:00,2.052,258.921,3.111,794.158,0,0,31.691,0,0.276,0,31.743,0,42.326,30.501,35.562,67.102,41.854,29.216,35.526,64.635,42.345,28.833,36.219,65.602,7.071,28.957,0.343,30.565,198.091,95.578,7.009,7.815,13.460,7.409,1.447,1.574,2.250,3.009,3.530,1.382,1.695,2.297,2.964,3.531,1.511,7.163,0.937,0.498,7.206,0.917,0.468,2.452,206.717,96.788
SYN-000301,2025-01-13T12:00:00+07:00,2.137,253.127,3.056,797.200,0.330,0,31.663,0,0.666,0,32.059,0,39.957,28.333,35.853,63.070,41.365,28.773,35.938,67.497,40.637,29.280,35.838,67.798,7.090,25.115,0.293,27.661,179.237,102.060,7.093,9.615,13.162,9.479,1.629,1.670,2.243,2.886,3.584,1.618,1.675,2.281,2.948,3.534,1.640,7.117,1.282,0.418,7.073,1.290,0.543,2.480,185.202,102.109
SYN-000302,2025-01-13T13:00:00+07:00,2.138,249.327,3.048,806.803,0,0,32.278,0,0,0,31.593,0,40.500,31.150,35.624,67.615,39.484,28.317,35.655,63.216,40.298,28.406,36.162,64.380,7.120,31.417,0.230,31.259,193.072,96.658,7.187,10.493,13.893,10.373,1.604,1.630,2.332,3.068,3.570,1.581,1.645,2.239,3.007,3.588,1.627,7.143,1.213,0.446,7.154,1.167,0.465,2.198,185.313,96.618
SYN-000303,2025-01-13T14:00:00+07:00,2.087,247.228,3.068,792.864,0,0,31.554,0,0,0,31.134,0,39.538,27.746,35.898,64.655,40.076,28.156,36.162,63.919,38.002,26.419,35.270,62.926,7.126,25.601,0.266,30.159,194.759,96.141,7.243,8.944,14.157,8.968,1.385,1.732,2.242,2.965,3.620,1.277,1.599,2.272,2.971,3.527,1.493,7.236,1.078,0.462,7.032,1.085,0.433,2.305,182.531,96.926
SYN-000304,2025-01-13T15:00:00+07:00,2.134,260.591,3.095,794.306,0,0,31.227,0,0,0,31.496,0,38.173,26.645,35.864,60.128,37.831,25.869,35.170,59.257,37.462,24.947,34.961,62.772,7.050,26.248,0.275,30.872,221.072,102.048,7.148,9.258,12.694,9.009,1.713,1.637,2.226,2.942,3.704,1.650,1.683,2.367,3.008,3.518,1.777,7.115,1.174,0.535,7.165,1.148,0.448,1.806,218.949,104.035
SYN-000305,2025-01-13T16:00:00+07:00,2.108,258.492,3.139,797.813,0,0,30.611,0,36.346,27.637,34.913,56.791,38.394,26.857,35.269,59.306,36.451,27.453,34.962,58.121,0,0,30.649,0,7.093,27.361,0.267,28.046,205.936,93.443,7.087,10.287,12.155,10.953,1.733,1.590,2.300,2.946,3.586,1.515,1.686,2.303,2.931,3.544,1.952,7.139,1.303,0.484,7.045,1.349,0.458,2.360,216.917,92.028
SYN-000306,2025-01-13T17:00:00+07:00,2.096,259.522,3.071,793.192,0,0,31.924,0,36.935,26.325,35.545,59.655,36.741,26.485,34.467,58.610,37.933,24.784,35.751,62.870,0,0,32.247,0,6.975,29.573,0.282,30.986,230.540,101.647,7.001,9.898,13.127,9.695,1.695,1.666,2.349,2.922,3.568,1.731,1.667,2.273,2.982,3.595,1.658,7.215,1.287,0.486,7.087,1.281,0.439,1.971,225.189,103.612
SYN-000307,2025-01-13T18:00:00+07:00,2.149,259.454,3.100,766.731,0,0,31.366,0,37.087,27.225,34.751,59.612,38.051,27.659,35.247,58.649,36.422,26.792,35.114,60.961,0.427,0,31.918,0,7.100,24.359,0.306,28.523,202.255,96.850,7.132,7.708,13.311,8.080,1.381,1.596,2.259,2.931,3.679,1.318,1.697,2.308,2.977,3.662,1.444,7.113,0.991,0.492,7.184,0.957,0.397,1.746,197.917,97.302
SYN-000308,2025-01-13T19:00:00+07:00,2.177,255.266,3.130,784.987,0.058,0,31.611,0,37.392,26.789,35.181,56.462,37.029,26.267,34.951,61.133,37.119,25.522,34.569,61.212,0,0,31.393,0,7.039,27.032,0.300,28.042,219.425,105.137,7.078,10.070,12.473,9.303,1.668,1.624,2.341,2.942,3.497,1.629,1.722,2.251,2.964,3.566,1.707,7.189,1.170,0.514,7.033,1.161,0.555,1.850,220.088,105.818
SYN-000309,2025-01-13T20:00:00+07:00,2.151,248.552,3.110,782.474,1.223,0,32.311,0,37.835,27.571,35.044,57.232,37.909,25.368,35.171,60.102,36.198,27.311,34.336,56.465,0.526,0,31.679,0,7.019,28.719,0.264,31.148,208.214,98.146,6.927,9.218,11.767,8.754,1.436,1.675,2.261,2.965,3.561,1.350,1.676,2.341,2.889,3.632,1.522,7.241,1.063,0.508,7.203,1.091,0.386,1.567,208.490,100.624
SYN-000310,2025-01-13T21:00:00+07:00,2.163,258.269,3.082,785.668,0.227,0,31.174,0,37.414,27.206,35.461,60.209,38.199,25.172,35.009,62.359,37.715,27.971,35.096,63.767,0.053,0,31.335,0,6.950,26.301,0.253,26.806,188.492,95.761,6.923,8.350,12.408,8.342,1.444,1.652,2.300,2.851,3.550,1.462,1.613,2.278,2.932,3.573,1.427,7.202,1.038,0.480,7.153,1.064,0.494,1.599,190.213,96.966
SYN-000311,2025-01-13T22:00:00+07:00,2.245,255.560,3.114,811.930,0,0,31.954,0,39.430,27.576,35.195,64.734,39.156,26.456,35.857,62.638,38.409,27.971,35.248,63.738,1.289,0,31.898,0,7.093,26.216,0.343,27.358,212.140,93.213,7.097,9.405,12.040,10.322,1.607,1.733,2.325,2.922,3.590,1.575,1.715,2.345,2.918,3.655,1.640,7.110,1.122,0.546,7.244,1.073,0.471,1.245,206.093,91.126
SYN-000312,2025-01-13T23:00:00+07:00,2.172,260.965,3.122,803.056,0,0,31.450,0,40.125,28.959,34.677,64.605,39.585,27.784,35.109,61.196,40.420,28.197,36.191,63.878,0,0,31.585,0,7.114,25.246,0.268,27.583,206.382,96.431,7.085,9.799,14.305,9.522,1.581,1.659,2.300,2.957,3.703,1.470,1.624,2.324,2.945,3.596,1.692,7.185,1.247,0.486,7.184,1.243,0.463,2.448,202.022,101.513
SYN-000313,2025-01-14T00:00:00+07:00,2.145,256.544,3.125,825.163,39.830,26.713,34.874,63.555,40.045,29.066,35.294,66.021,41.635,28.807,35.517,68.101,0,0,31.146,0,1.043,0,31.069,0,7.030,27.364,0.277,29.922,193.186,99.393,7.086,10.170,12.294,10.596,1.656,1.731,2.291,2.889,3.604,1.634,1.626,2.289,3.015,3.667,1.677,7.136,1.116,0.461,7.089,1.126,0.443,1.313,196.238,100.160
SYN-000314,2025-01-14T01:00:00+07:00,2.202,255.712,3.096,814.631,42.538,30.888,36.570,66.106,41.944,29.724,35.567,65.072,42.661,29.360,36.508,67.823,1.698,0,31.561,0,0,0,31.095,0,6.899,24.068,0.305,26.912,196.966,101.473,6.919,8.663,11.082,9.316,1.316,1.673,2.212,2.984,3.609,1.249,1.624,2.294,2.931,3.538,1.382,7.185,0.937,0.479,7.189,0.977,0.462,1.654,194.839,104.127
SYN-000315,2025-01-14T02:00:00+07:00,2.178,260.548,3.121,829.226,43.605,29.741,36.091,65.485,43.334,31.918,36.305,67.320,43.216,31.221,35.850,70.505,0.002,0,31.591,0,0,0,31.814,0,7.039,29.661,0.276,30.301,205.040,96.970,7.102,10.660,12.130,11.351,1.817,1.642,2.267,2.921,3.587,1.655,1.707,2.374,2.947,3.580,1.980,7.165,1.350,0.523,7.081,1.351,0.458,1.832,209.763,97.038
SYN-000316,2025-01-14T03:00:00+07:00,2.204,261.752,3.122,845.054,44.270,32.536,36.083,69.784,43.235,30.383,36.485,69.753,43.562,31.471,35.517,69.198,0.327,0,30.624,0,0.034,0,31.338,0,6.998,25.595,0.241,27.736,203.737,101.624,6.973,9.839,11.454,10.127,1.613,1.672,2.195,2.869,3.634,1.359,1.650,2.317,2.992,3.671,1.867,7.079,1.178,0.465,7.009,1.175,0.377,1.466,197.800,102.088
SYN-000317,2025-01-14T04:00:00+07:00,2.210,255.162,3.128,851.972,44.832,31.491,36.247,74.642,44.374,28.054,36.091,69.381,43.985,32.025,35.746,68.506,0.930,0,31.510,0,0.690,0,31.833,0,7.074,24.820,0.283,24.688,205.543,102.731,7.118,9.459,11.563,9.281,1.665,1.615,2.264,2.934,3.580,1.581,1.607,2.284,2.940,3.648,1.749,7.116,1.275,0.515,7.216,1.277,0.447,1.801,210.204,103.779
SYN-000318,2025-01-14T05:00:00+07:00,2.210,255.591,3.107,851.039,45.283,30.721,35.442,75.408,44.860,30.042,36.134,69.809,45.532,31.663,36.306,76.286,0,0,30.516,0,0,0,31.456,0,7.198,24.317,0.292,28.522,216.478,99.557,7.308,7.475,12.550,8.227,1.349,1.655,2.260,2.962,3.620,1.234,1.605,2.229,2.881,3.587,1.464,7.211,0.810,0.486,7.195,0.810,0.420,2.248,223.484,100.348
SYN-000319,2025-01-14T06:00:00+07:00,2.216,258.147,3.084,843.736,44.850,31.406,36.690,74.015,44.623,30.041,35.728,67.790,44.785,29.803,35.179,71.467,0,0,30.772,0,0.950,0,31.353,0,7.115,25.742,0.294,28.113,217.125,91.447,7.059,9.216,10.089,9.105,1.440,1.729,2.348,2.899,3.609,1.467,1.745,2.294,2.933,3.595,1.413,7.213,1.074,0.490,7.116,1.050,0.377,1.434,224.715,88.830
SYN-000320,2025-01-14T07:00:00+07:00,2.199,276.880,3.105,843.097,46.431,31.093,36.050,76.977,45.560,32.644,35.378,72.168,44.843,30.188,36.143,70.030,0.484,0,31.443,0,0.600,0,31.841,0,6.979,27.095,0.273,31.966,219.142,98.906,6.932,10.868,13.055,10.618,1.740,1.597,2.356,2.914,3.625,1.470,1.606,2.298,2.943,3.566,2.010,7.135,1.140,0.462,7.206,1.139,0.406,1.741,221.105,99.044
SYN-000321,2025-01-14T08:00:00+07:00,2.278,261.387,3.085,835.315,44.894,28.882,36.593,71.921,44.632,30.153,36.202,75.188,0,0,30.963,0,0.483,0,30.991,0,44.929,29.627,36.124,72.129,7.010,29.649,0.300,31.596,235.503,93.365,6.880,8.615,14.608,8.608,1.489,1.587,2.296,2.988,3.608,1.260,1.670,2.252,2.883,3.657,1.718,7.195,1.077,0.507,7.181,1.148,0.481,2.322,229.417,91.200
SYN-000322,2025-01-14T09:00:00+07:00,2.258,261.527,3.132,850.868,44.577,30.338,36.078,74.275,43.391,30.476,35.330,69.219,0,0,31.453,0,0.396,0,31.672,0,43.822,29.580,35.610,71.710,7.015,25.515,0.294,24.813,196.969,91.367,7.066,9.368,12.108,8.609,1.687,1.625,2.267,2.926,3.574,1.639,1.595,2.189,2.977,3.566,1.735,7.243,1.306,0.511,7.188,1.270,0.456,3.008,195.109,97.396
SYN-000323,2025-01-14T10:00:00+07:00,2.268,266.023,3.126,828.766,43.656,30.454,36.301,72.688,42.454,29.221,35.627,68.224,0.600,0,31.212,0,0,0,31.115,0,42.838,29.002,35.246,67.067,7.100,23.515,0.304,28.122,217.217,98.896,7.118,9.581,11.285,9.837,1.553,1.663,2.304,2.944,3.650,1.736,1.673,2.296,2.911,3.575,1.370,7.106,1.059,0.446,7.220,0.991,0.478,2.290,214.015,97.298
SYN-000324,2025-01-14T11:00:00+07:00,2.271,270.338,3.136,822.227,41.695,29.709,35.542,64.942,41.642,29.926,35.588,67.444,0.315,0,31.665,0,0,0,31.003,0,41.590,29.398,35.371,68.083,7.104,16.074,0.302,24.503,207.441,103.140,6.992,6.388,10.349,6.262,1.047,1.689,2.292,2.979,3.529,1.034,1.595,2.241,2.910,3.611,1.060,7.158,0.859,0.518,7.168,0.927,0.451,2.328,210.715,102.448
SYN-000325,2025-01-14T12:00:00+07:00,2.309,262.556,3.114,809.203,40.564,27.727,35.253,65.378,40.482,29.407,36.183,64.128,0.549,0,31.934,0,0.164,0,31.471,0,41.324,27.592,35.272,64.990,7.064,25.383,0.262,25.327,185.785,99.339,6.971,8.562,11.747,8.228,1.633,1.644,2.328,2.925,3.669,1.524,1.625,2.293,2.926,3.584,1.743,7.173,1.156,0.464,7.102,1.106,0.462,1.905,177.968,101.052
SYN-000326,2025-01-14T13:00:00+07:00,2.308,266.284,3.177,792.505,40.560,28.143,35.090,66.146,40.215,28.994,35.882,65.099,0,0,31.297,0,0,0,31.862,0,39.673,27.927,35.754,63.269,7.153,22.469,0.261,25.561,226.357,100.943,7.168,6.980,10.692,7.582,1.163,1.601,2.357,2.923,3.503,1.067,1.610,2.299,3.023,3.622,1.260,7.207,0.726,0.456,7.194,0.764,0.424,1.308,227.893,99.291
SYN-000327,2025-01-14T14:00:00+07:00,2.304,256.224,3.153,790.141,40.436,27.922,36.255,62.229,38.260,28.035,36.058,63.646,1.364,0,30.995,0,0,0,31.297,0,40.299,30.213,35.825,63.497,7.029,20.193,0.225,28.642,188.711,98.699,7.069,6.664,13.193,6.623,1.126,1.683,2.329,2.910,3.610,1.013,1.645,2.257,2.975,3.620,1.239,7.165,0.757,0.471,7.123,0.762,0.541,2.825,199.867,101.001
SYN-000328,2025-01-14T15:00:00+07:00,2.374,261.610,3.168,799.077,37.981,26.411,35.571,59.244,37.540,25.804,35.009,61.636,0.962,0,31.528,0,1.357,0,32.466,0,36.946,24.853,34.251,57.525,7.052,21.578,0.272,23.084,200.829,97.760,7.171,7.031,10.450,7.261,1.119,1.696,2.362,2.976,3.612,1.027,1.681,2.278,2.902,3.629,1.211,7.230,0.729,0.443,7.060,0.726,0.458,1.789,205.067,101.766
SYN-000329,2025-01-14T16:00:00+07:00,2.347,267.902,3.160,784.859,37.478,27.262,34.595,57.330,0,0,31.008,0,1.336,0,32.087,0,37.658,27.354,35.564,60.246,36.576,24.989,35.249,59.444,6.983,20.117,0.285,26.612,225.284,109.788,6.963,5.210,11.367,5.386,0.896,1.630,2.304,2.925,3.612,0.914,1.588,2.343,3.067,3.634,0.878,7.171,0.658,0.441,7.249,0.643,0.517,1.629,222.392,109.303
SYN-000330,2025-01-14T17:00:00+07:00,2.352,266.992,3.203,796.664,35.601,25.938,34.587,56.953,0,0,31.177,0,0.414,0,31.650,0,37.210,26.096,35.966,58.383,37.011,25.449,35.590,60.124,7.033,24.306,0.282,28.632,224.499,100.246,7.061,10.196,11.384,9.762,1.582,1.675,2.309,2.920,3.583,1.620,1.580,2.381,3.046,3.578,1.545,7.122,1.153,0.477,7.141,1.125,0.488,0.925,226.181,100.882
SYN-000331,2025-01-14T18:00:00+07:00,2.334,274.008,3.219,777.729,36.043,25.662,35.901,57.855,0,0,30.739,0,0.246,0,32.724,0,36.836,27.110,35.840,59.799,36.745,28.057,35.615,59.216,7.038,24.842,0.310,30.255,208.042,99.120,7.090,8.595,12.100,7.996,1.548,1.652,2.294,2.947,3.564,1.472,1.658,2.279,2.992,3.590,1.624,7.164,1.160,0.445,7.157,1.159,0.453,2.438,213.164,98.315
SYN-000332,2025-01-14T19:00:00+07:00,2.320,263.810,3.187,762.068,37.922,26.732,35.128,58.482,0,0,31.743,0,0.561,0,30.789,0,37.957,28.352,36.146,59.671,37.130,26.321,35.548,62.165,6.996,22.003,0.286,26.973,207.986,93.239,7.054,7.098,11.941,7.394,1.263,1.598,2.309,2.947,3.542,1.377,1.623,2.288,2.860,3.610,1.150,7.180,0.894,0.467,7.119,0.914,0.445,1.691,201.264,93.931
SYN-000333,2025-01-14T20:00:00+07:00,2.437,267.496,3.239,802.936,37.857,28.446,35.491,59.427,0,0,30.538,0,0,0,32.026,0,37.338,25.238,35.044,59.917,37.215,26.580,35.094,60.230,7.201,17.709,0.298,23.470,211.856,101.625,7.175,8.026,8.430,7.863,1.532,1.671,2.349,3.015,3.607,1.459,1.651,2.340,2.895,3.683,1.605,7.143,1.144,0.444,7.145,1.173,0.492,2.233,210.071,100.530
SYN-000334,2025-01-14T21:00:00+07:00,2.389,257.804,3.159,768.717,39.064,27.953,34.723,65.706,0.504,0,31.976,0,0,0,30.797,0,36.141,24.953,35.673,56.582,39.374,27.275,34.041,66.798,6.952,20.327,0.209,25.855,200.748,96.071,7.016,6.702,11.872,6.059,1.206,1.709,2.319,2.857,3.591,1.087,1.604,2.314,3.006,3.632,1.326,7.027,0.919,0.475,7.126,0.890,0.492,1.606,198.537,96.678
SYN-000335,2025-01-14T22:00:00+07:00,2.418,260.374,3.178,790.279,39.342,26.770,35.378,64.648,0,0,31.602,0,0,0,31.409,0,38.524,27.764,35.227,63.849,38.654,27.903,36.055,60.781,6.929,20.763,0.294,25.809,202.865,100.433,6.908,6.579,10.508,6.457,0.886,1.600,2.263,2.903,3.684,0.961,1.617,2.364,2.933,3.599,0.810,7.229,0.707,0.453,7.177,0.745,0.500,1.903,199.808,99.239
SYN-000336,2025-01-14T23:00:00+07:00,2.452,270.912,3.213,825.734,40.335,28.166,34.726,67.419,0,0,31.906,0,0,0,31.891,0,40.511,28.377,35.738,61.517,40.277,27.238,35.296,65.321,6.990,18.101,0.291,24.379,219.627,98.756,7.036,7.180,9.483,7.265,1.240,1.682,2.287,2.955,3.573,1.182,1.718,2.306,3.002,3.606,1.298,7.202,0.880,0.467,7.158,0.893,0.485,1.394,218.187,99.299
SYN-000337,2025-01-15T00:00:00+07:00,2.416,265.301,3.172,818.898,1.155,0,32.383,0,0,0,31.595,0,41.085,28.846,35.528,65.878,40.227,29.847,36.131,63.562,41.058,28.987,35.459,62.416,7.230,20.699,0.333,25.622,218.137,106.822,7.285,7.997,10.164,8.202,1.328,1.712,2.362,3.022,3.656,1.372,1.618,2.335,3.055,3.647,1.284,7.097,0.930,0.494,7.072,0.935,0.509,2.050,219.496,108.745
SYN-000338,2025-01-15T01:00:00+07:00,2.463,267.202,3.206,826.101,0,0,31.567,0,0,0,30.892,0,41.051,27.593,34.716,64.588,41.726,30.491,35.956,64.523,42.470,28.353,35.390,64.503,6.994,19.506,0.264,26.582,187.255,106.637,7.061,7.942,11.246,8.333,1.281,1.607,2.380,2.984,3.560,1.272,1.595,2.347,2.941,3.590,1.290,7.163,0.982,0.505,7.210,1.017,0.421,1.968,191.820,105.364
SYN-000339,2025-01-15T02:00:00+07:00,2.458,262.262,3.206,810.058,2.094,0,31.506,0,0.071,0,31.598,0,43.443,32.886,35.721,69.508,42.837,28.701,35.628,68.356,42.425,28.160,35.159,74.306,7.054,18.582,0.380,26.566,198.650,98.076,7.147,5.428,10.254,5.730,0.888,1.635,2.357,2.993,3.581,0.863,1.677,2.292,2.930,3.588,0.913,7.159,0.557,0.443,7.056,0.558,0.403,1.517,203.313,102.836
SYN-000340,2025-01-15T03:00:00+07:00,2.455,273.064,3.222,826.235,0,0,30.877,0,0.467,0,31.473,0,42.408,30.519,35.409,67.500,44.118,29.455,36.643,67.719,45.373,31.533,35.768,73.812,7.062,18.606,0.288,26.366,185.465,96.339,7.029,6.008,11.726,6.734,1.049,1.680,2.315,2.879,3.621,1.108,1.661,2.372,2.909,3.625,0.990,7.085,0.799,0.397,7.128,0.859,0.457,1.975,193.518,94.984
SYN-000341,2025-01-15T04:00:00+07:00,2.501,261.571,3.191,850.149,0,0,31.677,0,1.488,0,31.096,0,44.783,30.778,35.988,71.289,44.011,31.887,36.092,68.992,44.516,31.810,35.670,68.701,6.898,17.471,0.264,26.790,198.847,99.041,7.000,7.367,14.070,7.378,1.235,1.644,2.279,3.073,3.598,0.999,1.670,2.275,2.923,3.519,1.470,7.180,0.982,0.484,7.120,0.954,0.463,1.938,200.215,97.954
SYN-000342,2025-01-15T05:00:00+07:00,2.456,273.999,3.223,849.936,0,0,30.908,0,0,0,31.723,0,44.312,31.831,35.729,71.665,44.625,31.628,36.692,72.253,45.204,31.767,36.591,69.471,6.966,20.247,0.282,23.589,223.381,102.258,6.985,7.956,10.299,8.006,1.595,1.697,2.302,2.895,3.627,1.339,1.674,2.329,2.959,3.590,1.851,7.129,1.328,0.497,7.128,1.339,0.450,2.160,223.055,103.058
SYN-000343,2025-01-15T06:00:00+07:00,2.546,273.196,3.236,841.676,0.066,0,31.017,0,0,0,31.037,0,44.743,29.003,36.333,73.211,45.497,30.140,36.540,73.560,44.951,30.188,35.879,72.748,6.985,18.665,0.296,24.459,205.864,97.208,7.055,8.321,9.512,8.375,1.338,1.676,2.295,2.959,3.613,1.078,1.664,2.250,3.012,3.609,1.598,7.162,1.059,0.497,7.210,1.053,0.434,1.368,203.465,98.355
SYN-000344,2025-01-15T07:00:00+07:00,2.588,274.725,3.221,841.104,0.106,0,31.813,0,0,0,30.903,0,45.068,32.149,36.553,73.139,44.989,32.168,35.149,73.393,44.820,30.962,36.218,71.873,7.089,21.340,0.264,28.663,207.745,95.599,7.044,8.569,12.106,9.017,1.317,1.612,2.247,2.885,3.581,1.357,1.608,2.315,2.959,3.618,1.277,7.187,0.973,0.471,7.078,0.955,0.489,1.964,206.981,95.725
SYN-000345,2025-01-15T08:00:00+07:00,2.547,274.515,3.220,852.681,0.001,0,31.022,0,45.229,32.478,35.115,76.882,46.036,31.648,35.943,76.523,45.503,30.303,36.314,73.138,0,0,30.776,0,6.853,20.320,0.268,27.854,218.886,98.673,6.827,6.595,10.916,6.242,1.035,1.620,2.406,2.939,3.607,1.091,1.640,2.244,2.988,3.579,0.980,7.177,0.715,0.469,7.040,0.657,0.427,1.886,225.466,98.679
SYN-000346,2025-01-15T09:00:00+07:00,2.513,261.789,3.230,840.018,0.092,0,31.109,0,43.783,31.540,35.555,68.993,42.590,29.958,35.996,69.377,44.036,29.637,35.445,68.326,0.770,0,31.733,0,6.985,14.310,0.259,24.607,203.289,98.333,6.948,4.580,9.873,4.938,0.720,1.624,2.278,2.894,3.629,0.574,1.694,2.334,2.914,3.584,0.865,7.168,0.469,0.513,7.102,0.464,0.426,0.501,205.129,99.996
SYN-000347,2025-01-15T10:00:00+07:00,2.578,271.168,3.199,820.451,0,0,31.457,0,43.817,31.692,35.888,69.889,42.899,30.471,36.099,69.729,43.313,28.012,35.630,70.655,0,0,31.676,0,7.117,22.595,0.261,28.895,201.287,96.176,7.083,7.876,12.051,8.702,1.336,1.640,2.257,2.912,3.626,1.256,1.605,2.250,2.902,3.625,1.417,7.113,0.893,0.456,7.199,0.848,0.437,0.764,208.189,95.653
SYN-000348,2025-01-15T11:00:00+07:00,2.586,274.487,3.255,823.361,1.673,0,32.305,0,42.307,29.203,35.444,67.937,40.789,29.931,35.956,63.731,43.577,30.633,36.032,68.953,0,0,31.941,0,7.106,17.301,0.216,22.415,217.878,105.979,7.065,7.014,9.722,7.508,1.182,1.651,2.337,3.002,3.664,1.182,1.733,2.321,2.923,3.671,1.182,7.159,0.893,0.536,7.105,0.837,0.467,1.456,210.366,100.831
SYN-000349,2025-01-15T12:00:00+07:00,2.610,270.733,3.256,798.243,0.043,0,31.709,0,41.140,28.825,36.081,63.556,40.598,30.404,35.857,66.917,39.752,27.913,35.725,61.616,0.366,0,31.497,0,6.978,17.900,0.281,24.065,207.539,92.286,6.892,6.961,9.040,6.925,1.007,1.711,2.289,2.954,3.662,1.153,1.599,2.316,2.993,3.644,0.860,7.102,0.721,0.510,7.154,0.769,0.461,0.316,212.726,94.149
SYN-000350,2025-01-15T13:00:00+07:00,2.708,272.537,3.274,802.620,0,0,30.788,0,38.854,27.601,35.458,64.674,39.764,29.502,35.659,64.511,39.377,29.146,35.018,62.935,0.035,0,31.652,0,6.987,17.985,0.311,27.434,202.871,95.452,6.961,7.241,10.369,7.397,1.223,1.574,2.258,2.895,3.602,1.172,1.582,2.269,2.974,3.641,1.274,7.088,0.789,0.484,7.175,0.826,0.436,2.092,207.366,98.193
SYN-000351,2025-01-15T14:00:00+07:00,2.659,276.814,3.268,796.431,0.570,0,31.057,0,38.889,27.494,35.028,64.333,37.744,26.148,35.530,58.764,38.957,28.188,35.682,60.622,0.939,0,32.028,0,6.966,14.637,0.254,25.603,199.080,98.865,6.949,5.382,12.143,5.800,0.900,1.683,2.375,2.890,3.626,0.812,1.649,2.281,3.086,3.617,0.988,7.140,0.598,0.442,7.168,0.545,0.474,2.302,200.493,99.862
SYN-000352,2025-01-15T15:00:00+07:00,2.626,269.843,3.264,815.932,0,0,32.368,0,38.991,26.802,34.953,62.237,37.781,24.894,35.560,57.892,37.506,27.388,34.432,58.058,0.521,0,32.098,0,7.080,18.528,0.259,28.089,198.047,98.834,7.004,6.482,13.607,6.902,1.259,1.683,2.336,2.947,3.576,1.043,1.610,2.305,2.946,3.681,1.475,7.082,0.951,0.435,7.170,0.941,0.473,1.844,191.558,98.707
SYN-000353,2025-01-15T16:00:00+07:00,2.667,273.533,3.287,761.029,38.948,27.777,34.852,62.654,37.547,25.891,35.552,57.537,36.884,25.219,35.918,59.972,0,0,31.961,0,0.294,0,31.585,0,6.962,19.836,0.243,22.974,208.309,88.183,6.990,7.699,8.497,7.685,1.164,1.722,2.316,2.968,3.520,1.120,1.716,2.364,2.946,3.598,1.208,7.181,0.817,0.461,7.195,0.782,0.478,1.088,204.941,89.026
SYN-000354,2025-01-15T17:00:00+07:00,2.585,270.516,3.278,797.521,37.016,27.689,36.071,60.061,37.434,24.832,34.591,60.704,36.537,25.887,34.374,56.498,0,0,32.075,0,0.441,0,31.857,0,7.006,18.611,0.295,25.534,216.865,97.917,7.044,6.125,7.981,5.948,0.972,1.683,2.253,2.908,3.659,0.853,1.706,2.304,3.002,3.562,1.091,7.190,0.619,0.506,7.137,0.630,0.410,1.064,232.174,100.834
SYN-000355,2025-01-15T18:00:00+07:00,2.645,267.031,3.327,809.873,37.605,26.221,35.784,63.295,37.795,26.782,35.869,62.330,36.106,27.153,35.460,57.312,0.512,0,31.394,0,0,0,31.580,0,7.056,15.275,0.295,23.814,223.678,96.363,7.019,5.461,9.581,5.239,0.789,1.664,2.376,2.977,3.616,0.876,1.674,2.214,3.002,3.644,0.702,7.062,0.547,0.493,7.133,0.523,0.503,1.473,225.481,98.474
SYN-000356,2025-01-15T19:00:00+07:00,2.621,276.761,3.293,768.757,37.621,26.908,35.450,58.225,36.195,26.413,36.226,61.650,35.811,27.265,34.748,55.580,0.173,0,31.286,0,0.070,0,31.233,0,7.068,14.178,0.223,23.075,203.352,100.698,7.062,6.527,10.683,6.392,1.071,1.570,2.346,2.829,3.516,1.139,1.615,2.324,2.878,3.616,1.003,7.093,0.740,0.497,7.214,0.752,0.416,1.816,201.341,104.104
SYN-000357,2025-01-15T20:00:00+07:00,2.719,272.894,3.292,777.774,36.099,26.114,35.367,60.929,36.886,27.562,35.529,60.359,37.770,27.524,35.603,61.062,0,0,31.163,0,0.480,0,31.388,0,6.912,12.730,0.263,23.775,205.939,99.405,6.856,3.005,9.685,3.565,0.710,1.722,2.192,3.016,3.622,0.775,1.664,2.348,2.945,3.521,0.645,7.147,0.535,0.508,7.089,0.498,0.505,2.272,208.408,98.119
SYN-000358,2025-01-15T21:00:00+07:00,2.688,265.527,3.313,808.474,39.196,27.754,35.862,61.923,38.874,26.320,35.462,64.723,38.714,27.294,35.834,60.715,0.077,0,31.674,0,0.756,0,32.353,0,6.818,11.786,0.285,21.197,219.715,99.787,6.940,4.796,10.841,4.627,0.906,1.691,2.299,2.958,3.640,0.845,1.621,2.291,3.030,3.665,0.967,7.170,0.629,0.479,7.056,0.609,0.479,1.540,220.801,98.296
SYN-000359,2025-01-15T22:00:00+07:00,2.679,271.642,3.329,824.133,39.809,27.662,35.304,63.051,38.610,27.566,35.372,57.417,39.057,27.690,35.331,63.945,0,0,31.393,0,0,0,30.553,0,7.072,19.377,0.283,25.215,197.471,102.196,7.092,6.781,12.545,5.803,1.042,1.597,2.298,2.973,3.581,1.137,1.631,2.286,2.938,3.624,0.947,7.120,0.733,0.450,7.160,0.723,0.381,1.640,193.666,102.642
SYN-000360,2025-01-15T23:00:00+07:00,2.674,267.967,3.277,804.928,41.221,29.084,35.663,62.867,39.992,28.714,34.448,64.443,40.678,29.298,34.709,65.434,0.306,0,32.110,0,0,0,31.530,0,7.036,15.021,0.291,21.958,204.722,99.220,6.959,6.260,8.794,6.418,1.015,1.686,2.305,2.946,3.680,1.044,1.614,2.261,2.915,3.583,0.986,7.152,0.689,0.435,7.121,0.676,0.419,2.013,207.158,98.920
SYN-000361,2025-01-16T00:00:00+07:00,2.721,268.228,3.305,805.636,41.018,28.216,35.566,65.028,39.929,27.735,35.825,68.308,0.673,0,31.571,0,0,0,31.316,0,40.653,27.761,35.986,66.061,7.055,17.590,0.295,27.366,210.980,111.788,6.918,6.530,10.727,5.837,1.060,1.713,2.344,3.005,3.633,1.128,1.729,2.224,2.856,3.558,0.992,7.120,0.730,0.509,7.027,0.662,0.495,1.887,212.248,112.388
SYN-000362,2025-01-16T01:00:00+07:00,2.740,270.432,3.312,826.248,41.674,29.672,36.430,64.428,41.274,29.676,36.465,68.165,0,0,32.247,0,0,0,30.984,0,41.851,29.039,35.990,67.346,7.185,15.691,0.286,23.742,211.063,96.129,7.210,6.829,10.655,6.409,0.980,1.686,2.361,2.948,3.559,0.989,1.611,2.379,2.914,3.695,0.971,7.037,0.633,0.497,7.185,0.574,0.447,1.822,207.601,99.023
SYN-000363,2025-01-16T02:00:00+07:00,2.713,265.816,3.293,857.116,43.064,29.398,35.395,70.779,43.710,31.159,35.279,74.250,0.064,0,30.533,0,0,0,31.546,0,42.490,31.941,36.270,69.737,6.912,17.694,0.256,24.640,203.001,91.673,6.849,6.656,11.234,6.530,1.274,1.616,2.261,2.964,3.612,1.182,1.720,2.300,2.948,3.645,1.366,7.184,0.912,0.493,7.092,0.934,0.515,1.468,202.893,91.997
SYN-000364,2025-01-16T03:00:00+07:00,2.775,277.786,3.314,812.249,45.112,30.491,35.962,75.228,42.771,30.145,34.954,69.722,0.589,0,31.627,0,0,0,31.799,0,43.522,29.314,35.842,69.353,7.109,16.249,0.254,25.994,215.055,94.591,7.097,5.808,9.931,5.476,0.880,1.645,2.227,2.922,3.580,0.943,1.580,2.347,2.979,3.584,0.818,7.157,0.510,0.470,7.142,0.492,0.487,1.689,217.173,93.132
SYN-000365,2025-01-16T04:00:00+07:00,2.832,276.464,3.338,839.712,44.579,30.527,36.184,71.837,44.915,31.708,36.371,69.629,0.086,0,31.007,0,0,0,31.653,0,43.939,31.689,36.121,68.074,7.130,17.376,0.261,22.337,220.132,98.838,7.197,5.784,11.489,5.955,0.908,1.619,2.222,3.023,3.655,0.806,1.639,2.309,2.935,3.550,1.011,7.144,0.530,0.533,7.206,0.551,0.473,1.181,217.970,99.344
SYN-000366,2025-01-16T05:00:00+07:00,2.749,280.474,3.358,853.276,44.889,31.763,35.902,69.466,44.400,31.444,35.918,71.569,0.199,0,31.794,0,0.131,0,31.672,0,45.607,30.091,36.058,72.863,7.107,13.685,0.297,25.473,207.901,104.113,7.111,3.457,11.849,3.200,0.670,1.593,2.230,2.953,3.630,0.755,1.670,2.319,2.944,3.615,0.585,7.160,0.466,0.557,7.192,0.460,0.458,1.475,206.004,103.343
SYN-000367,2025-01-16T06:00:00+07:00,2.748,271.813,3.297,831.965,46.224,34.024,36.262,73.083,45.248,30.934,35.520,74.131,0.565,0,31.738,0,0.720,0,32.491,0,45.821,32.932,35.306,75.695,7.056,16.178,0.298,22.994,180.071,96.723,7.094,5.530,9.157,5.131,0.910,1.662,2.233,2.959,3.635,0.959,1.613,2.298,2.930,3.619,0.861,7.093,0.582,0.463,7.114,0.614,0.523,1.027,186.735,93.748
SYN-000368,2025-01-16T07:00:00+07:00,2.767,270.281,3.321,816.252,44.823,30.268,35.651,78.498,44.808,27.846,36.073,70.725,1.045,0,31.117,0,0,0,31.463,0,44.738,30.153,36.753,73.853,7.134,15.355,0.276,27.354,191.216,98.805,7.030,6.124,15.100,5.786,0.902,1.544,2.288,2.967,3.508,0.949,1.638,2.335,2.883,3.611,0.855,7.153,0.604,0.484,7.164,0.578,0.461,3.472,187.791,102.037
SYN-000369,2025-01-16T08:00:00+07:00,2.810,270.033,3.348,811.253,45.543,29.670,35.353,73.837,0,0,31.598,0,0.016,0,31.208,0,45.079,30.748,35.762,68.695,44.154,29.973,35.361,72.996,6.907,17.660,0.278,26.170,191.374,98.418,6.844,4.749,10.207,4.758,0.694,1.755,2.323,2.915,3.569,0.727,1.622,2.305,3.071,3.555,0.661,7.024,0.465,0.523,7.138,0.407,0.466,1.601,194.032,102.165
SYN-000370,2025-01-16T09:00:00+07:00,2.755,271.626,3.273,822.546,44.502,30.989,35.875,68.758,0,0,30.996,0,0,0,32.317,0,44.535,32.403,35.292,72.548,43.161,30.429,36.662,73.306,7.050,14.859,0.256,25.091,222.890,97.415,7.060,5.684,9.504,5.146,1.130,1.632,2.370,2.885,3.588,1.253,1.638,2.335,2.941,3.496,1.007,7.159,0.832,0.480,7.156,0.908,0.454,1.256,224.406,98.810
SYN-000371,2025-01-16T10:00:00+07:00,2.854,270.759,3.328,817.212,41.902,29.337,36.149,67.850,0.750,0,31.705,0,0.970,0,32.052,0,43.928,30.564,35.270,72.249,41.400,29.451,35.756,67.650,7.012,15.231,0.239,26.271,212.346,93.078,7.000,5.469,10.403,6.239,0.834,1.645,2.340,2.948,3.570,0.833,1.513,2.360,2.917,3.553,0.835,7.088,0.607,0.534,7.136,0.588,0.528,1.264,220.542,91.636
SYN-000372,2025-01-16T11:00:00+07:00,2.782,272.251,3.333,816.199,41.544,30.177,35.846,63.431,0.523,0,30.701,0,0,0,31.653,0,42.387,30.349,35.923,70.517,42.536,29.855,35.003,66.426,7.029,14.148,0.274,24.500,197.307,99.482,6.987,4.031,9.832,5.130,0.599,1.618,2.233,2.895,3.607,0.568,1.614,2.292,2.905,3.564,0.630,7.141,0.610,0.564,7.185,0.579,0.432,2.307,202.907,101.323
SYN-000373,2025-01-16T12:00:00+07:00,2.856,279.306,3.323,847.863,41.263,29.859,36.226,65.067,1.322,0,31.881,0,0,0,32.320,0,40.061,28.724,34.711,65.799,38.995,27.593,35.369,62.127,6.956,15.357,0.294,25.680,177.002,104.495,6.819,5.411,12.132,5.879,0.965,1.715,2.246,2.935,3.600,1.066,1.660,2.246,2.911,3.602,0.864,7.119,0.765,0.519,7.153,0.767,0.436,2.326,174.866,107.320
SYN-000374,2025-01-16T13:00:00+07:00,2.800,280.051,3.321,815.778,40.002,27.478,35.128,65.848,0,0,31.519,0,0.278,0,31.491,0,40.426,28.877,35.524,67.098,40.780,29.339,35.914,64.867,7.023,13.755,0.274,18.948,192.032,107.847,6.929,6.936,8.237,6.332,1.118,1.686,2.292,2.971,3.533,1.134,1.609,2.236,2.933,3.675,1.102,7.104,0.758,0.453,7.144,0.767,0.530,1.369,192.367,108.060
SYN-000375,2025-01-16T14:00:00+07:00,2.772,268.057,3.302,802.187,38.173,26.639,35.078,62.595,0.641,0,30.413,0,0,0,31.982,0,39.806,29.076,35.230,65.338,39.907,27.474,35.324,61.105,7.172,17.606,0.327,27.387,204.964,91.924,7.185,7.050,11.920,6.352,1.141,1.636,2.289,2.993,3.619,1.250,1.666,2.236,2.896,3.612,1.032,7.054,0.712,0.502,7.061,0.712,0.548,1.276,207.477,95.453
SYN-000376,2025-01-16T15:00:00+07:00,2.752,277.070,3.292,827.790,38.050,27.046,35.202,64.852,0,0,31.633,0,0.513,0,31.664,0,37.515,26.747,35.368,59.586,37.424,24.997,35.117,57.535,7.027,13.116,0.324,24.829,197.552,102.001,6.942,4.178,11.314,4.365,0.828,1.660,2.287,2.998,3.580,0.863,1.674,2.242,2.934,3.571,0.793,7.249,0.553,0.476,7.128,0.582,0.502,2.829,202.119,102.912
SYN-000377,2025-01-16T16:00:00+07:00,2.842,276.353,3.334,778.627,0.058,0,31.275,0,0,0,31.516,0,38.000,29.226,34.523,57.760,37.392,26.412,34.767,57.941,38.205,28.606,35.692,58.946,7.033,16.255,0.358,24.732,240.893,92.856,7.036,5.802,9.276,6.080,0.952,1.627,2.353,3.010,3.593,1.055,1.689,2.211,2.940,3.554,0.848,7.143,0.622,0.426,7.148,0.647,0.501,2.049,240.141,93.237
SYN-000378,2025-01-16T17:00:00+07:00,2.833,273.409,3.316,791.973,0.312,0,31.388,0,0.404,0,32.080,0,36.619,26.412,35.141,61.475,37.955,27.094,35.150,58.845,36.659,27.449,34.972,60.019,7.021,9.550,0.304,19.956,199.987,96.112,6.998,2.544,8.413,2.784,0.465,1.753,2.304,2.953,3.633,0.227,1.701,2.308,2.951,3.615,0.704,7.181,0.367,0.465,7.090,0.337,0.436,1.453,202.309,95.045
SYN-000379,2025-01-16T18:00:00+07:00,2.822,276.465,3.311,806.116,0.312,0,31.459,0,0,0,31.031,0,36.699,26.390,35.034,56.337,37.403,25.389,34.600,59.386,36.916,26.378,35.182,59.929,6.931,11.984,0.249,22.478,223.168,98.355,6.978,6.683,9.569,6.951,1.178,1.743,2.312,2.962,3.607,1.205,1.679,2.330,2.962,3.655,1.150,7.152,0.895,0.468,7.082,0.945,0.475,0.616,221.113,101.055
SYN-000380,2025-01-16T19:00:00+07:00,2.824,268.769,3.339,774.425,0,0,31.703,0,0.713,0,31.342,0,36.910,26.873,35.725,58.643,36.959,27.640,35.864,59.421,37.845,27.987,34.750,58.812,7.186,13.371,0.300,21.810,189.429,101.092,7.121,4.796,9.814,4.580,0.895,1.595,2.374,2.827,3.561,0.643,1.599,2.420,2.930,3.615,1.147,7.107,0.665,0.479,7.101,0.701,0.396,1.643,194.089,97.614
SYN-000381,2025-01-16T20:00:00+07:00,2.734,283.814,3.336,791.504,0,0,32.012,0,0.322,0,31.578,0,37.980,28.865,34.917,61.268,37.439,27.658,35.269,62.166,36.156,25.164,34.542,60.835,6.975,18.521,0.293,29.954,198.170,97.777,6.963,7.863,11.968,7.666,1.239,1.622,2.370,2.935,3.586,1.028,1.663,2.403,2.882,3.654,1.450,7.132,0.930,0.527,7.175,0.959,0.406,2.028,192.519,96.313
SYN-000382,2025-01-16T21:00:00+07:00,2.740,285.385,3.386,793.707,0.037,0,30.583,0,0,0,31.817,0,39.735,28.611,35.429,63.644,38.488,28.014,35.303,62.131,38.279,26.608,36.620,59.817,6.981,15.053,0.303,23.789,220.809,101.119,7.026,5.625,9.763,5.954,1.033,1.616,2.238,2.897,3.645,1.017,1.663,2.308,2.896,3.514,1.050,7.200,0.774,0.480,7.137,0.798,0.438,1.880,227.707,100.715
SYN-000383,2025-01-16T22:00:00+07:00,2.796,277.298,3.289,816.843,0,0,31.736,0,0,0,31.364,0,39.154,29.353,34.819,62.953,38.374,26.332,36.008,60.387,38.870,28.644,34.961,63.939,7.096,13.158,0.316,17.746,202.497,102.094,7.125,5.516,6.985,5.712,1.014,1.669,2.301,2.976,3.618,0.981,1.647,2.290,2.989,3.614,1.048,7.234,0.763,0.375,7.062,0.753,0.389,0.963,199.722,103.940
SYN-000384,2025-01-16T23:00:00+07:00,2.806,278.199,3.310,819.634,0.996,0,31.234,0,1.311,0,31.473,0,39.888,26.906,35.040,64.072,39.295,28.385,35.761,62.469,40.277,28.333,35.558,65.150,7.037,22.877,0.273,30.015,189.489,90.289,7.096,8.797,10.687,9.371,1.525,1.604,2.347,2.996,3.643,1.505,1.615,2.313,2.922,3.556,1.545,7.185,1.186,0.500,7.175,1.166,0.502,1.906,194.570,90.208
SYN-000385,2025-01-17T00:00:00+07:00,2.795,281.176,3.336,786.105,0.100,0,31.505,0,40.670,29.447,35.280,66.622,40.427,28.847,35.019,65.850,42.067,29.686,35.746,67.825,0,0,31.248,0,7.167,14.103,0.353,20.958,233.564,99.991,7.105,4.282,7.927,4.257,0.816,1.638,2.283,2.936,3.662,0.783,1.671,2.319,3.009,3.575,0.848,7.133,0.521,0.524,7.125,0.546,0.442,1.469,231.362,97.950
SYN-000386,2025-01-17T01:00:00+07:00,2.799,279.559,3.275,793.202,0.084,0,31.185,0,41.969,29.766,35.661,65.419,42.254,29.860,36.456,67.502,41.829,29.139,35.595,70.106,0,0,31.420,0,6.945,11.382,0.304,25.871,215.298,106.329,6.936,4.065,12.214,4.223,0.675,1.687,2.342,2.918,3.654,0.696,1.591,2.314,2.898,3.613,0.653,7.211,0.494,0.485,7.154,0.557,0.419,2.025,220.516,105.648
SYN-000387,2025-01-17T02:00:00+07:00,2.779,281.848,3.333,823.024,0.373,0,31.376,0,42.525,31.764,35.924,71.199,42.545,29.158,35.114,64.184,42.727,29.531,35.298,67.155,1.098,0,31.152,0,7.186,12.557,0.310,24.375,205.966,97.766,7.137,3.871,10.593,3.824,0.779,1.706,2.282,2.978,3.615,0.652,1.664,2.372,2.916,3.620,0.906,7.163,0.589,0.466,7.083,0.556,0.531,1.547,193.714,99.683
SYN-000388,2025-01-17T03:00:00+07:00,2.768,269.955,3.306,808.968,0,0,30.125,0,43.645,28.394,35.680,69.238,44.339,31.282,36.565,69.356,43.222,30.225,35.760,71.401,0,0,31.694,0,7.139,23.999,0.267,30.263,192.074,106.199,7.148,9.263,14.453,8.726,1.610,1.682,2.277,2.846,3.619,1.614,1.628,2.267,2.923,3.521,1.607,7.109,1.158,0.477,7.159,1.163,0.495,2.566,191.688,100.822
SYN-000389,2025-01-17T04:00:00+07:00,2.830,280.091,3.318,828.118,0,0,31.709,0,43.641,30.737,36.136,70.858,44.846,28.977,35.494,72.324,44.700,31.859,35.358,70.116,0,0,31.310,0,6.960,16.594,0.298,26.696,207.941,100.002,7.036,5.750,10.324,6.099,1.024,1.646,2.304,2.963,3.595,0.833,1.697,2.370,2.977,3.570,1.214,7.120,0.715,0.494,7.084,0.711,0.450,1.259,200.625,101.007
SYN-000390,2025-01-17T05:00:00+07:00,2.790,274.576,3.323,853.476,0.460,0,30.883,0,44.315,29.852,35.697,68.954,43.946,30.906,36.208,67.827,46.116,33.376,36.388,77.154,0,0,31.344,0,7.025,12.770,0.226,25.319,209.501,101.416,7.025,4.940,9.042,4.481,0.879,1.696,2.356,2.910,3.623,0.837,1.690,2.249,3.024,3.592,0.921,7.102,0.578,0.430,7.250,0.556,0.434,1.463,212.441,102.403
SYN-000391,2025-01-17T06:00:00+07:00,2.780,273.906,3.336,838.270,1.148,0,32.340,0,45.294,30.847,36.242,74.236,43.298,30.738,36.539,72.564,45.399,31.628,35.906,73.279,0,0,32.577,0,6.957,13.996,0.273,23.277,214.122,98.501,6.800,4.478,10.415,3.529,0.958,1.663,2.313,2.866,3.575,1.053,1.654,2.310,2.965,3.610,0.864,7.224,0.624,0.532,6.989,0.638,0.465,1.832,205.268,97.128
SYN-000392,2025-01-17T07:00:00+07:00,2.835,278.001,3.350,834.452,0.844,0,30.959,0,45.402,31.415,35.929,75.359,45.102,29.919,35.958,72.730,46.553,32.591,36.022,76.478,0.545,0,31.782,0,7.078,12.735,0.262,21.991,207.764,107.557,6.997,4.411,11.012,4.461,0.847,1.606,2.312,2.969,3.593,0.792,1.664,2.288,3.045,3.605,0.902,7.207,0.631,0.513,7.160,0.567,0.451,1.137,202.538,110.714
SYN-000393,2025-01-17T08:00:00+07:00,2.672,272.453,3.323,859.892,44.346,29.655,35.354,69.778,44.741,32.076,34.841,68.464,44.442,30.534,36.234,66.817,0.137,0,31.150,0,0,0,32.035,0,6.990,16.030,0.287,23.722,203.187,88.774,6.953,5.152,11.038,5.421,0.726,1.617,2.295,2.914,3.640,0.622,1.652,2.283,2.993,3.542,0.829,7.095,0.366,0.436,7.233,0.331,0.445,0.891,195.446,88.340
SYN-000394,2025-01-17T09:00:00+07:00,2.753,268.158,3.292,845.419,44.656,31.965,35.353,74.894,44.364,30.842,35.952,68.510,44.425,29.454,35.542,69.989,0.258,0,31.101,0,0.292,0,31.932,0,7.153,19.182,0.255,21.278,196.209,94.257,7.152,5.911,8.428,6.506,1.098,1.580,2.290,3.017,3.613,1.076,1.617,2.263,2.981,3.614,1.120,7.169,0.883,0.494,7.142,0.825,0.414,1.124,200.879,95.888
SYN-000395,2025-01-17T10:00:00+07:00,2.730,275.842,3.341,833.782,42.296,31.167,35.329,66.276,44.152,31.146,36.263,68.335,43.053,29.020,35.638,70.572,0,0,30.870,0,0.632,0,32.134,0,6.969,16.398,0.274,27.746,190.369,87.983,6.977,5.563,11.316,5.084,0.966,1.704,2.325,2.962,3.605,1.052,1.640,2.291,2.920,3.625,0.881,7.101,0.819,0.417,7.153,0.847,0.410,1.973,189.145,85.482
SYN-000396,2025-01-17T11:00:00+07:00,2.790,278.742,3.319,839.301,41.639,30.125,34.960,62.783,42.420,30.097,36.025,71.154,41.822,28.186,35.835,68.880,0.588,0,31.742,0,0,0,31.770,0,7.086,16.147,0.279,22.867,186.315,107.232,7.049,5.078,7.858,4.882,0.883,1.630,2.325,2.976,3.498,1.150,1.575,2.284,2.971,3.571,0.616,7.099,0.520,0.483,7.202,0.561,0.417,1.546,182.936,105.420
SYN-000397,2025-01-17T12:00:00+07:00,2.783,270.077,3.324,794.630,40.759,28.049,35.576,64.760,40.875,28.721,36.358,65.247,41.291,28.173,35.710,65.630,0,0,31.264,0,0.174,0,30.360,0,7.110,15.081,0.338,24.337,209.651,102.457,7.025,5.899,10.019,6.102,0.991,1.700,2.277,2.944,3.589,1.090,1.631,2.301,2.981,3.667,0.891,7.169,0.640,0.479,7.035,0.700,0.476,1.199,208.466,104.802
SYN-000398,2025-01-17T13:00:00+07:00,2.724,280.843,3.291,797.830,38.820,27.729,35.190,64.013,40.207,27.715,35.808,62.264,40.892,27.532,35.131,66.406,0,0,31.821,0,0,0,31.399,0,7.128,16.268,0.239,26.024,190.425,98.804,7.152,5.839,11.560,5.113,1.131,1.645,2.305,3.058,3.515,1.178,1.716,2.326,2.910,3.609,1.084,7.162,0.824,0.518,7.133,0.854,0.449,3.016,201.307,96.326
SYN-000399,2025-01-17T14:00:00+07:00,2.655,275.416,3.291,773.205,39.093,26.807,34.584,61.585,39.003,28.028,35.362,63.411,39.478,29.247,35.445,64.552,0.167,0,31.829,0,0,0,30.888,0,7.000,20.455,0.308,28.026,190.079,96.511,7.057,5.699,11.272,5.946,1.082,1.653,2.252,3.009,3.597,1.290,1.736,2.372,2.959,3.553,0.875,7.228,0.759,0.511,7.205,0.695,0.487,2.125,174.934,96.916
SYN-000400,2025-01-17T15:00:00+07:00,2.716,277.892,3.323,778.065,39.193,28.014,35.010,61.487,39.254,30.956,35.092,61.553,38.609,28.963,35.541,60.951,0,0,30.648,0,1.012,0,30.566,0,6.994,23.042,0.305,26.970,213.483,101.946,7.034,7.938,11.903,8.015,1.340,1.669,2.302,2.871,3.577,1.205,1.651,2.279,2.935,3.592,1.475,7.193,0.949,0.412,7.150,0.942,0.418,1.832,219.538,102.551
SYN-000401,2025-01-17T16:00:00+07:00,2.685,274.730,3.278,828.210,37.889,27.884,35.331,58.073,37.996,27.682,35.518,58.005,0.757,0,31.811,0,0.359,0,32.165,0,36.958,25.258,35.505,58.041,7.178,16.100,0.278,27.252,195.273,104.477,7.108,6.133,12.328,5.361,1.060,1.640,2.354,2.982,3.561,0.908,1.653,2.301,2.932,3.617,1.212,7.198,0.676,0.443,7.212,0.618,0.387,2.074,191.315,104.826
SYN-000402,2025-01-17T17:00:00+07:00,2.626,274.743,3.309,773.014,37.010,27.886,34.942,58.252,36.081,26.120,34.452,55.459,0.776,0,31.476,0,1.288,0,32.699,0,37.330,28.043,35.121,57.044,6.912,16.311,0.280,26.137,184.580,93.657,6.881,6.234,12.115,6.000,1.177,1.644,2.328,2.988,3.527,1.150,1.649,2.245,3.023,3.581,1.204,7.155,1.012,0.453,7.175,1.027,0.495,1.439,180.225,93.339
SYN-000403,2025-01-17T18:00:00+07:00,2.646,276.036,3.293,785.812,36.812,25.852,34.876,56.403,36.632,24.546,35.128,57.235,0,0,31.807,0,0,0,31.361,0,36.427,25.214,35.651,58.431,6.970,19.600,0.259,22.746,180.362,90.155,6.982,6.343,10.394,6.110,1.041,1.601,2.294,2.930,3.649,0.842,1.683,2.196,2.915,3.657,1.240,7.152,0.746,0.448,7.126,0.741,0.481,1.229,181.241,89.197
SYN-000404,2025-01-17T19:00:00+07:00,2.617,283.523,3.252,786.361,37.711,25.802,35.145,62.350,37.526,27.064,35.596,58.991,0.994,0,31.389,0,1.638,0,31.278,0,37.311,27.911,35.234,59.527,7.039,18.127,0.242,28.030,225.472,99.983,6.916,6.122,11.767,5.255,0.858,1.662,2.338,2.889,3.622,0.977,1.681,2.239,2.912,3.582,0.740,7.154,0.676,0.499,7.196,0.609,0.536,1.702,224.718,104.395
SYN-000405,2025-01-17T20:00:00+07:00,2.704,278.726,3.269,779.574,36.896,28.647,35.686,60.602,37.477,26.743,35.404,57.362,0.732,0,31.090,0,0,0,31.608,0,37.663,27.162,35.348,62.904,7.111,14.070,0.293,21.204,199.515,98.809,7.091,2.061,10.209,1.804,0.444,1.599,2.310,3.004,3.574,0.143,1.636,2.260,3.040,3.598,0.745,7.134,0.312,0.503,7.149,0.388,0.495,0.979,198.384,101.273
SYN-000406,2025-01-17T21:00:00+07:00,2.687,274.918,3.253,761.287,37.861,25.441,34.874,63.597,38.466,29.053,35.698,57.147,0,0,32.334,0,0,0,31.508,0,37.972,26.050,34.575,58.397,6.961,17.967,0.281,24.864,214.534,100.394,6.950,7.191,10.115,7.665,1.281,1.650,2.330,3.015,3.587,1.169,1.703,2.396,2.947,3.529,1.393,7.114,0.868,0.463,7.114,0.890,0.506,2.033,218.176,102.198
SYN-000407,2025-01-17T22:00:00+07:00,2.602,276.719,3.246,832.135,38.736,28.262,35.533,59.655,37.295,26.831,34.806,58.670,0.583,0,31.707,0,1.021,0,31.438,0,39.593,29.401,36.114,58.785,6.987,16.383,0.295,22.868,205.031,84.318,6.971,6.117,10.801,5.636,0.984,1.618,2.268,2.987,3.567,0.821,1.641,2.326,2.986,3.672,1.146,7.201,0.797,0.447,7.136,0.737,0.408,1.086,217.921,83.931
SYN-000408,2025-01-17T23:00:00+07:00,2.551,277.537,3.216,807.608,39.971,29.037,35.262,65.742,40.499,27.149,35.879,63.851,0.785,0,31.399,0,0,0,31.411,0,39.796,29.082,36.067,62.314,7.187,14.987,0.234,26.658,191.596,95.700,7.099,6.979,12.816,6.948,1.221,1.669,2.219,2.949,3.557,1.089,1.585,2.257,2.983,3.589,1.353,7.076,0.954,0.458,7.088,0.962,0.462,1.398,193.852,96.204
SYN-000409,2025-01-18T00:00:00+07:00,2.572,272.675,3.258,795.791,41.486,28.225,35.300,65.433,1.345,0,31.102,0,0,0,32.115,0,41.712,29.853,35.316,67.610,40.806,28.819,35.693,62.623,7.034,22.254,0.263,30.073,200.888,104.487,6.997,6.857,11.838,6.801,1.160,1.652,2.255,2.924,3.557,1.127,1.718,2.314,2.946,3.546,1.194,7.198,0.754,0.489,7.106,0.770,0.448,2.390,198.146,103.932
SYN-000410,2025-01-18T01:00:00+07:00,2.579,271.831,3.244,808.066,42.074,28.898,35.689,66.279,0,0,32.748,0,0,0,31.989,0,41.373,26.998,35.913,67.394,42.677,27.709,36.153,69.134,7.172,13.982,0.290,25.149,195.711,99.586,7.049,5.881,9.098,6.761,0.764,1.681,2.270,2.963,3.633,0.671,1.706,2.232,3.067,3.593,0.857,7.162,0.529,0.459,7.153,0.530,0.543,1.636,197.705,98.012
SYN-000411,2025-01-18T02:00:00+07:00,2.582,278.487,3.227,805.332,43.428,30.865,36.484,69.128,0,0,30.467,0,0,0,31.457,0,43.738,30.550,36.103,72.630,41.665,29.807,35.436,67.085,7.147,15.977,0.300,26.109,202.981,101.348,7.103,6.616,11.748,6.392,1.011,1.575,2.261,2.892,3.616,0.793,1.672,2.267,2.954,3.658,1.229,7.103,0.762,0.438,7.226,0.790,0.424,2.033,204.993,100.680
SYN-000412,2025-01-18T03:00:00+07:00,2.601,278.133,3.244,842.980,43.800,30.413,36.559,70.008,1.309,0,32.452,0,0.160,0,31.605,0,43.555,30.074,35.367,69.851,44.375,30.318,35.876,71.253,6.939,11.876,0.281,23.849,211.087,109.812,7.010,4.536,9.921,4.760,0.701,1.674,2.264,2.984,3.600,0.633,1.603,2.257,2.900,3.589,0.768,7.117,0.514,0.468,7.138,0.517,0.450,1.752,204.487,106.692
SYN-000413,2025-01-18T04:00:00+07:00,2.444,278.747,3.207,831.526,45.413,31.933,36.143,72.735,0,0,30.528,0,0,0,30.872,0,44.950,31.915,35.708,74.410,44.526,30.892,35.762,70.634,7.136,15.670,0.236,23.630,196.397,100.156,7.119,5.595,11.082,5.397,0.990,1.701,2.235,2.979,3.623,0.985,1.671,2.279,2.932,3.565,0.994,7.158,0.745,0.482,7.070,0.669,0.460,1.347,197.714,99.079
SYN-000414,2025-01-18T05:00:00+07:00,2.532,274.226,3.253,827.353,43.510,29.716,35.355,67.518,0,0,31.418,0,0.265,0,30.683,0,44.792,31.465,36.294,67.405,45.000,31.112,35.768,70.576,6.988,16.147,0.323,26.797,211.173,98.254,6.976,4.284,9.866,4.211,0.734,1.698,2.347,2.982,3.593,0.608,1.654,2.200,2.969,3.635,0.861,7.089,0.493,0.498,7.012,0.417,0.499,1.358,214.743,99.051
SYN-000415,2025-01-18T06:00:00+07:00,2.557,283.754,3.233,852.886,46.082,30.477,36.282,76.690,0,0,31.206,0,0.063,0,31.050,0,46.216,31.077,37.069,72.124,44.724,32.449,36.523,70.932,7.148,16.485,0.335,26.663,211.906,94.999,7.211,5.012,10.469,5.578,0.777,1.593,2.389,2.924,3.597,0.788,1.633,2.268,2.935,3.615,0.765,7.141,0.490,0.473,7.275,0.514,0.443,1.551,211.897,97.853
SYN-000416,2025-01-18T07:00:00+07:00,2.548,273.427,3.222,837.444,44.933,30.965,36.370,74.005,0.764,0,31.896,0,0,0,31.723,0,45.761,31.696,35.344,71.506,45.187,31.090,36.912,68.498,7.178,15.518,0.278,21.000,216.096,102.006,7.157,5.635,8.535,4.948,0.913,1.659,2.228,2.920,3.601,0.920,1.661,2.283,2.873,3.546,0.906,7.248,0.633,0.515,7.150,0.657,0.499,1.294,215.903,105.888
SYN-000417,2025-01-18T08:00:00+07:00,2.492,279.807,3.224,827.725,0,0,31.304,0,0.344,0,31.838,0,44.216,31.777,36.512,72.760,43.877,30.134,35.768,67.901,44.871,31.490,36.415,70.270,6.947,21.698,0.256,25.900,216.795,99.240,6.908,8.174,12.054,8.276,1.345,1.641,2.302,2.960,3.576,1.463,1.648,2.292,2.955,3.585,1.227,7.118,0.868,0.489,7.163,0.858,0.350,2.330,216.691,97.292
SYN-000418,2025-01-18T09:00:00+07:00,2.494,279.955,3.179,824.834,0,0,31.439,0,0.830,0,31.388,0,43.148,30.360,36.118,68.434,44.980,31.867,35.946,70.246,43.333,30.996,35.996,69.438,7.046,20.582,0.309,30.992,196.026,99.950,6.966,6.367,13.854,5.644,1.208,1.617,2.226,2.919,3.561,1.222,1.648,2.285,2.991,3.622,1.195,7.147,0.955,0.549,7.112,0.937,0.532,2.559,189.993,100.591
SYN-000419,2025-01-18T10:00:00+07:00,2.523,268.260,3.205,831.975,1.343,0,31.721,0,0.311,0,32.465,0,43.698,30.677,36.343,68.968,43.002,28.675,35.919,67.242,42.076,27.663,36.060,69.638,7.131,15.518,0.263,25.983,202.627,93.803,7.084,6.320,13.370,6.550,1.053,1.623,2.353,2.878,3.581,0.956,1.623,2.300,2.923,3.611,1.150,7.106,0.615,0.512,7.203,0.653,0.413,2.356,204.448,92.911
SYN-000420,2025-01-18T11:00:00+07:00,2.467,276.851,3.218,781.491,0,0,30.941,0,0.345,0,31.422,0,43.130,29.746,36.578,71.597,42.642,28.850,35.718,70.016,42.189,30.101,36.463,63.421,7.033,22.593,0.267,27.734,203.231,98.345,6.906,9.066,11.909,8.908,1.418,1.588,2.295,2.950,3.597,1.462,1.592,2.239,2.954,3.609,1.375,7.201,0.897,0.471,7.140,0.893,0.444,2.406,209.501,98.871
SYN-000421,2025-01-18T12:00:00+07:00,2.531,284.223,3.212,803.141,0.648,0,31.780,0,0.214,0,30.945,0,41.171,29.290,35.880,66.775,39.277,27.031,35.895,63.330,41.222,27.747,35.263,66.770,7.061,23.982,0.245,26.843,208.350,99.411,7.103,9.168,11.611,9.094,1.460,1.643,2.300,2.954,3.581,1.484,1.714,2.301,2.999,3.666,1.437,7.230,1.013,0.452,7.095,1.022,0.463,1.969,208.271,100.501
SYN-000422,2025-01-18T13:00:00+07:00,2.415,284.867,3.256,810.979,0.521,0,31.761,0,1.058,0,31.390,0,40.438,26.662,35.453,64.366,40.867,29.007,35.506,66.644,41.166,30.192,35.679,64.320,7.045,21.209,0.224,27.923,211.293,89.253,7.141,8.127,11.025,8.785,1.245,1.597,2.220,3.007,3.600,1.223,1.647,2.221,2.908,3.565,1.267,7.265,0.952,0.461,7.260,1.006,0.446,1.459,218.436,84.538
SYN-000423,2025-01-18T14:00:00+07:00,2.479,273.451,3.168,775.726,0.905,0,31.487,0,0,0,31.687,0,38.453,27.482,34.939,60.447,38.523,27.894,35.110,62.892,39.751,28.913,35.059,66.350,7.151,18.768,0.319,23.188,202.673,104.406,7.177,6.711,10.283,6.497,1.100,1.703,2.311,2.959,3.604,1.120,1.605,2.276,2.948,3.647,1.080,7.067,0.671,0.475,7.215,0.634,0.465,2.397,197.343,106.422
SYN-000424,2025-01-18T15:00:00+07:00,2.364,276.383,3.187,753.033,0.891,0,31.756,0,0,0,31.744,0,39.386,28.582,35.359,63.485,38.912,28.483,35.317,64.306,37.563,27.112,34.934,61.528,6.918,24.362,0.355,29.800,191.227,94.623,6.881,9.627,12.445,9.958,1.662,1.587,2.288,3.004,3.607,1.697,1.611,2.409,2.889,3.566,1.627,7.143,1.124,0.493,7.236,1.167,0.505,2.280,185.346,95.606
SYN-000425,2025-01-18T16:00:00+07:00,2.373,277.221,3.191,792.393,0,0,31.393,0,36.344,26.463,34.414,59.941,36.973,24.859,35.488,61.096,37.322,26.755,35.356,55.740,0.572,0,30.884,0,7.240,19.466,0.233,24.835,194.368,97.204,7.353,6.969,10.031,7.226,1.108,1.737,2.284,3.030,3.559,1.169,1.606,2.292,2.939,3.563,1.047,7.122,0.803,0.523,7.132,0.795,0.480,1.407,191.648,97.357
SYN-000426,2025-01-18T17:00:00+07:00,2.400,269.323,3.184,774.097,0,0,31.116,0,37.383,28.280,34.823,57.134,36.972,26.039,35.248,59.549,36.489,25.357,35.391,56.848,0,0,31.969,0,7.055,23.547,0.254,28.260,205.844,89.921,6.992,10.422,12.136,10.527,1.574,1.588,2.264,2.989,3.685,1.540,1.663,2.278,2.996,3.601,1.608,7.161,1.232,0.540,7.119,1.226,0.366,2.275,207.267,93.427
SYN-000427,2025-01-18T18:00:00+07:00,2.269,268.818,3.177,766.477,0.712,0,30.829,0,37.600,27.568,34.750,62.258,36.335,27.351,34.913,61.516,36.464,25.392,34.759,56.940,0,0,31.331,0,7.064,18.560,0.293,26.431,204.023,95.959,7.077,5.801,10.572,6.220,1.020,1.597,2.307,2.855,3.501,0.917,1.641,2.279,2.958,3.621,1.122,7.164,0.677,0.533,7.095,0.743,0.396,2.000,205.458,97.065
SYN-000428,2025-01-18T19:00:00+07:00,2.354,275.365,3.138,759.844,0,0,31.524,0,37.469,26.730,35.356,64.188,36.690,25.749,35.414,57.157,38.071,27.998,35.522,59.537,0,0,31.531,0,7.157,19.386,0.262,28.439,207.640,87.455,7.159,7.171,12.845,7.662,1.301,1.548,2.232,2.958,3.559,1.251,1.657,2.326,3.023,3.550,1.352,7.174,1.023,0.559,7.179,1.073,0.414,2.096,221.191,88.507
SYN-000429,2025-01-18T20:00:00+07:00,2.347,275.442,3.137,790.903,0,0,31.506,0,37.320,27.112,35.080,60.156,37.936,27.449,34.721,62.016,38.619,26.556,35.276,62.489,0,0,31.648,0,7.063,22.821,0.247,29.038,227.040,92.462,7.008,8.546,12.180,8.795,1.483,1.642,2.288,2.998,3.631,1.267,1.673,2.356,2.982,3.618,1.698,7.208,0.962,0.532,7.072,0.936,0.386,2.113,225.547,91.795
SYN-000430,2025-01-18T21:00:00+07:00,2.298,277.758,3.136,768.023,0,0,31.549,0,36.450,27.419,35.360,56.752,37.523,26.191,35.207,59.174,37.554,26.346,34.873,60.903,0,0,32.037,0,7.164,23.521,0.306,27.924,203.003,93.132,7.173,7.851,13.302,8.100,1.333,1.640,2.257,2.919,3.511,1.331,1.641,2.279,2.972,3.590,1.334,7.146,0.959,0.545,7.015,1.001,0.415,1.427,205.335,91.092
SYN-000431,2025-01-18T22:00:00+07:00,2.310,277.299,3.141,785.322,0,0,31.430,0,40.497,28.091,35.147,68.548,39.799,28.317,35.207,60.349,39.870,28.135,35.559,65.550,0,0,31.460,0,7.040,21.479,0.310,26.184,230.151,102.065,7.113,5.851,10.094,5.638,0.853,1.584,2.374,2.994,3.613,0.792,1.687,2.319,2.950,3.645,0.913,7.200,0.470,0.495,7.238,0.464,0.393,1.639,226.986,102.594
SYN-000432,2025-01-18T23:00:00+07:00,2.308,275.291,3.142,800.261,0,0,31.171,0,39.422,27.792,35.418,62.515,40.249,29.033,35.390,61.525,40.170,30.116,35.829,61.944,0.788,0,30.893,0,7.105,20.278,0.280,26.082,188.233,97.231,7.160,7.171,11.497,7.574,1.104,1.639,2.372,2.972,3.634,1.186,1.680,2.274,2.974,3.721,1.022,7.078,0.755,0.492,7.187,0.702,0.456,1.528,186.066,97.384
SYN-000433,2025-01-19T00:00:00+07:00,2.262,268.524,3.115,830.175,40.124,27.989,35.330,65.971,41.475,27.476,36.076,66.166,41.374,28.750,36.131,64.852,0.738,0,31.957,0,0,0,31.387,0,7.040,23.008,0.299,29.862,189.042,99.413,7.085,6.940,13.970,7.555,1.187,1.584,2.315,2.934,3.615,1.190,1.669,2.264,2.950,3.580,1.185,7.191,0.836,0.523,7.196,0.806,0.465,2.832,192.667,100.638
SYN-000434,2025-01-19T01:00:00+07:00,2.357,270.741,3.125,828.430,42.210,30.486,36.109,65.863,41.341,28.562,35.576,68.443,41.657,29.045,35.235,65.506,0.240,0,32.050,0,0,0,32.791,0,7.095,22.122,0.314,29.129,225.638,101.293,7.060,9.169,10.867,9.620,1.474,1.686,2.300,2.966,3.614,1.416,1.645,2.346,2.984,3.605,1.532,7.210,1.009,0.508,7.165,1.054,0.490,1.561,224.413,101.906
SYN-000435,2025-01-19T02:00:00+07:00,2.246,266.031,3.081,861.467,42.580,29.447,35.656,69.211,42.620,27.913,35.624,68.403,43.456,29.846,36.267,69.135,0,0,31.296,0,0,0,32.526,0,7.090,23.001,0.274,28.606,214.590,103.478,7.052,8.037,12.408,8.415,1.395,1.698,2.269,2.980,3.590,1.422,1.653,2.272,2.954,3.604,1.368,7.189,1.047,0.502,7.152,1.034,0.489,2.295,217.182,102.770
SYN-000436,2025-01-19T03:00:00+07:00,2.236,277.019,3.113,831.889,45.172,32.146,35.582,72.664,44.717,30.501,35.815,70.333,44.956,31.487,36.791,71.260,0.187,0,32.087,0,0.173,0,31.244,0,7.033,22.516,0.211,27.756,203.915,89.455,7.105,10.042,11.673,9.760,1.808,1.665,2.280,2.910,3.703,1.952,1.741,2.292,2.996,3.622,1.663,7.189,1.381,0.458,7.171,1.371,0.383,2.429,201.765,87.383
SYN-000437,2025-01-19T04:00:00+07:00,2.257,273.905,3.147,873.005,44.531,29.995,35.935,74.103,44.396,30.867,35.983,68.603,43.946,30.040,35.760,72.345,0,0,32.204,0,0.485,0,30.634,0,7.130,20.195,0.282,27.100,201.851,94.282,7.147,6.354,12.963,6.482,1.048,1.708,2.247,2.972,3.635,1.164,1.702,2.339,2.987,3.604,0.931,7.118,0.832,0.428,7.187,0.790,0.445,1.406,195.852,93.096
SYN-000438,2025-01-19T05:00:00+07:00,2.217,273.228,3.124,841.349,44.603,30.286,36.278,71.157,44.881,30.479,36.598,72.648,44.237,32.643,35.371,70.902,0.164,0,31.868,0,0,0,31.673,0,7.139,26.462,0.294,28.296,208.670,101.661,7.167,8.304,11.588,7.963,1.353,1.675,2.314,2.928,3.656,1.493,1.649,2.357,3.011,3.661,1.214,7.086,0.863,0.489,7.143,0.874,0.465,1.891,202.256,103.821
SYN-000439,2025-01-19T06:00:00+07:00,2.255,273.613,3.140,843.217,45.468,33.050,36.328,74.100,45.007,31.824,36.069,73.024,44.936,31.720,36.438,70.416,0.805,0,31.266,0,0.273,0,32.661,0,7.144,28.013,0.279,28.080,200.668,101.123,7.167,9.181,11.995,9.585,1.520,1.634,2.242,2.988,3.539,1.687,1.632,2.312,2.897,3.639,1.352,7.137,1.228,0.436,7.191,1.228,0.473,1.707,195.112,100.272
SYN-000440,2025-01-19T07:00:00+07:00,2.223,277.055,3.130,839.282,44.874,31.568,36.167,74.167,44.236,30.777,35.980,70.227,45.496,31.594,36.117,71.784,0.119,0,31.513,0,0,0,31.206,0,7.146,22.678,0.310,27.894,190.777,94.060,7.213,9.697,12.222,9.856,1.742,1.742,2.322,2.991,3.648,1.676,1.573,2.351,3.019,3.515,1.808,7.142,1.383,0.457,7.141,1.432,0.460,1.284,194.069,93.189
SYN-000441,2025-01-19T08:00:00+07:00,2.244,268.660,3.084,837.575,43.962,30.173,35.462,71.156,44.506,31.488,35.205,72.722,0,0,31.560,0,0.712,0,32.100,0,46.046,32.675,35.787,69.530,6.925,23.430,0.274,30.742,194.266,95.529,6.936,7.916,14.647,8.877,1.436,1.612,2.339,2.981,3.515,1.478,1.649,2.266,2.912,3.567,1.393,7.208,1.152,0.517,7.128,1.098,0.511,1.910,191.802,91.952
SYN-000442,2025-01-19T09:00:00+07:00,2.163,270.262,3.109,868.324,43.506,29.185,35.645,69.912,43.752,30.155,35.634,71.708,0,0,30.957,0,0.784,0,31.435,0,43.566,29.372,35.399,68.036,7.048,20.211,0.282,26.717,205.650,92.862,7.074,7.807,12.639,7.437,1.364,1.598,2.377,2.968,3.604,1.212,1.571,2.308,2.942,3.632,1.516,7.089,0.945,0.517,7.132,0.961,0.468,2.150,206.075,94.198
SYN-000443,2025-01-19T10:00:00+07:00,2.259,266.855,3.088,858.108,42.583,28.047,35.187,69.373,42.997,30.626,35.810,70.687,0.123,0,31.315,0,0,0,30.785,0,41.613,30.282,36.910,65.339,7.041,26.797,0.294,26.822,223.810,109.953,7.095,9.781,11.568,9.677,1.545,1.624,2.346,2.925,3.663,1.528,1.641,2.306,2.942,3.507,1.563,7.184,1.195,0.474,7.173,1.161,0.440,2.184,227.174,109.595
SYN-000444,2025-01-19T11:00:00+07:00,2.198,276.236,3.044,827.604,42.886,29.374,36.124,68.979,41.721,28.166,34.834,69.391,0,0,30.766,0,0.303,0,31.163,0,41.366,29.123,35.566,67.200,6.981,24.440,0.249,29.153,195.988,90.532,6.890,8.552,13.157,8.693,1.400,1.593,2.301,2.845,3.632,1.334,1.749,2.325,3.003,3.619,1.467,7.179,1.043,0.521,7.251,1.096,0.470,2.330,195.419,90.130
SYN-000445,2025-01-19T12:00:00+07:00,2.225,269.778,3.108,834.020,39.769,27.424,35.376,62.502,39.539,26.612,34.445,58.856,0,0,31.546,0,0,0,31.467,0,39.917,29.118,34.908,60.755,7.028,29.356,0.342,31.291,191.375,97.159,7.084,12.524,11.523,12.950,2.155,1.720,2.353,2.958,3.652,2.166,1.755,2.313,2.982,3.580,2.144,7.138,1.515,0.506,7.163,1.580,0.465,1.932,192.260,95.827
SYN-000446,2025-01-19T13:00:00+07:00,2.138,269.676,3.107,798.547,39.875,27.710,36.108,61.804,39.306,26.754,35.298,63.975,0.945,0,31.241,0,0.128,0,31.535,0,39.958,27.535,35.130,65.177,7.091,23.046,0.277,29.754,226.396,105.666,7.037,8.132,13.212,7.389,1.365,1.667,2.318,2.933,3.626,1.312,1.654,2.329,2.988,3.594,1.419,7.153,0.877,0.430,7.158,0.889,0.494,2.144,227.810,107.008
SYN-000447,2025-01-19T14:00:00+07:00,2.122,277.001,3.079,803.437,38.137,25.983,35.061,64.529,38.636,27.070,35.370,60.663,0,0,31.011,0,0.531,0,31.515,0,39.435,27.870,35.102,65.204,7.124,22.086,0.273,24.166,203.138,97.346,7.099,8.739,11.520,9.158,1.472,1.595,2.240,2.894,3.616,1.174,1.694,2.253,2.997,3.643,1.770,7.219,0.947,0.460,7.076,0.875,0.403,1.693,201.810,97.435
SYN-000448,2025-01-19T15:00:00+07:00,2.128,272.402,3.116,811.521,38.491,28.137,36.570,61.957,37.715,26.008,35.427,63.550,0.389,0,31.076,0,0.361,0,31.813,0,37.702,25.956,35.872,63.787,7.016,25.393,0.319,26.122,190.268,97.687,6.938,7.318,12.305,7.145,1.212,1.580,2.306,2.836,3.559,1.143,1.583,2.287,2.994,3.593,1.282,7.081,0.892,0.501,7.113,0.979,0.432,1.402,179.248,96.863
SYN-000449,2025-01-19T16:00:00+07:00,2.146,264.745,3.065,785.897,37.951,26.572,35.470,60.063,0.061,0,31.748,0,1.010,0,31.275,0,37.396,26.719,35.341,60.452,37.944,27.517,36.058,62.178,6.944,30.220,0.263,27.040,187.273,94.338,6.976,10.352,12.409,10.875,1.655,1.667,2.332,2.979,3.570,1.531,1.698,2.315,2.931,3.615,1.779,7.139,1.294,0.459,7.004,1.294,0.470,1.280,187.663,95.462
SYN-000450,2025-01-19T17:00:00+07:00,2.144,270.169,3.040,776.246,37.461,28.155,35.112,59.104,0.584,0,31.519,0,0.058,0,31.756,0,36.936,27.162,35.380,58.960,36.153,25.223,35.225,58.561,6.967,28.310,0.239,29.120,191.757,101.559,6.978,10.050,10.838,10.013,1.754,1.605,2.333,2.872,3.582,1.750,1.636,2.291,2.905,3.535,1.758,7.151,1.228,0.452,7.092,1.247,0.485,1.822,196.754,104.438
SYN-000451,2025-01-19T18:00:00+07:00,2.156,268.945,3.118,760.092,36.760,26.866,34.366,58.611,0.358,0,31.698,0,1.087,0,31.722,0,37.183,27.042,35.441,59.303,38.555,28.628,35.007,64.810,7.030,28.967,0.295,32.387,196.795,97.293,7.016,10.912,15.459,10.677,1.734,1.659,2.344,2.992,3.571,1.773,1.630,2.430,2.939,3.623,1.696,7.120,1.280,0.506,7.146,1.306,0.431,2.460,200.765,95.626
SYN-000452,2025-01-19T19:00:00+07:00,2.110,263.922,3.050,768.606,36.718,24.608,36.087,62.984,0.270,0,31.869,0,0,0,31.130,0,38.982,27.898,35.699,58.983,37.493,27.440,35.262,57.331,7.026,29.689,0.313,32.395,197.629,87.547,7.122,10.363,14.179,9.917,1.767,1.586,2.375,2.934,3.587,1.670,1.629,2.300,2.971,3.585,1.864,7.230,1.273,0.475,7.129,1.328,0.415,1.723,193.655,87.901
SYN-000453,2025-01-19T20:00:00+07:00,2.178,261.453,3.067,795.039,38.494,25.767,35.816,60.983,0.206,0,31.233,0,0,0,30.968,0,37.294,26.490,35.271,57.718,35.834,25.757,36.135,58.845,6.997,26.511,0.260,27.560,203.705,94.114,7.068,10.171,10.801,10.108,1.814,1.619,2.324,2.920,3.643,1.657,1.721,2.273,2.921,3.588,1.970,7.199,1.271,0.513,7.209,1.267,0.465,1.897,192.446,95.724
SYN-000454,2025-01-19T21:00:00+07:00,2.136,259.272,3.107,779.744,37.757,26.520,34.585,62.012,0,0,31.603,0,0.580,0,31.219,0,37.817,26.553,36.258,59.219,38.752,29.071,34.737,63.848,7.099,28.136,0.286,31.145,213.353,102.191,7.075,9.548,14.860,10.107,1.503,1.726,2.278,2.994,3.625,1.229,1.707,2.257,2.802,3.587,1.776,7.173,1.073,0.460,7.115,1.107,0.434,2.130,213.181,102.220
SYN-000455,2025-01-19T22:00:00+07:00,2.071,274.210,3.021,798.391,38.740,28.007,35.453,59.536,0,0,31.235,0,1.408,0,30.741,0,39.661,28.626,35.364,67.352,39.888,28.164,35.371,61.240,7.151,25.389,0.268,27.837,228.819,99.256,7.153,7.396,9.665,7.841,1.388,1.638,2.326,2.848,3.562,1.245,1.723,2.271,2.978,3.589,1.531,7.147,1.050,0.455,7.087,1.074,0.555,2.332,226.597,98.220
SYN-000456,2025-01-19T23:00:00+07:00,2.110,268.373,3.046,811.944,41.419,28.917,36.324,69.325,0.986,0,31.276,0,1.316,0,31.333,0,39.925,28.246,35.910,63.956,39.618,29.128,35.601,64.661,7.098,24.487,0.358,27.939,196.562,101.531,7.031,7.477,12.220,7.082,1.294,1.671,2.263,2.991,3.596,1.231,1.665,2.270,2.897,3.640,1.356,7.202,0.963,0.441,7.182,0.979,0.486,2.224,184.602,100.081
SYN-000457,2025-01-20T00:00:00+07:00,2.118,258.127,3.077,804.500,0,0,31.185,0,0,0,32.344,0,41.420,29.928,35.966,66.027,41.362,26.595,36.193,63.913,41.161,30.099,35.175,66.182,7.136,23.340,0.263,26.444,219.638,91.998,7.138,10.445,10.107,11.441,1.656,1.625,2.380,2.944,3.599,1.560,1.641,2.313,2.950,3.493,1.752,7.198,1.229,0.446,7.161,1.214,0.529,1.448,220.471,94.172
SYN-000458,2025-01-20T01:00:00+07:00,2.116,260.737,3.109,803.658,0,0,30.957,0,0,0,30.876,0,41.928,27.180,35.819,66.996,41.358,28.742,35.855,66.293,43.363,28.591,35.025,69.281,7.036,25.235,0.248,23.545,215.616,93.415,7.076,9.910,8.203,9.839,1.601,1.636,2.299,3.003,3.524,1.601,1.669,2.387,2.974,3.583,1.601,7.139,1.194,0.519,7.126,1.143,0.507,1.521,212.481,93.453
SYN-000459,2025-01-20T02:00:00+07:00,2.088,262.660,3.041,821.771,0,0,31.450,0,0,0,30.919,0,43.132,30.033,36.506,69.270,43.022,30.754,35.954,71.390,42.707,28.964,35.591,67.116,7.002,29.140,0.273,27.017,207.937,100.127,7.045,10.124,9.617,9.339,1.751,1.691,2.227,3.036,3.634,1.718,1.681,2.290,2.920,3.654,1.784,7.137,1.256,0.482,7.076,1.214,0.453,1.035,207.407,100.763
SYN-000460,2025-01-20T03:00:00+07:00,2.103,260.265,3.070,834.902,0.653,0,30.784,0,0,0,31.605,0,42.710,28.744,36.498,66.534,43.681,31.473,36.187,71.550,43.626,31.122,35.594,71.204,7.107,30.404,0.318,30.542,192.980,98.268,7.109,10.988,14.105,10.615,1.718,1.649,2.306,2.975,3.704,1.590,1.635,2.341,2.911,3.547,1.845,7.216,1.200,0.511,7.128,1.233,0.509,2.103,197.881,99.460
SYN-000461,2025-01-20T04:00:00+07:00,2.138,258.754,3.112,835.033,0,0,31.346,0,0,0,31.203,0,43.868,29.830,35.724,71.147,43.934,30.599,36.042,66.734,44.933,31.026,35.811,70.398,7.036,34.180,0.252,35.064,173.886,110.505,7.094,12.340,14.851,12.144,1.922,1.689,2.292,3.036,3.596,1.898,1.622,2.318,3.002,3.604,1.945,7.100,1.366,0.521,7.116,1.338,0.427,2.510,178.538,110.471
SYN-000462,2025-01-20T05:00:00+07:00,2.057,266.423,3.042,871.576,0,0,32.126,0,0,0,30.791,0,45.482,30.980,36.548,73.917,45.771,30.621,35.777,74.249,44.720,31.767,35.287,73.679,7.234,29.184,0.233,25.286,174.645,103.663,7.294,9.981,12.159,9.671,1.576,1.561,2.373,2.961,3.600,1.493,1.645,2.235,2.926,3.581,1.659,7.117,1.144,0.431,7.236,1.129,0.525,1.638,165.861,102.448
SYN-000463,2025-01-20T06:00:00+07:00,2.014,263.976,3.073,838.277,0,0,31.182,0,0,0,31.937,0,45.641,31.668,36.147,71.312,45.308,30.212,36.382,71.690,44.035,31.152,35.960,68.380,7.148,30.871,0.268,28.908,210.990,99.687,7.131,12.779,12.279,12.360,2.234,1.664,2.380,2.980,3.678,2.251,1.619,2.247,2.914,3.596,2.217,7.158,1.545,0.457,7.192,1.498,0.471,2.658,210.972,101.378
SYN-000464,2025-01-20T07:00:00+07:00,2.145,259.337,3.103,837.913,0.088,0,30.713,0,0.891,0,31.918,0,42.535,29.362,35.087,71.920,45.868,30.961,35.690,75.537,45.075,30.859,35.781,72.337,7.199,32.476,0.333,32.123,200.097,99.064,7.212,11.923,13.201,11.765,1.948,1.623,2.291,2.881,3.644,2.018,1.631,2.311,2.947,3.669,1.878,7.203,1.375,0.480,7.147,1.362,0.442,2.670,190.454,98.503
SYN-000465,2025-01-20T08:00:00+07:00,2.149,266.608,3.094,856.648,0.255,0,31.386,0,44.822,31.627,35.724,74.212,44.740,30.528,36.144,69.377,44.788,30.275,36.192,75.420,0.360,0,31.296,0,7.005,29.776,0.300,30.793,187.056,108.385,6.978,10.075,12.098,10.471,1.668,1.596,2.321,2.951,3.598,1.737,1.664,2.352,2.963,3.526,1.599,7.142,1.209,0.481,7.105,1.167,0.399,2.278,186.202,108.682
SYN-000466,2025-01-20T09:00:00+07:00,2.070,257.318,3.041,828.908,0.458,0,30.730,0,43.102,28.566,36.169,69.761,45.075,29.594,35.973,71.000,42.991,27.086,36.418,70.409,0,0,30.940,0,7.259,29.744,0.265,29.936,225.418,98.373,7.205,9.161,13.556,9.734,1.553,1.603,2.286,2.940,3.561,1.437,1.658,2.348,2.923,3.509,1.669,7.191,1.170,0.520,7.181,1.175,0.446,1.428,221.299,95.997
SYN-000467,2025-01-20T10:00:00+07:00,2.078,268.059,3.064,835.796,0.811,0,31.868,0,42.592,29.907,34.979,66.663,42.209,28.591,34.846,65.678,42.737,30.072,36.370,69.717,0.210,0,31.048,0,7.070,33.539,0.304,32.179,180.788,98.071,7.129,13.117,13.264,13.601,2.207,1.637,2.236,2.954,3.614,2.185,1.683,2.367,2.921,3.610,2.229,7.143,1.499,0.490,7.101,1.524,0.486,1.904,182.049,101.394
SYN-000468,2025-01-20T11:00:00+07:00,2.129,252.270,3.061,826.246,0,0,31.227,0,41.200,28.969,36.187,68.992,41.433,30.577,35.202,70.106,42.449,28.970,35.935,68.595,0,0,30.980,0,6.988,32.799,0.277,31.697,203.353,93.626,6.957,12.436,14.188,12.147,1.965,1.606,2.317,2.924,3.584,1.882,1.663,2.326,2.936,3.649,2.049,7.115,1.362,0.466,7.090,1.335,0.457,2.423,195.849,93.008
SYN-000469,2025-01-20T12:00:00+07:00,2.010,264.765,3.093,804.965,0,0,31.555,0,40.953,28.982,35.735,65.993,39.587,27.338,34.740,64.267,41.297,28.630,35.808,65.876,0,0,31.107,0,7.180,29.072,0.336,28.769,192.550,90.060,7.201,8.407,12.942,8.904,1.468,1.608,2.278,2.899,3.621,1.395,1.637,2.317,2.927,3.551,1.541,7.187,1.163,0.426,7.206,1.140,0.507,1.594,189.849,91.469
SYN-000470,2025-01-20T13:00:00+07:00,2.092,260.703,3.059,823.945,0.217,0,32.523,0,39.866,28.282,36.360,62.274,41.251,27.840,36.440,68.797,40.384,27.940,35.399,66.352,0.196,0,31.915,0,7.078,31.668,0.264,29.095,206.805,87.356,7.086,12.513,12.004,12.437,2.171,1.615,2.250,2.837,3.668,1.985,1.664,2.309,2.980,3.574,2.357,7.068,1.504,0.499,7.065,1.576,0.356,1.799,203.591,88.865
SYN-000471,2025-01-20T14:00:00+07:00,2.113,253.367,3.111,798.766,0.406,0,31.654,0,38.610,26.808,35.847,64.818,38.567,26.158,35.360,62.502,38.979,29.715,35.174,61.334,0,0,31.677,0,6.971,29.862,0.253,30.630,207.433,97.814,6.952,11.290,14.334,11.131,1.869,1.680,2.346,2.921,3.590,1.704,1.729,2.251,2.995,3.636,2.035,7.184,1.321,0.473,7.059,1.267,0.416,1.793,213.126,97.329
SYN-000472,2025-01-20T15:00:00+07:00,2.095,256.956,3.076,815.779,0,0,31.049,0,37.516,25.452,35.089,58.226,38.215,27.392,34.970,62.001,38.749,25.237,36.009,60.957,0.773,0,30.588,0,7.203,31.627,0.266,31.589,211.791,96.473,7.178,11.517,14.577,11.886,1.959,1.672,2.191,3.030,3.589,1.810,1.662,2.325,2.991,3.678,2.107,7.141,1.435,0.416,7.136,1.408,0.441,2.976,211.552,90.588
SYN-000473,2025-01-20T16:00:00+07:00,2.129,273.863,3.091,800.095,38.549,27.318,35.172,60.788,38.017,27.361,35.040,64.528,36.970,25.785,34.253,57.100,0,0,31.867,0,0,0,31.460,0,6.892,28.817,0.280,29.982,209.460,102.503,6.959,10.489,14.865,10.462,1.608,1.576,2.380,2.969,3.659,1.607,1.663,2.325,2.948,3.529,1.609,7.159,1.114,0.458,7.128,1.200,0.466,2.115,213.101,103.753
SYN-000474,2025-01-20T17:00:00+07:00,2.180,251.123,3.103,757.160,38.503,26.096,35.353,62.566,36.289,24.864,34.308,60.632,36.409,26.627,35.383,61.723,0.013,0,32.435,0,0,0,31.854,0,6.933,35.547,0.287,33.357,216.098,103.607,6.794,13.680,15.693,13.806,2.110,1.730,2.329,2.941,3.620,2.071,1.646,2.301,2.948,3.668,2.148,7.082,1.619,0.540,7.202,1.611,0.520,2.599,220.015,103.819
SYN-000475,2025-01-20T18:00:00+07:00,2.154,254.452,3.099,774.063,35.822,26.846,35.314,59.564,37.676,26.445,35.360,62.124,36.799,25.897,34.821,60.318,0.826,0,30.528,0,1.056,0,30.911,0,6.857,32.683,0.270,31.194,199.875,100.425,6.855,9.799,13.401,9.405,1.848,1.638,2.350,3.012,3.525,1.904,1.617,2.311,2.957,3.636,1.793,7.132,1.411,0.509,7.238,1.364,0.442,2.120,195.883,100.405
SYN-000476,2025-01-20T19:00:00+07:00,2.134,268.009,3.082,763.316,37.404,24.841,35.712,59.534,36.873,26.120,35.332,59.778,35.757,26.945,35.508,59.568,0,0,31.760,0,0.526,0,32.005,0,7.008,34.071,0.308,31.776,195.692,96.659,6.980,13.160,15.289,14.171,2.324,1.566,2.233,2.897,3.551,2.290,1.673,2.415,2.917,3.642,2.358,7.157,1.571,0.465,7.122,1.620,0.497,2.433,189.544,98.489
SYN-000477,2025-01-20T20:00:00+07:00,2.120,256.551,3.105,775.392,37.147,25.746,35.460,60.648,37.185,26.010,35.498,60.824,38.389,28.202,36.268,61.466,0,0,31.167,0,0,0,31.026,0,6.951,29.328,0.261,32.515,214.304,89.718,6.947,10.614,14.287,10.897,1.935,1.696,2.269,2.931,3.664,1.838,1.684,2.371,2.933,3.569,2.031,7.140,1.333,0.481,7.138,1.413,0.430,2.529,216.668,91.422
SYN-000478,2025-01-20T21:00:00+07:00,2.107,261.844,3.110,790.306,38.319,25.770,34.887,60.364,38.596,26.006,34.813,57.542,38.853,29.261,35.108,62.949,0,0,31.602,0,0.340,0,31.840,0,7.184,32.230,0.295,30.646,199.078,103.881,7.200,13.416,13.931,13.395,2.212,1.626,2.305,2.958,3.613,1.954,1.564,2.227,2.908,3.680,2.470,7.112,1.624,0.507,7.192,1.652,0.445,2.888,199.443,104.553
SYN-000479,2025-01-20T22:00:00+07:00,2.106,247.044,3.101,798.198,39.593,27.238,35.363,62.816,39.143,28.546,35.227,65.870,38.841,28.386,34.993,64.033,0.096,0,31.397,0,0,0,31.343,0,7.039,28.374,0.292,29.972,185.087,93.517,6.927,11.738,13.769,11.569,1.923,1.641,2.223,2.948,3.655,2.092,1.640,2.259,2.939,3.577,1.754,7.192,1.474,0.520,7.105,1.459,0.404,2.477,192.553,95.865
SYN-000480,2025-01-20T23:00:00+07:00,2.167,261.054,3.085,804.637,40.923,29.597,35.774,64.123,40.392,28.355,36.145,61.471,39.957,28.006,36.524,65.676,0,0,31.464,0,0.268,0,31.775,0,7.103,35.000,0.282,33.422,201.663,93.106,7.104,12.293,14.490,11.857,1.924,1.716,2.317,2.962,3.555,2.054,1.645,2.298,3.055,3.643,1.794,7.137,1.406,0.498,7.176,1.440,0.490,1.916,205.935,93.053
SYN-000481,2025-01-21T00:00:00+07:00,2.162,252.152,3.092,814.409,40.620,29.537,35.292,69.324,39.852,28.086,36.149,67.049,1.133,0,31.175,0,0,0,30.505,0,41.988,27.463,34.756,66.221,7.002,30.403,0.229,26.152,214.988,89.640,7.003,10.337,9.411,10.622,1.692,1.708,2.427,2.932,3.534,1.952,1.671,2.326,2.860,3.639,1.431,7.080,1.193,0.515,7.176,1.249,0.445,2.410,220.104,93.632
SYN-000482,2025-01-21T01:00:00+07:00,2.193,251.185,3.097,833.901,41.617,29.608,35.715,66.066,42.312,29.724,35.739,66.883,0,0,31.140,0,0,0,30.867,0,42.251,29.844,35.826,71.212,7.018,31.438,0.298,31.204,227.705,95.942,6.914,12.325,12.642,12.030,2.046,1.635,2.301,2.987,3.610,1.876,1.685,2.379,2.909,3.639,2.216,7.103,1.489,0.469,7.107,1.491,0.397,2.155,238.698,93.419
SYN-000483,2025-01-21T02:00:00+07:00,2.215,246.303,3.060,836.596,43.486,29.909,35.838,71.518,43.673,29.201,36.403,71.523,0.155,0,31.425,0,0,0,30.956,0,43.023,29.097,36.306,69.468,7.119,33.272,0.279,33.200,210.696,99.977,7.079,11.056,13.012,11.702,2.212,1.670,2.269,2.944,3.580,1.957,1.704,2.378,2.915,3.537,2.468,7.188,1.519,0.484,7.195,1.490,0.505,1.126,213.557,100.517
SYN-000484,2025-01-21T03:00:00+07:00,2.211,250.069,3.076,835.903,44.184,29.601,36.486,69.175,44.351,31.869,35.915,73.990,0.385,0,31.982,0,0,0,31.709,0,43.591,29.691,36.403,68.199,6.878,28.100,0.316,31.385,207.504,99.174,6.854,7.627,14.709,8.143,1.168,1.613,2.407,2.944,3.583,1.208,1.611,2.390,2.960,3.635,1.127,7.180,0.976,0.531,7.034,0.971,0.438,2.474,214.172,97.792
SYN-000485,2025-01-21T04:00:00+07:00,2.187,255.213,3.115,837.577,45.628,31.813,35.722,72.080,43.459,32.391,36.285,74.128,0,0,31.588,0,0,0,31.334,0,43.552,31.517,35.885,69.091,7.014,33.778,0.249,36.529,201.162,95.716,6.939,12.000,15.823,12.773,1.871,1.697,2.356,2.984,3.578,1.846,1.579,2.352,2.951,3.537,1.895,7.247,1.377,0.526,7.148,1.397,0.450,2.178,195.478,94.241
SYN-000486,2025-01-21T05:00:00+07:00,2.224,246.633,3.096,856.015,46.155,31.924,36.121,68.908,44.060,31.026,35.984,72.636,0,0,30.700,0,0,0,31.961,0,45.619,30.604,36.484,74.090,7.101,31.092,0.308,32.018,208.398,101.283,7.140,10.873,14.720,10.912,1.628,1.630,2.351,2.972,3.615,1.816,1.589,2.309,2.963,3.567,1.439,7.175,1.270,0.463,7.134,1.265,0.436,3.209,210.776,99.108
SYN-000487,2025-01-21T06:00:00+07:00,2.242,250.924,3.092,838.677,45.124,30.759,36.076,66.947,45.124,30.219,36.123,66.985,0,0,31.088,0,0.943,0,30.715,0,45.664,31.479,36.526,72.120,7.167,29.514,0.283,29.355,216.658,94.952,7.121,10.326,13.013,10.646,1.824,1.676,2.286,2.920,3.581,1.999,1.597,2.214,2.961,3.525,1.649,7.207,1.402,0.492,7.166,1.371,0.498,2.799,224.146,94.115
SYN-000488,2025-01-21T07:00:00+07:00,2.216,250.749,3.175,842.013,44.064,29.486,35.569,71.398,44.479,32.186,37.083,71.215,0.674,0,32.068,0,0,0,31.285,0,44.860,30.415,35.386,70.470,7.015,28.711,0.297,29.318,229.940,94.431,6.982,11.219,12.688,10.963,1.814,1.698,2.316,2.951,3.586,1.747,1.689,2.185,2.961,3.599,1.881,7.122,1.234,0.467,7.092,1.258,0.495,2.431,229.351,92.911
SYN-000489,2025-01-21T08:00:00+07:00,2.276,249.860,3.136,820.537,44.203,30.759,36.159,71.300,0,0,32.277,0,0.789,0,31.506,0,44.885,31.597,35.822,73.109,43.833,29.836,36.046,71.961,6.980,36.837,0.296,35.489,201.984,104.585,6.968,12.369,16.166,12.202,1.985,1.667,2.271,3.025,3.581,2.056,1.649,2.251,2.993,3.585,1.915,7.172,1.478,0.462,7.228,1.548,0.433,2.849,206.833,106.192
SYN-000490,2025-01-21T09:00:00+07:00,2.259,246.686,3.096,842.168,44.005,29.124,35.069,73.156,0,0,31.280,0,0,0,31.559,0,43.505,29.683,35.872,70.395,45.133,31.108,36.832,69.556,7.066,30.916,0.252,29.594,205.915,99.235,7.016,11.284,11.298,10.693,1.853,1.746,2.344,2.899,3.582,1.911,1.619,2.282,2.959,3.546,1.796,7.248,1.294,0.489,7.156,1.243,0.461,2.289,215.948,102.570
SYN-000491,2025-01-21T10:00:00+07:00,2.253,255.151,3.159,813.781,42.494,30.558,35.792,67.698,0.074,0,31.865,0,0,0,31.201,0,43.126,31.248,36.228,67.318,42.002,30.308,35.923,66.542,7.013,30.922,0.286,31.066,161.754,100.995,7.063,9.190,13.200,10.034,1.621,1.640,2.278,2.969,3.665,1.560,1.685,2.265,2.963,3.623,1.682,7.160,1.148,0.459,7.192,1.171,0.410,2.563,164.732,97.673
SYN-000492,2025-01-21T11:00:00+07:00,2.296,252.390,3.158,782.807,42.030,29.851,35.546,67.509,0.739,0,31.351,0,0.278,0,31.229,0,43.498,30.948,35.469,68.202,42.483,28.278,35.875,69.998,7.095,31.517,0.325,29.250,208.084,103.692,7.053,12.214,10.437,12.113,2.001,1.693,2.281,2.922,3.619,1.900,1.773,2.376,2.964,3.578,2.102,7.255,1.394,0.506,7.052,1.447,0.396,1.695,205.837,105.477
SYN-000493,2025-01-21T12:00:00+07:00,2.325,256.112,3.127,811.940,41.166,29.692,35.386,68.809,0,0,31.646,0,0.251,0,31.943,0,41.048,27.823,35.893,66.426,41.740,29.874,35.677,67.887,7.106,35.579,0.270,36.978,199.536,103.835,7.030,12.129,15.333,11.944,2.157,1.710,2.363,2.976,3.502,1.964,1.664,2.378,3.029,3.598,2.351,7.169,1.391,0.447,7.171,1.407,0.458,2.056,199.494,105.656
SYN-000494,2025-01-21T13:00:00+07:00,2.314,248.106,3.178,846.709,39.736,29.672,35.666,63.483,0.355,0,31.856,0,0.929,0,32.139,0,39.581,29.031,35.450,62.901,39.466,28.452,34.949,65.032,6.946,34.048,0.297,33.566,228.841,101.809,6.974,12.429,16.364,12.781,2.091,1.538,2.315,3.034,3.612,1.969,1.627,2.292,2.842,3.625,2.212,7.076,1.442,0.504,7.223,1.421,0.417,2.417,221.203,102.402
SYN-000495,2025-01-21T14:00:00+07:00,2.388,251.491,3.148,818.286,39.196,27.320,35.791,62.293,0,0,31.136,0,1.017,0,31.710,0,39.226,27.908,35.432,62.921,39.104,27.782,35.696,60.830,6.905,30.411,0.276,31.585,224.439,91.696,6.877,8.801,13.392,9.643,1.425,1.676,2.342,2.974,3.614,1.401,1.652,2.318,3.025,3.653,1.450,7.224,1.094,0.443,7.189,1.156,0.400,1.803,234.508,91.697
SYN-000496,2025-01-21T15:00:00+07:00,2.299,237.069,3.174,820.993,38.001,26.626,35.697,61.414,0,0,31.537,0,0,0,31.854,0,38.486,27.749,35.203,62.857,37.723,27.681,35.229,57.918,7.065,27.970,0.279,28.615,200.898,101.777,7.033,9.350,13.002,8.996,1.511,1.631,2.312,2.978,3.585,1.266,1.665,2.296,2.972,3.592,1.755,7.092,1.217,0.478,7.133,1.241,0.520,1.843,203.563,102.218
SYN-000497,2025-01-21T16:00:00+07:00,2.322,244.550,3.160,786.166,0.136,0,31.960,0,0,0,31.308,0,39.197,29.673,35.677,63.564,38.461,27.730,35.657,67.611,37.635,27.329,34.971,62.192,6.982,32.392,0.317,28.947,185.406,95.224,7.003,12.036,14.011,11.451,2.104,1.630,2.267,2.870,3.554,2.007,1.632,2.283,2.884,3.639,2.200,7.138,1.590,0.465,7.131,1.610,0.497,1.854,181.608,97.480
SYN-000498,2025-01-21T17:00:00+07:00,2.403,247.756,3.161,767.171,0.420,0,32.056,0,0.308,0,31.821,0,36.092,24.987,35.453,57.628,37.890,26.372,35.097,60.934,38.021,25.865,35.707,61.747,6.955,39.427,0.309,36.080,196.224,95.448,6.883,14.938,15.952,15.996,2.483,1.694,2.181,2.953,3.648,2.425,1.708,2.283,2.990,3.626,2.542,7.069,1.814,0.503,7.205,1.787,0.501,1.802,196.619,96.697
SYN-000499,2025-01-21T18:00:00+07:00,2.432,234.573,3.183,792.473,0,0,31.402,0,0,0,31.065,0,37.058,26.389,35.105,60.443,37.852,27.079,35.352,60.672,37.354,27.553,34.985,60.692,7.080,35.124,0.340,32.524,207.248,97.583,7.043,11.207,15.119,11.362,1.801,1.756,2.283,3.002,3.643,1.831,1.621,2.333,2.940,3.577,1.770,7.113,1.200,0.460,7.234,1.206,0.443,2.538,206.051,97.792
SYN-000500,2025-01-21T19:00:00+07:00,2.337,234.275,3.178,792.860,0,0,31.242,0,0,0,31.017,0,37.990,26.441,34.949,59.318,36.766,26.478,34.761,58.911,38.661,26.225,34.512,64.178,7.051,31.350,0.298,29.326,201.921,99.469,6.990,11.567,14.124,10.859,1.855,1.631,2.367,2.953,3.555,1.909,1.639,2.337,3.024,3.584,1.800,7.104,1.379,0.507,7.223,1.384,0.439,1.583,199.262,98.704
SYN-000501,2025-01-21T20:00:00+07:00,2.353,239.292,3.197,789.401,0.606,0,31.486,0,0,0,30.985,0,36.949,27.034,33.765,60.947,37.131,27.446,35.468,59.408,38.489,25.205,36.683,62.965,7.044,29.357,0.262,30.290,167.262,104.965,7.030,10.886,11.131,10.509,1.746,1.616,2.248,2.930,3.621,1.754,1.601,2.301,2.899,3.611,1.737,7.157,1.300,0.501,7.242,1.366,0.465,1.885,175.793,105.430
SYN-000502,2025-01-21T21:00:00+07:00,2.373,238.935,3.168,775.719,1.068,0,31.489,0,0.269,0,31.089,0,36.949,27.034,33.765,60.947,37.641,28.756,35.282,61.194,38.201,29.422,35.289,56.528,6.924,30.423,0.273,32.681,217.480,86.457,6.868,11.790,12.916,11.023,1.866,1.699,2.338,2.985,3.629,1.704,1.578,2.283,2.983,3.593,2.027,7.173,1.271,0.493,7.203,1.294,0.471,1.741,217.071,89.831
SYN-000503,2025-01-21T22:00:00+07:00,2.451,238.789,3.228,765.518,0.410,0,30.813,0,0.081,0,31.000,0,36.949,27.034,33.765,60.947,40.309,27.306,34.947,62.605,39.359,27.642,35.266,60.258,6.860,26.945,0.290,26.200,210.287,95.358,6.832,10.205,10.541,10.404,1.749,1.649,2.341,2.968,3.553,1.542,1.558,2.266,2.987,3.606,1.955,7.108,1.234,0.485,7.183,1.278,0.393,1.914,209.735,92.471
SYN-000504,2025-01-21T23:00:00+07:00,2.435,241.723,3.197,804.187,0.627,0,31.905,0,0.709,0,31.474,0,36.949,27.034,33.765,60.947,40.590,27.764,35.736,66.182,41.448,27.929,35.496,65.819,7.087,29.023,0.304,31.231,224.420,102.169,7.069,10.300,13.514,10.020,1.766,1.716,2.297,2.878,3.611,1.897,1.691,2.243,2.988,3.594,1.635,7.149,1.267,0.486,7.105,1.249,0.485,2.658,221.318,102.403
SYN-000505,2025-01-22T00:00:00+07:00,2.419,237.055,3.237,808.472,0,0,31.994,0,40.308,30.208,35.136,67.053,36.949,27.034,33.765,60.947,40.982,29.331,35.401,65.542,0,0,31.670,0,7.046,29.655,0.230,28.010,202.245,107.314,6.942,11.527,11.754,11.617,1.956,1.657,2.332,2.926,3.648,1.744,1.669,2.355,2.941,3.596,2.167,7.068,1.298,0.437,7.210,1.259,0.505,1.743,196.357,107.205
SYN-000506,2025-01-22T01:00:00+07:00,2.434,236.335,3.219,811.447,0.345,0,31.185,0,42.923,29.526,35.305,72.855,36.949,27.034,33.765,60.947,42.628,29.973,35.841,69.175,0,0,31.143,0,7.138,25.126,0.296,27.087,204.250,107.733,7.071,7.575,11.568,8.432,1.406,1.646,2.336,2.949,3.549,1.348,1.643,2.334,2.994,3.594,1.465,7.096,0.996,0.519,7.063,1.011,0.479,1.310,203.824,107.566
SYN-000507,2025-01-22T02:00:00+07:00,2.437,234.098,3.176,824.143,0.127,0,31.234,0,42.767,29.463,36.624,67.575,36.949,27.034,33.765,60.947,43.774,29.987,36.189,71.585,0,0,31.608,0,7.118,30.936,0.241,33.227,188.550,99.030,7.145,10.770,14.874,11.024,1.880,1.654,2.401,2.969,3.633,1.869,1.640,2.246,3.019,3.572,1.890,7.152,1.404,0.532,7.161,1.410,0.406,1.611,186.021,99.375
SYN-000508,2025-01-22T03:00:00+07:00,2.476,238.361,3.245,849.049,0.728,0,32.321,0,44.146,29.190,36.054,73.205,36.949,27.034,33.765,60.947,43.399,29.167,36.509,66.178,0,0,32.249,0,7.011,25.371,0.278,30.367,220.541,97.996,7.085,9.358,14.233,9.547,1.582,1.631,2.353,3.002,3.600,1.565,1.692,2.250,3.033,3.607,1.600,7.145,1.221,0.430,7.075,1.140,0.510,1.920,212.597,99.143
SYN-000509,2025-01-22T04:00:00+07:00,2.527,248.488,3.201,859.355,0.178,0,31.155,0,43.790,32.491,35.397,71.156,36.949,27.034,33.765,60.947,44.324,29.782,36.926,69.579,0.300,0,31.590,0,7.113,28.907,0.287,30.105,193.865,97.492,7.217,10.165,14.348,10.349,1.471,1.640,2.281,2.940,3.637,1.554,1.708,2.288,2.955,3.611,1.388,7.119,1.033,0.454,7.123,0.990,0.463,1.685,196.268,98.528
SYN-000510,2025-01-22T05:00:00+07:00,2.510,245.712,3.191,854.349,0,0,32.311,0,44.347,30.846,35.928,68.342,36.949,27.034,33.765,60.947,45.767,30.867,37.145,69.743,0.809,0,31.787,0,7.001,31.888,0.334,33.156,200.172,93.456,7.055,11.240,14.918,11.879,1.838,1.689,2.280,2.985,3.573,1.916,1.623,2.328,2.934,3.564,1.760,7.195,1.426,0.471,7.094,1.466,0.392,2.129,203.087,96.258
SYN-000511,2025-01-22T06:00:00+07:00,2.534,228.506,3.195,857.504,0,0,31.959,0,45.989,33.009,36.764,76.932,36.949,27.034,33.765,60.947,43.479,30.304,35.692,71.118,0.152,0,32.211,0,7.261,30.462,0.263,30.193,214.449,95.734,7.290,10.523,14.155,10.892,1.685,1.618,2.316,2.856,3.648,1.546,1.610,2.388,2.931,3.581,1.823,7.067,1.218,0.502,7.103,1.219,0.533,2.337,209.858,101.021
SYN-000512,2025-01-22T07:00:00+07:00,2.537,239.956,3.225,854.577,0,0,31.272,0,44.989,31.005,35.643,72.632,36.949,27.034,33.765,60.947,45.663,31.310,35.886,69.183,0.624,0,31.648,0,7.174,30.747,0.288,33.946,198.750,103.016,7.196,12.676,14.959,12.089,2.042,1.711,2.336,2.939,3.596,2.005,1.697,2.227,2.972,3.597,2.079,7.204,1.476,0.499,7.124,1.494,0.481,2.581,195.184,103.599
SYN-000513,2025-01-22T08:00:00+07:00,2.539,227.180,3.281,809.587,43.676,31.265,36.637,71.271,43.383,29.272,35.907,70.286,36.949,27.034,33.765,60.947,0,0,31.190,0,0.991,0,30.931,0,7.138,29.625,0.240,29.736,212.584,97.588,7.129,10.643,13.232,10.358,1.960,1.613,2.309,2.959,3.533,2.012,1.684,2.241,2.974,3.659,1.908,7.102,1.541,0.487,7.173,1.580,0.427,2.302,211.823,97.139
SYN-000514,2025-01-22T09:00:00+07:00,2.596,228.589,3.289,810.629,43.920,30.860,36.432,66.665,42.766,30.375,35.838,68.431,36.949,27.034,33.765,60.947,0.812,0,31.596,0,0.574,0,31.252,0,7.088,27.022,0.302,27.568,211.864,97.260,7.148,9.408,11.900,9.420,1.355,1.580,2.295,2.991,3.549,1.198,1.662,2.341,2.970,3.646,1.513,7.159,0.979,0.475,7.219,0.990,0.472,1.837,207.150,98.329
SYN-000515,2025-01-22T10:00:00+07:00,2.525,238.266,3.257,841.377,42.906,30.015,36.461,67.657,43.806,31.568,36.183,64.910,36.949,27.034,33.765,60.947,0,0,31.795,0,0.709,0,31.329,0,6.817,31.135,0.304,31.836,218.844,94.605,6.826,11.794,13.837,11.545,1.883,1.753,2.310,2.989,3.635,1.797,1.658,2.298,2.954,3.532,1.969,7.090,1.352,0.468,7.048,1.346,0.479,2.273,219.761,93.235
SYN-000516,2025-01-22T11:00:00+07:00,2.606,235.095,3.268,814.747,41.906,29.358,35.001,66.666,40.834,28.915,34.924,66.750,36.949,27.034,33.765,60.947,0.292,0,31.423,0,0.739,0,32.231,0,6.757,29.971,0.239,31.516,197.602,101.002,6.781,9.334,11.790,8.594,1.641,1.620,2.219,3.003,3.632,1.342,1.705,2.367,2.890,3.646,1.940,7.101,1.244,0.451,7.098,1.219,0.402,1.061,202.985,102.651
SYN-000517,2025-01-22T12:00:00+07:00,2.672,239.963,3.260,799.942,40.760,27.990,35.515,64.691,40.939,28.278,35.248,69.138,36.949,27.034,33.765,60.947,0,0,31.401,0,0.678,0,31.431,0,6.962,30.319,0.240,30.009,203.128,100.783,6.841,10.046,11.529,10.139,1.531,1.638,2.298,2.881,3.580,1.393,1.667,2.298,2.868,3.690,1.669,7.160,1.054,0.496,7.218,1.049,0.489,1.257,203.457,97.818
SYN-000518,2025-01-22T13:00:00+07:00,2.581,232.049,3.266,796.720,40.495,27.480,35.496,65.290,39.561,27.194,35.480,63.104,39.464,26.841,35.821,63.602,0.406,0,31.141,0,0,0,31.956,0,7.025,28.313,0.284,32.587,190.477,97.423,7.032,10.697,15.190,10.215,1.654,1.657,2.306,2.950,3.623,1.522,1.659,2.220,3.003,3.563,1.786,7.174,1.225,0.467,7.026,1.308,0.427,2.874,191.273,95.965
SYN-000519,2025-01-22T14:00:00+07:00,2.664,230.827,3.299,745.380,39.332,26.773,34.793,62.593,40.012,27.794,35.565,63.511,39.868,28.364,35.047,65.796,0.920,0,31.543,0,0.292,0,32.153,0,7.059,32.948,0.241,31.446,208.252,89.967,7.125,12.351,13.135,12.145,1.976,1.633,2.317,2.961,3.588,1.848,1.673,2.342,2.970,3.635,2.104,7.146,1.350,0.479,7.079,1.314,0.548,1.320,207.978,92.749
SYN-000520,2025-01-22T15:00:00+07:00,2.699,237.012,3.285,781.179,39.034,27.750,34.964,63.259,37.352,25.440,35.641,60.040,38.177,29.245,35.437,61.167,0,0,31.461,0,0,0,32.029,0,6.882,24.007,0.270,29.415,187.437,98.510,6.854,8.973,12.788,8.384,1.326,1.636,2.277,2.978,3.650,1.366,1.631,2.195,2.959,3.588,1.286,7.195,0.917,0.463,7.193,0.954,0.470,2.053,189.317,99.472
SYN-000521,2025-01-22T16:00:00+07:00,2.641,233.086,3.268,780.893,37.930,27.649,36.279,63.817,37.501,26.735,34.911,61.140,0,0,30.695,0,0,0,31.814,0,36.555,27.354,35.379,59.677,6.955,25.186,0.266,30.003,196.415,93.809,6.852,8.405,12.606,8.279,1.316,1.721,2.252,2.924,3.630,1.099,1.601,2.181,2.941,3.565,1.533,7.170,0.896,0.513,7.141,0.915,0.437,2.508,200.646,90.428
SYN-000522,2025-01-22T17:00:00+07:00,2.678,232.780,3.288,793.422,36.321,26.571,35.424,57.678,36.646,26.002,35.311,56.861,0.724,0,32.126,0,0,0,31.419,0,37.509,26.800,35.459,60.099,7.077,25.964,0.325,28.645,213.721,102.232,6.938,8.934,13.563,8.881,1.502,1.624,2.307,2.937,3.618,1.339,1.589,2.272,2.940,3.605,1.665,7.164,1.026,0.417,7.180,1.038,0.569,2.630,214.749,99.053
SYN-000523,2025-01-22T18:00:00+07:00,2.661,236.714,3.285,790.382,37.050,25.867,35.402,60.986,36.791,24.851,36.014,55.576,0,0,31.372,0,0,0,31.106,0,36.484,25.118,34.837,59.239,7.212,28.218,0.300,31.854,196.058,94.095,7.068,9.690,15.280,9.954,1.726,1.653,2.238,2.963,3.624,1.695,1.630,2.251,2.925,3.658,1.757,7.234,1.245,0.477,7.079,1.189,0.409,2.763,185.217,91.345
SYN-000524,2025-01-22T19:00:00+07:00,2.666,225.252,3.294,780.025,38.415,27.082,35.532,63.183,36.385,26.720,35.457,55.867,0.610,0,31.872,0,0,0,31.856,0,38.627,28.644,35.393,57.750,7.041,31.355,0.260,34.787,218.573,97.829,7.090,11.788,16.514,11.298,1.923,1.645,2.286,2.998,3.626,1.913,1.662,2.246,2.931,3.635,1.932,7.225,1.429,0.469,7.197,1.359,0.496,2.583,218.115,96.878
SYN-000525,2025-01-22T20:00:00+07:00,2.680,229.070,3.316,775.980,37.513,26.384,35.049,60.940,37.264,29.443,35.102,57.835,0.622,0,31.463,0,0.073,0,31.325,0,38.656,27.506,36.070,60.501,6.995,26.776,0.275,30.755,192.725,101.340,7.069,9.782,14.032,10.790,1.555,1.643,2.241,2.913,3.623,1.356,1.688,2.249,2.955,3.572,1.753,7.136,1.188,0.534,7.166,1.182,0.511,2.784,189.827,98.690
SYN-000526,2025-01-22T21:00:00+07:00,2.699,226.837,3.299,784.380,38.164,27.097,35.274,63.794,38.355,27.270,34.652,62.416,0.391,0,31.923,0,0.658,0,31.614,0,37.820,25.655,35.177,63.102,7.099,30.977,0.276,31.932,205.738,104.348,7.133,11.245,13.896,11.688,1.945,1.665,2.312,2.905,3.512,1.868,1.680,2.292,2.975,3.531,2.023,7.111,1.395,0.479,7.190,1.339,0.469,1.879,206.044,108.418
SYN-000527,2025-01-22T22:00:00+07:00,2.706,228.303,3.294,820.125,39.026,26.100,35.146,65.658,39.768,27.937,35.799,67.752,0,0,30.641,0,1.084,0,31.199,0,38.714,26.799,34.786,61.252,7.202,27.898,0.286,30.841,216.060,92.888,7.164,7.970,12.400,7.437,1.466,1.652,2.244,3.019,3.604,1.343,1.664,2.290,2.927,3.640,1.588,7.148,1.083,0.447,7.157,1.119,0.445,2.457,211.121,94.273
SYN-000528,2025-01-22T23:00:00+07:00,2.728,230.730,3.320,803.539,39.484,27.728,35.152,65.593,40.112,28.651,35.024,63.115,0,0,31.493,0,0,0,31.796,0,40.256,28.839,34.884,65.581,7.157,25.001,0.272,27.513,203.779,96.328,7.212,9.164,11.568,8.910,1.492,1.629,2.239,2.969,3.530,1.312,1.618,2.275,2.952,3.646,1.672,7.217,0.926,0.468,7.056,0.930,0.456,1.764,210.124,97.684
SYN-000529,2025-01-23T00:00:00+07:00,2.698,226.781,3.348,836.123,41.361,28.275,35.346,69.547,0.551,0,31.243,0,0.125,0,30.977,0,40.865,29.238,35.233,64.426,41.196,28.899,35.941,66.214,7.123,20.893,0.292,28.284,182.170,102.356,7.094,8.330,11.110,7.884,1.486,1.592,2.227,2.931,3.647,1.645,1.697,2.335,2.911,3.698,1.326,7.086,0.980,0.453,7.149,0.994,0.493,1.440,179.372,100.628
SYN-000530,2025-01-23T01:00:00+07:00,2.714,228.950,3.299,797.339,42.561,30.456,35.661,69.133,0.020,0,31.212,0,0.126,0,31.251,0,41.745,27.785,35.215,69.833,41.723,28.016,36.116,64.683,7.058,27.691,0.291,32.203,203.436,97.965,6.986,10.933,14.415,11.315,1.858,1.634,2.362,2.976,3.571,1.642,1.706,2.365,2.937,3.616,2.073,7.107,1.392,0.500,7.209,1.373,0.496,1.692,197.577,94.094
SYN-000531,2025-01-23T02:00:00+07:00,2.815,227.721,3.279,830.072,43.449,29.443,36.213,66.926,0.991,0,31.853,0,0.249,0,31.192,0,43.235,28.120,35.657,72.355,41.338,29.030,34.648,66.052,6.981,25.789,0.273,30.974,189.371,92.520,7.008,8.744,12.373,8.435,1.430,1.627,2.321,2.959,3.596,1.331,1.626,2.305,2.911,3.608,1.528,7.155,1.074,0.496,7.094,1.031,0.457,1.750,184.002,96.205
SYN-000532,2025-01-23T03:00:00+07:00,2.808,231.873,3.293,820.822,42.885,28.832,35.441,70.604,0,0,31.310,0,0,0,31.584,0,44.042,30.922,35.397,69.093,44.146,29.972,35.392,69.409,7.005,24.520,0.313,26.179,222.677,94.168,7.008,8.684,13.590,9.386,1.383,1.652,2.220,2.972,3.604,1.540,1.636,2.305,2.920,3.635,1.226,7.117,0.945,0.488,7.142,0.905,0.423,1.698,226.319,91.111
SYN-000533,2025-01-23T04:00:00+07:00,2.748,230.261,3.330,835.705,43.595,31.038,35.841,69.784,0,0,31.669,0,0.182,0,31.810,0,43.287,29.742,35.515,72.366,45.312,30.067,35.597,72.376,7.120,25.174,0.247,29.430,194.650,86.299,7.137,9.843,11.713,9.239,1.465,1.695,2.272,2.945,3.586,1.256,1.604,2.294,2.932,3.590,1.674,7.100,1.122,0.525,7.211,1.206,0.462,1.678,191.242,88.436
SYN-000534,2025-01-23T05:00:00+07:00,2.715,229.069,3.273,852.088,46.120,30.794,36.011,73.989,1.203,0,31.609,0,0,0,31.903,0,45.167,30.465,36.298,73.396,45.884,32.172,35.495,70.130,7.122,27.009,0.287,28.612,199.916,100.939,7.108,10.382,12.650,11.158,1.738,1.584,2.210,2.951,3.596,1.759,1.703,2.251,2.923,3.618,1.717,7.132,1.237,0.507,7.106,1.179,0.492,1.740,205.847,100.518
SYN-000535,2025-01-23T06:00:00+07:00,2.734,233.499,3.334,830.553,45.081,30.177,36.262,69.252,0,0,31.323,0,0.351,0,32.078,0,45.742,31.532,36.634,70.444,44.438,28.767,35.801,74.220,7.130,22.775,0.282,27.000,207.794,96.207,7.196,9.390,11.615,8.700,1.647,1.662,2.267,2.975,3.628,1.600,1.675,2.245,2.972,3.560,1.694,7.140,1.124,0.473,7.086,1.166,0.434,2.171,204.237,95.468
SYN-000536,2025-01-23T07:00:00+07:00,2.815,218.536,3.296,840.598,46.479,32.612,35.549,78.083,0.156,0,31.286,0,0,0,31.492,0,44.654,32.072,36.664,69.009,43.381,30.096,35.594,71.129,7.159,24.991,0.246,32.760,194.950,97.176,7.149,9.037,14.395,8.176,1.325,1.537,2.330,2.977,3.595,1.404,1.620,2.276,2.968,3.534,1.245,7.180,0.963,0.485,7.195,0.969,0.412,2.237,191.141,96.561
SYN-000537,2025-01-23T08:00:00+07:00,2.756,224.942,3.297,828.820,0.100,0,30.887,0,0,0,31.355,0,45.049,28.790,35.818,70.315,45.342,31.506,36.924,74.047,44.594,31.165,36.178,70.466,7.015,25.658,0.263,29.361,186.833,100.808,6.970,9.854,12.400,9.988,1.522,1.670,2.308,2.860,3.615,1.416,1.623,2.257,2.950,3.581,1.628,7.111,1.194,0.508,7.194,1.262,0.454,1.917,176.397,97.296
SYN-000538,2025-01-23T09:00:00+07:00,2.837,224.810,3.309,821.900,0,0,31.908,0,0,0,31.512,0,43.773,29.431,36.028,72.528,42.962,29.577,35.780,67.453,43.153,29.333,35.670,70.206,6.985,23.796,0.282,26.906,184.773,103.879,7.054,9.059,10.108,9.513,1.496,1.696,2.307,2.969,3.645,1.537,1.634,2.312,2.879,3.629,1.456,7.160,1.055,0.439,7.147,1.004,0.437,1.184,186.543,103.249
SYN-000539,2025-01-23T10:00:00+07:00,2.806,229.858,3.313,802.123,0,0,31.243,0,1.310,0,31.313,0,42.634,31.015,35.635,69.487,42.990,28.554,35.452,65.706,41.782,29.124,35.129,66.123,7.167,22.055,0.262,26.733,221.121,100.111,7.132,8.921,11.124,9.264,1.633,1.611,2.296,2.984,3.627,1.486,1.669,2.313,2.932,3.612,1.780,7.065,1.347,0.479,7.155,1.385,0.470,1.666,217.259,102.088
SYN-000540,2025-01-23T11:00:00+07:00,2.898,226.060,3.309,827.916,0.740,0,31.679,0,0.711,0,31.485,0,43.328,28.483,35.533,69.003,41.886,30.173,35.792,71.324,41.062,28.533,34.955,64.950,7.096,20.188,0.274,27.242,220.621,108.931,7.078,6.703,12.016,7.248,1.114,1.737,2.289,3.048,3.733,1.075,1.566,2.390,2.944,3.711,1.154,7.178,0.879,0.511,7.179,0.836,0.500,2.366,218.767,110.432
SYN-000541,2025-01-23T12:00:00+07:00,2.779,220.525,3.353,807.738,0,0,31.735,0,0.438,0,32.137,0,41.028,28.999,35.609,64.464,40.855,30.247,34.762,65.023,40.420,27.596,35.043,67.486,6.986,22.189,0.298,29.728,190.117,99.962,6.967,7.956,12.466,8.483,1.424,1.717,2.285,2.996,3.540,1.283,1.735,2.382,2.944,3.562,1.566,7.063,1.088,0.498,7.113,0.994,0.446,1.705,187.826,101.322
SYN-000542,2025-01-23T13:00:00+07:00,2.808,225.638,3.296,817.625,0,0,31.820,0,0,0,30.918,0,41.219,27.911,35.638,65.302,40.143,27.899,34.431,63.246,39.641,27.515,35.023,60.521,7.153,25.371,0.244,26.386,196.493,107.089,7.075,9.981,11.454,10.573,1.520,1.632,2.264,2.954,3.574,1.650,1.610,2.302,2.921,3.589,1.390,7.185,1.100,0.529,7.101,1.064,0.498,1.504,192.133,110.871
SYN-000543,2025-01-23T14:00:00+07:00,2.808,228.717,3.328,823.482,0,0,32.143,0,0,0,32.157,0,39.746,29.165,35.309,67.583,39.008,28.075,36.381,62.148,38.263,27.435,35.382,59.845,6.984,25.169,0.251,28.868,194.473,94.110,7.004,9.880,11.644,9.654,1.592,1.681,2.189,2.934,3.564,1.323,1.632,2.260,2.938,3.614,1.862,7.167,1.146,0.498,7.132,1.091,0.458,1.741,199.382,94.273
SYN-000544,2025-01-23T15:00:00+07:00,2.820,227.924,3.348,800.271,0.200,0,30.320,0,0,0,31.162,0,38.305,24.359,34.923,59.132,38.786,27.106,35.916,60.154,38.033,27.195,35.275,62.349,7.169,20.145,0.266,25.168,225.834,95.417,7.170,7.311,11.518,7.208,1.289,1.618,2.350,2.978,3.516,1.176,1.572,2.300,2.961,3.497,1.402,7.124,0.995,0.479,7.101,1.042,0.461,2.211,228.242,92.909
SYN-000545,2025-01-23T16:00:00+07:00,2.852,223.245,3.344,778.035,0.195,0,31.225,0,37.206,25.144,35.093,65.515,37.513,26.690,35.102,63.418,37.700,26.588,35.705,61.581,0.087,0,31.128,0,6.996,22.325,0.276,26.115,206.572,90.276,6.966,8.410,11.539,7.901,1.492,1.679,2.289,2.853,3.555,1.445,1.638,2.231,2.976,3.643,1.539,7.243,1.069,0.439,7.111,1.065,0.393,2.568,219.032,89.654
SYN-000546,2025-01-23T17:00:00+07:00,2.811,228.565,3.319,797.710,0,0,30.828,0,37.278,27.079,35.542,59.850,37.235,26.388,34.747,57.262,38.554,27.405,35.909,60.556,1.125,0,32.204,0,6.736,22.771,0.230,32.641,204.668,100.482,6.853,7.810,13.303,8.327,1.197,1.700,2.304,2.875,3.579,1.172,1.651,2.304,2.932,3.673,1.222,7.104,0.865,0.471,7.139,0.847,0.472,1.843,199.254,100.186
SYN-000547,2025-01-23T18:00:00+07:00,2.755,226.914,3.349,762.842,0,0,31.138,0,37.417,27.662,35.126,61.057,35.928,25.607,34.675,57.508,37.333,26.182,35.379,59.014,0.247,0,31.054,0,6.914,27.499,0.255,31.456,188.296,98.011,6.907,11.858,12.041,11.286,1.970,1.636,2.358,2.936,3.544,1.831,1.656,2.272,2.997,3.552,2.109,7.113,1.282,0.452,7.148,1.179,0.485,2.672,193.832,99.561
SYN-000548,2025-01-23T19:00:00+07:00,2.861,223.490,3.300,794.852,0.338,0,31.854,0,37.745,27.081,35.179,59.996,37.326,28.410,34.485,61.764,36.937,26.592,34.969,61.091,0.245,0,31.641,0,7.067,21.085,0.220,26.537,185.117,94.443,7.143,7.023,11.228,8.496,1.144,1.643,2.307,3.013,3.573,1.008,1.702,2.247,2.979,3.617,1.281,7.174,0.818,0.539,7.130,0.782,0.407,1.530,175.904,93.371
SYN-000549,2025-01-23T20:00:00+07:00,2.808,217.731,3.327,783.382,0,0,31.634,0,37.361,28.475,34.452,59.337,37.971,25.317,34.995,58.345,37.868,25.677,35.347,58.430,1.418,0,31.127,0,7.081,18.916,0.288,27.869,201.537,90.117,7.016,6.916,12.011,6.841,1.184,1.656,2.274,2.983,3.556,1.254,1.644,2.270,2.840,3.557,1.114,7.144,0.851,0.481,7.163,0.786,0.451,2.218,201.893,93.238
SYN-000550,2025-01-23T21:00:00+07:00,2.780,234.557,3.308,803.465,0,0,31.998,0,38.749,29.462,36.120,63.234,37.988,25.822,35.564,60.753,37.055,25.394,34.486,56.694,0.425,0,31.401,0,7.096,24.038,0.283,33.073,186.774,89.527,7.086,9.992,14.782,9.652,1.706,1.638,2.343,2.902,3.562,1.656,1.583,2.284,2.972,3.584,1.756,7.129,1.224,0.515,7.255,1.151,0.501,2.094,190.877,91.920
SYN-000551,2025-01-23T22:00:00+07:00,2.767,225.566,3.330,801.051,0.453,0,31.047,0,39.124,28.073,36.035,66.123,39.814,26.944,35.492,66.741,38.641,27.873,35.757,63.040,0.319,0,31.491,0,7.016,19.093,0.222,21.027,205.413,99.857,6.980,7.558,10.252,7.754,1.230,1.672,2.291,2.908,3.593,1.302,1.621,2.322,2.925,3.630,1.158,7.179,0.841,0.522,7.074,0.835,0.460,2.070,206.336,100.922
SYN-000552,2025-01-23T23:00:00+07:00,2.809,228.712,3.355,794.911,0.538,0,32.480,0,39.616,27.181,35.537,62.572,41.314,29.492,35.510,68.316,39.446,26.506,35.074,65.479,0.282,0,30.776,0,7.047,20.263,0.241,27.903,195.737,102.000,7.058,7.143,11.722,8.211,1.393,1.571,2.331,2.953,3.636,1.431,1.621,2.347,2.909,3.523,1.356,7.112,0.950,0.457,7.138,0.948,0.476,1.726,186.117,104.932
SYN-000553,2025-01-24T00:00:00+07:00,2.830,231.976,3.353,813.761,40.803,28.468,34.816,61.121,40.547,27.819,36.564,61.976,41.156,29.342,35.830,68.657,0,0,32.075,0,0,0,31.766,0,6.975,17.635,0.305,26.104,199.018,110.750,7.010,7.485,12.667,7.018,1.183,1.640,2.291,2.937,3.568,1.109,1.654,2.343,2.965,3.568,1.258,7.164,0.749,0.470,7.155,0.706,0.511,2.808,207.299,111.149
SYN-000554,2025-01-24T01:00:00+07:00,2.783,224.468,3.342,817.076,41.996,29.568,36.180,67.003,42.249,29.224,35.954,66.188,41.991,28.107,36.433,67.812,1.385,0,32.284,0,0,0,31.978,0,7.156,25.557,0.262,29.930,213.920,99.482,7.023,8.196,12.155,8.322,1.490,1.653,2.304,2.965,3.564,1.375,1.637,2.262,2.932,3.578,1.604,7.206,1.042,0.475,7.164,1.089,0.410,1.664,221.302,100.529
SYN-000555,2025-01-24T02:00:00+07:00,2.794,233.605,3.303,848.046,43.317,31.035,36.790,73.057,43.335,30.051,36.166,72.307,42.329,29.028,35.400,68.666,0.033,0,31.890,0,0,0,31.545,0,6.994,18.967,0.246,25.336,185.720,93.610,6.890,7.243,9.608,7.461,1.180,1.685,2.367,2.986,3.680,1.136,1.610,2.383,2.934,3.621,1.223,7.158,0.862,0.422,7.265,0.835,0.465,1.614,190.541,94.845
SYN-000556,2025-01-24T03:00:00+07:00,2.750,220.377,3.321,833.793,44.256,31.275,36.361,67.122,42.731,30.466,36.067,66.441,44.036,29.855,36.339,73.220,0.524,0,31.837,0,0,0,31.835,0,7.024,17.025,0.236,27.089,198.284,95.675,6.979,5.269,13.266,5.446,0.894,1.711,2.316,2.966,3.588,0.846,1.706,2.263,2.960,3.611,0.942,7.095,0.622,0.440,7.128,0.625,0.449,2.203,197.825,95.605
SYN-000557,2025-01-24T04:00:00+07:00,2.796,232.747,3.317,815.090,44.565,30.021,35.806,74.469,44.576,31.072,35.569,69.626,46.130,30.331,36.445,72.150,0,0,31.509,0,0.799,0,30.800,0,7.106,24.955,0.268,34.375,179.327,94.303,7.002,7.870,16.418,8.310,1.099,1.618,2.365,2.909,3.600,1.120,1.653,2.258,2.993,3.627,1.077,7.149,0.805,0.450,7.296,0.838,0.433,2.145,177.579,96.428
SYN-000558,2025-01-24T05:00:00+07:00,2.781,233.700,3.299,837.173,45.427,32.440,35.585,73.374,45.647,32.405,36.037,75.154,44.376,30.459,36.381,70.906,0.085,0,31.711,0,0,0,31.823,0,6.924,20.929,0.274,26.801,188.277,91.524,6.909,7.556,11.399,7.280,1.335,1.671,2.281,2.977,3.684,1.264,1.591,2.338,2.945,3.544,1.407,7.087,1.067,0.453,7.126,1.098,0.457,1.742,189.049,90.936
SYN-000559,2025-01-24T06:00:00+07:00,2.742,234.536,3.314,850.188,45.149,32.203,36.677,73.025,43.989,28.383,35.229,72.937,44.551,31.268,35.344,73.911,0,0,31.631,0,0,0,31.589,0,7.161,22.442,0.313,20.984,216.485,109.350,7.104,6.797,7.096,7.527,1.163,1.763,2.305,2.835,3.598,1.070,1.700,2.296,3.014,3.532,1.256,7.134,0.983,0.456,7.106,0.985,0.493,1.303,220.555,107.747
SYN-000560,2025-01-24T07:00:00+07:00,2.775,233.511,3.305,847.708,46.023,31.360,35.939,76.218,44.605,29.331,36.185,71.144,44.205,31.079,35.699,71.389,0,0,31.689,0,0.385,0,31.018,0,7.047,19.822,0.269,27.561,213.436,99.206,7.106,4.951,12.375,5.193,0.843,1.670,2.318,2.906,3.576,0.933,1.636,2.309,2.946,3.546,0.753,7.069,0.654,0.481,7.169,0.689,0.365,1.872,207.507,101.126
SYN-000561,2025-01-24T08:00:00+07:00,2.757,225.589,3.272,856.185,45.086,30.122,35.989,69.786,43.688,30.635,36.897,66.665,0.030,0,30.983,0,0.365,0,32.187,0,43.891,31.038,36.475,71.779,7.087,20.908,0.280,28.398,206.011,103.155,7.119,6.471,11.840,6.434,0.917,1.625,2.294,2.980,3.639,0.682,1.563,2.237,2.893,3.616,1.153,7.148,0.650,0.483,7.062,0.568,0.394,2.742,207.830,101.923
SYN-000562,2025-01-24T09:00:00+07:00,2.793,225.399,3.308,822.194,43.599,30.591,35.917,65.041,44.408,30.778,35.757,68.299,0.355,0,30.925,0,0,0,31.502,0,44.407,31.847,36.159,73.196,6.913,21.282,0.278,25.932,203.339,100.673,6.815,5.731,12.320,4.837,1.002,1.638,2.262,2.936,3.577,1.082,1.590,2.246,2.962,3.580,0.922,7.136,0.775,0.444,7.154,0.811,0.465,2.143,201.148,103.673
SYN-000563,2025-01-24T10:00:00+07:00,2.761,231.059,3.308,823.885,44.249,31.466,36.291,70.736,42.671,31.023,35.718,66.176,1.030,0,31.816,0,0,0,31.155,0,43.090,28.045,35.355,70.213,7.027,11.274,0.301,20.619,206.919,91.915,6.994,3.865,10.650,4.263,0.771,1.717,2.291,2.873,3.589,0.713,1.586,2.334,2.986,3.594,0.828,7.096,0.630,0.482,7.165,0.598,0.543,1.341,205.948,93.917
SYN-000564,2025-01-24T11:00:00+07:00,2.728,225.689,3.303,805.460,42.023,30.207,35.747,65.661,41.465,30.537,36.003,65.999,0,0,30.824,0,1.637,0,31.224,0,41.091,29.091,36.041,64.422,6.986,16.801,0.288,24.372,198.378,110.880,6.988,6.798,9.195,7.291,1.084,1.716,2.307,2.932,3.616,0.974,1.625,2.285,3.003,3.521,1.194,7.144,0.755,0.414,7.092,0.780,0.482,1.253,201.064,112.704
SYN-000565,2025-01-24T12:00:00+07:00,2.719,230.083,3.299,795.064,40.592,27.957,35.230,60.890,40.280,27.166,36.067,63.685,0.727,0,32.405,0,0,0,31.691,0,41.226,28.825,35.554,65.408,7.068,16.216,0.255,24.710,191.066,96.199,7.092,4.554,8.801,4.426,0.863,1.703,2.268,2.965,3.627,0.907,1.609,2.339,2.964,3.587,0.819,7.153,0.619,0.460,7.087,0.647,0.506,1.926,197.191,94.956
SYN-000566,2025-01-24T13:00:00+07:00,2.715,227.910,3.293,788.008,39.424,27.236,35.755,61.955,39.949,26.488,35.469,67.539,0,0,31.577,0,0,0,30.627,0,39.746,28.164,36.025,60.704,6.965,18.426,0.298,24.528,207.517,109.248,7.015,6.535,9.768,5.979,1.046,1.585,2.275,2.940,3.559,1.251,1.760,2.250,2.954,3.668,0.842,7.149,0.784,0.461,7.127,0.797,0.413,1.031,195.922,107.479
SYN-000567,2025-01-24T14:00:00+07:00,2.686,228.973,3.317,786.052,37.783,27.023,34.553,60.876,39.091,28.094,35.228,66.397,0,0,32.437,0,0,0,31.326,0,37.743,25.337,35.760,61.690,7.137,15.323,0.225,19.854,218.181,88.715,7.136,8.885,9.517,9.339,1.391,1.715,2.241,2.987,3.536,1.334,1.654,2.240,3.040,3.686,1.448,7.054,0.988,0.469,7.072,0.918,0.483,1.399,216.270,87.950
SYN-000568,2025-01-24T15:00:00+07:00,2.653,234.149,3.262,775.548,38.217,26.272,35.138,60.251,39.354,27.679,34.953,62.102,0,0,31.001,0,0.545,0,31.771,0,38.167,27.346,34.830,57.400,7.048,19.578,0.246,25.189,220.558,99.945,7.046,7.239,12.662,7.134,1.145,1.653,2.257,2.959,3.621,1.020,1.607,2.346,2.986,3.580,1.271,7.109,0.850,0.487,7.260,0.901,0.474,1.743,217.550,97.425
SYN-000569,2025-01-24T16:00:00+07:00,2.710,226.635,3.287,762.537,37.720,24.952,35.034,62.536,0.137,0,31.814,0,0.211,0,32.035,0,36.168,26.241,35.546,57.672,38.723,28.462,36.106,61.384,7.097,23.073,0.243,28.365,228.460,101.313,7.178,8.744,12.342,8.058,1.474,1.703,2.216,2.958,3.627,1.400,1.679,2.275,2.913,3.662,1.549,7.229,0.977,0.491,7.139,0.935,0.500,2.196,236.813,102.061
SYN-000570,2025-01-24T17:00:00+07:00,2.741,223.975,3.330,751.037,36.501,25.469,34.943,58.689,0,0,31.575,0,0,0,31.427,0,37.693,25.524,34.577,62.564,37.093,26.642,35.102,63.884,6.906,14.938,0.288,25.525,169.860,103.556,6.914,4.420,9.819,4.205,0.589,1.602,2.288,2.942,3.588,0.548,1.641,2.209,2.865,3.579,0.630,7.114,0.520,0.478,7.170,0.441,0.389,2.617,175.402,103.943
SYN-000571,2025-01-24T18:00:00+07:00,2.655,229.787,3.259,778.340,37.158,24.685,34.854,58.984,0.317,0,32.090,0,1.187,0,32.078,0,37.382,27.471,35.844,61.057,36.512,28.013,36.029,61.226,7.106,16.292,0.266,22.667,183.476,94.616,7.141,5.695,9.301,5.034,0.956,1.647,2.254,2.923,3.618,1.000,1.630,2.269,2.930,3.572,0.912,7.191,0.603,0.447,7.102,0.639,0.441,2.176,185.094,94.236
SYN-000572,2025-01-24T19:00:00+07:00,2.680,230.716,3.303,789.337,36.673,26.328,34.278,59.040,0.249,0,31.210,0,0,0,31.309,0,37.188,27.708,35.263,59.876,37.751,27.146,35.274,59.226,7.087,21.183,0.264,26.825,216.777,95.232,7.157,6.409,9.660,6.156,1.163,1.654,2.272,2.985,3.577,1.247,1.616,2.383,2.980,3.611,1.080,7.080,0.862,0.450,7.112,0.944,0.463,1.411,218.933,93.362
SYN-000573,2025-01-24T20:00:00+07:00,2.587,222.326,3.304,805.088,37.396,25.685,34.491,56.923,1.133,0,31.607,0,0.177,0,31.427,0,37.088,27.673,35.620,60.513,36.851,27.456,35.543,56.333,6.990,16.286,0.316,21.708,217.228,105.355,6.981,5.129,9.266,4.769,0.980,1.688,2.251,2.977,3.629,0.873,1.662,2.304,2.930,3.598,1.088,7.100,0.641,0.458,7.095,0.664,0.473,1.588,218.812,102.967
SYN-000574,2025-01-24T21:00:00+07:00,2.691,235.849,3.228,774.704,38.083,26.963,36.148,60.746,0,0,31.178,0,0.121,0,31.793,0,37.850,27.345,34.615,58.907,37.408,25.308,35.235,60.803,6.997,16.768,0.296,28.140,213.600,92.625,6.986,6.526,12.325,6.096,0.976,1.680,2.301,2.944,3.621,0.893,1.699,2.332,2.925,3.617,1.059,7.088,0.604,0.491,7.145,0.613,0.489,2.597,211.026,93.295
SYN-000575,2025-01-24T22:00:00+07:00,2.652,237.849,3.268,807.338,38.891,28.420,35.240,62.859,0.833,0,32.224,0,0.892,0,30.781,0,37.833,27.368,34.508,59.557,38.798,28.201,35.572,59.345,7.192,14.851,0.334,24.106,196.745,98.983,7.194,4.458,10.054,4.311,0.776,1.689,2.325,2.964,3.574,0.843,1.598,2.220,3.010,3.619,0.710,7.104,0.492,0.496,7.196,0.461,0.408,2.742,198.355,96.975
SYN-000576,2025-01-24T23:00:00+07:00,2.575,240.309,3.202,827.796,41.124,30.609,35.863,65.305,0,0,31.239,0,0,0,30.974,0,39.918,28.645,35.288,64.442,40.818,28.779,35.233,67.855,7.079,13.557,0.226,23.715,207.604,104.706,7.044,4.965,9.717,4.523,0.848,1.669,2.288,2.976,3.629,0.732,1.717,2.331,2.880,3.561,0.964,7.055,0.515,0.459,7.122,0.533,0.425,1.317,206.849,108.406
SYN-000577,2025-01-25T00:00:00+07:00,2.589,225.396,3.224,808.754,0.565,0,31.482,0,0,0,30.820,0,40.897,27.795,35.113,67.325,40.821,29.225,35.466,67.276,41.104,29.978,36.499,63.722,7.143,11.624,0.270,23.911,188.053,94.070,7.035,5.760,11.972,6.626,1.134,1.581,2.236,2.960,3.552,1.007,1.663,2.326,2.908,3.634,1.262,7.149,0.760,0.531,7.139,0.797,0.464,1.680,190.175,97.224
SYN-000578,2025-01-25T01:00:00+07:00,2.533,240.532,3.258,821.695,0,0,31.515,0,0,0,30.490,0,41.819,29.098,35.716,67.566,42.002,29.715,35.857,67.889,41.555,29.009,35.661,67.764,7.099,20.704,0.224,28.008,182.312,98.231,7.075,7.696,11.638,7.780,1.282,1.642,2.283,2.979,3.567,1.228,1.598,2.334,2.914,3.561,1.337,7.187,0.820,0.529,7.026,0.839,0.377,1.150,177.427,99.719
SYN-000579,2025-01-25T02:00:00+07:00,2.587,222.185,3.272,841.388,0.176,0,32.289,0,0,0,31.564,0,43.038,30.670,35.681,70.749,42.775,31.131,36.387,64.550,42.572,29.774,35.266,67.761,6.957,16.959,0.331,26.662,195.023,100.463,7.045,5.127,10.373,5.466,0.675,1.669,2.377,2.922,3.551,0.474,1.621,2.289,2.898,3.516,0.877,7.089,0.481,0.438,7.163,0.388,0.526,1.581,200.466,101.165
SYN-000580,2025-01-25T03:00:00+07:00,2.578,238.116,3.226,844.504,0.133,0,31.714,0,0.424,0,31.968,0,44.960,32.901,36.136,71.080,43.534,29.696,36.243,70.382,42.885,29.241,35.783,72.676,7.105,17.167,0.263,24.189,206.833,97.797,7.144,8.394,9.374,8.350,1.549,1.615,2.310,2.960,3.590,1.344,1.680,2.275,2.893,3.615,1.754,7.191,1.196,0.459,7.171,1.138,0.470,1.218,203.642,97.139
SYN-000581,2025-01-25T04:00:00+07:00,2.529,238.245,3.218,834.407,0,0,31.482,0,0.434,0,30.643,0,44.165,29.155,35.769,70.493,45.211,29.730,36.358,69.816,44.960,30.541,35.478,70.451,7.149,17.574,0.228,23.869,225.568,93.195,7.125,5.013,8.201,4.816,0.926,1.673,2.254,2.968,3.643,1.051,1.649,2.287,2.980,3.600,0.801,7.134,0.678,0.495,7.164,0.712,0.415,0.681,231.845,91.731
SYN-000582,2025-01-25T05:00:00+07:00,2.587,232.006,3.235,839.927,0.548,0,31.166,0,0,0,31.461,0,43.630,30.668,36.293,71.360,44.519,31.268,35.598,71.646,44.586,31.081,35.966,73.181,7.084,15.115,0.291,25.935,196.442,93.334,7.064,5.760,10.957,5.692,0.797,1.605,2.316,2.896,3.622,0.628,1.655,2.328,2.904,3.598,0.966,7.124,0.497,0.479,7.107,0.501,0.477,1.843,194.539,90.624
SYN-000583,2025-01-25T06:00:00+07:00,2.478,227.991,3.265,829.357,0,0,31.974,0,0.157,0,31.874,0,44.518,31.335,35.188,70.070,44.533,29.174,36.145,70.113,45.043,31.541,36.200,74.010,6.935,15.177,0.226,22.899,199.230,90.706,6.861,6.316,10.119,7.136,0.979,1.634,2.268,2.911,3.523,1.034,1.626,2.324,2.954,3.542,0.924,7.139,0.749,0.507,7.233,0.735,0.496,1.209,204.792,91.390
SYN-000584,2025-01-25T07:00:00+07:00,2.436,242.408,3.209,838.480,0,0,32.070,0,0.463,0,31.704,0,44.028,30.992,35.187,67.272,43.442,30.947,35.833,68.496,45.760,32.770,36.166,71.504,7.144,17.399,0.311,26.553,214.348,105.464,7.173,6.026,10.585,5.884,0.753,1.664,2.257,2.953,3.617,0.587,1.731,2.390,2.960,3.643,0.919,7.179,0.503,0.465,7.070,0.465,0.436,1.906,208.458,106.947
SYN-000585,2025-01-25T08:00:00+07:00,2.532,238.155,3.221,821.344,0.044,0,31.140,0,44.140,32.287,35.889,71.302,45.331,31.085,35.910,72.376,46.111,31.851,36.759,70.595,1.001,0,31.534,0,7.025,13.960,0.271,25.963,213.631,100.291,6.938,5.099,10.931,6.454,0.912,1.766,2.316,2.993,3.584,0.984,1.691,2.305,2.907,3.660,0.840,7.183,0.724,0.551,7.151,0.708,0.451,1.109,213.756,104.028
SYN-000586,2025-01-25T09:00:00+07:00,2.471,239.996,3.208,839.347,0.895,0,31.227,0,44.105,30.703,36.304,70.810,43.710,30.290,35.868,69.967,43.954,31.442,36.205,68.907,0.384,0,31.896,0,7.023,19.629,0.266,25.904,217.133,104.602,7.155,7.581,10.912,7.800,1.323,1.731,2.288,2.959,3.554,1.327,1.662,2.266,2.992,3.625,1.319,7.134,0.874,0.402,7.063,0.851,0.457,1.831,223.175,104.955
SYN-000587,2025-01-25T10:00:00+07:00,2.507,231.116,3.224,822.675,0,0,31.785,0,43.233,29.232,36.838,66.954,44.109,29.725,35.418,70.523,44.270,30.312,35.681,72.887,0,0,31.583,0,7.121,14.646,0.292,26.927,201.245,96.440,7.152,4.606,11.551,3.966,0.784,1.573,2.378,2.904,3.646,0.711,1.618,2.365,3.023,3.639,0.857,7.134,0.589,0.450,7.075,0.635,0.432,1.169,193.604,92.790
SYN-000588,2025-01-25T11:00:00+07:00,2.495,236.554,3.197,849.031,0,0,31.258,0,42.330,29.233,35.526,62.224,42.112,31.021,36.032,64.247,42.139,28.468,34.908,69.603,0.242,0,31.530,0,7.013,16.151,0.293,24.781,192.985,100.192,6.969,5.812,10.475,5.528,1.055,1.696,2.297,2.963,3.586,1.052,1.605,2.322,2.951,3.601,1.057,7.170,0.825,0.493,7.110,0.755,0.403,1.853,191.713,102.355
SYN-000589,2025-01-25T12:00:00+07:00,2.427,243.714,3.196,831.387,0,0,31.482,0,40.796,28.185,35.470,63.107,41.601,29.602,36.030,62.358,40.915,28.184,35.938,67.193,1.200,0,31.125,0,7.022,16.134,0.281,26.464,191.021,99.183,6.954,5.815,10.174,6.258,0.921,1.612,2.277,2.967,3.495,0.813,1.673,2.267,2.906,3.684,1.028,7.135,0.523,0.482,7.201,0.460,0.462,2.091,190.656,102.396
SYN-000590,2025-01-25T13:00:00+07:00,2.408,233.990,3.193,813.018,0,0,30.989,0,40.085,27.201,36.261,66.701,39.313,27.888,35.490,59.616,39.358,25.810,35.676,67.014,0,0,31.390,0,7.078,15.139,0.291,24.528,198.036,100.225,7.116,6.448,10.564,5.902,1.240,1.618,2.290,2.891,3.528,1.285,1.641,2.320,2.908,3.551,1.194,7.169,1.031,0.450,7.106,1.106,0.445,1.252,201.897,94.925
SYN-000591,2025-01-25T14:00:00+07:00,2.364,248.373,3.170,797.281,0,0,32.435,0,38.750,27.532,36.317,63.786,38.286,28.296,36.381,63.101,39.371,27.512,35.842,61.044,0,0,31.696,0,7.058,15.125,0.292,25.186,216.290,94.315,7.007,5.277,12.943,5.641,0.776,1.684,2.241,2.949,3.609,0.676,1.639,2.297,2.934,3.589,0.875,7.244,0.625,0.500,7.142,0.541,0.464,2.541,214.083,91.786
SYN-000592,2025-01-25T15:00:00+07:00,2.361,226.694,3.205,807.001,0.055,0,31.214,0,38.301,27.744,35.301,59.205,37.866,26.639,35.197,60.059,39.043,27.820,34.800,61.376,0,0,31.901,0,7.165,13.869,0.254,24.271,181.577,99.098,7.014,4.956,10.860,4.491,1.116,1.665,2.190,2.969,3.655,1.032,1.605,2.340,2.851,3.594,1.200,7.197,0.960,0.536,7.116,0.954,0.444,1.271,187.441,99.420
SYN-000593,2025-01-25T16:00:00+07:00,2.394,253.097,3.183,768.499,37.355,27.485,35.310,65.119,38.450,28.734,36.165,64.794,37.387,27.498,35.453,64.804,0.253,0,31.312,0,0.670,0,32.283,0,6.992,12.752,0.254,23.674,194.656,92.714,7.006,4.405,11.078,5.007,0.675,1.634,2.363,3.024,3.517,0.668,1.602,2.287,3.014,3.629,0.682,7.214,0.390,0.491,7.198,0.407,0.504,1.234,189.880,89.950
SYN-000594,2025-01-25T17:00:00+07:00,2.381,237.671,3.147,787.404,37.420,27.453,35.366,57.847,37.733,26.365,35.345,61.129,36.159,26.284,34.606,59.697,0,0,31.662,0,0.132,0,31.705,0,7.129,17.368,0.245,27.520,194.058,99.868,7.177,5.878,12.423,5.529,0.866,1.603,2.280,2.956,3.677,0.832,1.656,2.284,2.973,3.637,0.900,7.107,0.623,0.506,7.030,0.657,0.519,1.470,198.209,97.130
SYN-000595,2025-01-25T18:00:00+07:00,2.385,247.397,3.162,794.520,37.985,28.688,35.400,60.351,36.829,25.804,35.231,58.036,36.769,27.524,35.439,57.102,0.775,0,31.225,0,0,0,32.000,0,7.051,16.360,0.305,24.050,204.855,106.671,7.135,7.581,9.995,7.661,1.269,1.620,2.388,2.942,3.555,1.243,1.641,2.259,2.906,3.552,1.294,7.116,1.010,0.525,7.198,0.997,0.492,1.421,204.486,107.317
SYN-000596,2025-01-25T19:00:00+07:00,2.369,244.676,3.180,751.936,37.090,27.046,35.208,61.555,36.870,27.538,34.969,56.280,38.072,28.686,34.812,63.378,0,0,30.655,0,0,0,31.347,0,7.026,15.497,0.255,23.380,196.072,95.858,7.014,5.302,10.382,6.221,0.687,1.677,2.294,2.943,3.629,0.778,1.623,2.320,2.992,3.648,0.596,7.261,0.479,0.485,7.082,0.486,0.456,2.382,187.030,95.192
SYN-000597,2025-01-25T20:00:00+07:00,2.372,246.673,3.197,802.355,37.094,26.054,35.324,60.960,37.260,27.938,35.040,60.516,38.217,28.139,36.248,60.012,0.309,0,31.681,0,0.345,0,32.143,0,6.993,12.792,0.246,21.818,192.841,99.968,7.063,2.574,10.314,2.943,0.504,1.689,2.304,3.040,3.642,0.551,1.642,2.275,2.940,3.567,0.458,7.111,0.391,0.454,7.083,0.358,0.427,1.188,189.996,100.218
SYN-000598,2025-01-25T21:00:00+07:00,2.370,236.812,3.190,810.037,38.368,29.179,35.654,62.709,37.643,25.028,34.791,61.995,38.710,25.967,34.448,61.331,0,0,31.536,0,0,0,31.311,0,7.164,14.855,0.302,24.737,202.431,95.782,7.267,6.186,13.065,6.293,1.162,1.667,2.294,2.956,3.536,1.281,1.677,2.274,2.981,3.535,1.043,7.206,0.765,0.466,6.923,0.740,0.429,2.725,209.266,91.163
SYN-000599,2025-01-25T22:00:00+07:00,2.301,251.257,3.153,820.977,39.641,27.523,35.310,63.498,39.186,27.965,35.277,65.646,40.183,26.194,36.028,66.768,0,0,31.323,0,1.153,0,31.678,0,7.093,15.328,0.289,26.918,219.886,94.172,7.125,5.132,10.642,5.177,0.724,1.635,2.368,2.948,3.531,0.672,1.588,2.238,2.935,3.603,0.775,7.129,0.484,0.456,7.154,0.466,0.432,2.792,218.606,96.215
SYN-000600,2025-01-25T23:00:00+07:00,2.305,241.348,3.214,792.464,40.698,28.863,36.355,66.131,40.187,28.941,35.700,68.178,39.196,25.765,35.501,61.901,1.120,0,31.942,0,0,0,31.244,0,7.151,12.128,0.266,25.475,187.498,103.054,7.160,3.437,11.799,2.796,0.443,1.558,2.236,2.912,3.597,0.420,1.669,2.282,2.912,3.650,0.467,7.179,0.419,0.446,7.147,0.432,0.456,1.940,179.599,100.957
SYN-000601,2025-01-26T00:00:00+07:00,2.294,237.674,3.127,834.932,41.586,29.606,36.011,65.627,41.813,29.557,35.806,67.518,0.824,0,31.739,0,0,0,31.097,0,41.478,27.412,35.715,64.149,7.165,15.595,0.286,21.710,171.110,93.727,7.165,6.670,8.757,6.333,1.162,1.778,2.283,2.890,3.575,1.219,1.702,2.308,2.892,3.540,1.104,7.176,0.874,0.535,7.142,0.952,0.426,1.681,167.735,91.877
SYN-000602,2025-01-26T01:00:00+07:00,2.267,243.802,3.108,811.780,41.196,29.377,35.047,68.394,39.782,28.872,35.309,63.975,1.195,0,31.306,0,0,0,31.197,0,42.355,29.333,35.146,67.189,6.900,15.487,0.280,24.067,202.320,100.285,6.938,6.708,10.687,6.596,1.107,1.582,2.349,2.978,3.622,1.171,1.643,2.285,3.034,3.555,1.044,7.196,0.831,0.456,7.176,0.886,0.422,1.924,196.795,100.988
SYN-000603,2025-01-26T02:00:00+07:00,2.295,252.695,3.143,814.212,42.992,30.495,36.606,66.578,42.591,29.294,35.713,68.900,0.049,0,31.676,0,0.321,0,31.499,0,44.678,31.747,36.281,68.476,7.112,14.294,0.317,24.495,198.132,101.299,7.120,3.808,10.773,4.353,0.538,1.600,2.273,2.894,3.607,0.334,1.625,2.319,2.987,3.627,0.742,7.105,0.365,0.490,7.141,0.405,0.477,2.396,194.402,103.240
SYN-000604,2025-01-26T03:00:00+07:00,2.250,257.903,3.125,850.233,44.513,30.543,35.982,68.568,44.175,31.899,35.141,73.902,0,0,31.706,0,0.134,0,32.058,0,43.362,31.007,35.600,68.363,7.093,12.488,0.250,23.589,190.807,96.666,7.159,4.903,10.217,4.839,1.058,1.551,2.338,2.857,3.584,1.125,1.686,2.303,2.958,3.653,0.992,7.138,0.662,0.474,7.185,0.669,0.512,1.509,190.153,97.044
SYN-000605,2025-01-26T04:00:00+07:00,2.253,252.410,3.138,833.138,44.456,32.117,36.270,69.195,43.591,28.444,36.419,67.844,0,0,30.978,0,0,0,31.397,0,44.116,28.883,36.452,70.716,6.971,15.035,0.290,24.330,189.443,95.857,6.933,4.844,10.777,3.933,0.799,1.678,2.273,2.913,3.619,0.835,1.645,2.322,3.012,3.569,0.763,7.157,0.494,0.510,7.232,0.495,0.421,1.580,192.253,96.762
SYN-000606,2025-01-26T05:00:00+07:00,2.283,242.938,3.150,845.693,45.712,34.024,36.626,70.537,45.212,33.849,36.271,71.811,0,0,31.908,0,0,0,31.251,0,43.866,28.784,35.611,71.100,7.056,15.938,0.323,22.800,191.128,102.845,7.059,4.500,9.621,4.693,0.749,1.612,2.286,2.954,3.583,0.532,1.589,2.377,2.932,3.590,0.966,7.167,0.667,0.556,7.067,0.665,0.492,0.800,187.122,101.059
SYN-000607,2025-01-26T06:00:00+07:00,2.169,245.035,3.087,857.273,44.622,31.388,36.086,72.152,46.393,33.091,35.909,73.316,0.983,0,30.833,0,0.365,0,30.786,0,43.972,32.373,35.937,71.832,7.057,15.202,0.264,24.980,209.729,94.821,6.886,4.214,10.151,4.120,0.742,1.637,2.406,2.942,3.642,0.727,1.688,2.232,2.923,3.611,0.757,7.103,0.547,0.534,7.238,0.553,0.498,1.683,203.224,95.919
SYN-000608,2025-01-26T07:00:00+07:00,2.237,252.026,3.143,844.061,44.742,31.733,35.816,71.859,45.111,32.376,36.147,71.913,0,0,32.080,0,0.043,0,31.541,0,44.588,32.160,34.995,72.118,7.094,17.800,0.268,28.101,186.407,96.462,7.079,7.006,12.499,6.422,1.237,1.653,2.275,2.933,3.640,0.925,1.660,2.366,2.918,3.637,1.548,7.201,0.974,0.494,7.219,0.890,0.509,2.083,196.718,96.149
SYN-000609,2025-01-26T08:00:00+07:00,2.221,246.807,3.088,836.446,44.538,30.469,35.827,71.729,0.341,0,31.301,0,0,0,30.823,0,44.423,31.056,36.222,70.205,43.505,29.034,36.695,71.025,7.106,12.684,0.303,22.806,184.361,93.192,7.183,3.837,8.818,4.134,0.735,1.605,2.356,3.016,3.603,0.711,1.660,2.292,2.973,3.567,0.760,7.243,0.557,0.507,7.123,0.508,0.452,1.530,185.187,94.541
SYN-000610,2025-01-26T09:00:00+07:00,2.213,251.884,3.157,820.108,43.392,30.427,35.470,71.940,1.407,0,31.647,0,0,0,31.640,0,43.254,29.495,36.157,67.607,44.390,29.541,35.922,68.554,7.054,11.943,0.214,23.675,213.251,97.830,7.192,2.879,12.018,2.031,0.463,1.656,2.324,2.918,3.622,0.412,1.710,2.292,2.960,3.580,0.515,7.080,0.427,0.560,7.112,0.497,0.495,2.281,218.138,97.887
SYN-000611,2025-01-26T10:00:00+07:00,2.179,255.558,3.073,817.971,43.768,31.683,35.861,64.818,0.345,0,31.027,0,0.287,0,31.848,0,43.086,28.756,35.996,69.348,43.383,30.075,35.358,69.403,7.092,20.960,0.307,27.018,189.088,97.681,7.018,7.896,10.094,8.219,1.396,1.654,2.323,2.975,3.611,1.246,1.607,2.265,2.903,3.594,1.547,7.211,0.937,0.538,7.080,0.987,0.410,1.418,192.185,95.190
SYN-000612,2025-01-26T11:00:00+07:00,2.172,246.888,3.114,815.678,42.115,30.685,35.118,64.744,0,0,31.268,0,0.100,0,31.504,0,43.815,28.941,36.331,69.327,42.579,28.379,35.658,69.160,6.945,13.639,0.244,21.245,202.697,101.970,6.926,3.487,9.818,4.098,0.558,1.608,2.337,2.973,3.567,0.666,1.620,2.265,2.872,3.639,0.450,7.118,0.435,0.512,7.049,0.406,0.530,1.706,204.040,101.579
SYN-000613,2025-01-26T12:00:00+07:00,2.178,254.921,3.129,802.158,40.786,28.434,35.232,66.505,0,0,32.152,0,0.657,0,31.978,0,40.871,28.821,36.072,65.702,40.582,26.433,35.363,66.371,7.188,13.159,0.284,25.952,193.713,101.727,7.258,5.845,10.502,6.048,0.991,1.603,2.297,2.945,3.557,1.021,1.653,2.303,2.989,3.585,0.961,7.194,0.695,0.463,7.119,0.640,0.465,1.660,198.941,101.878
SYN-000614,2025-01-26T13:00:00+07:00,2.175,250.870,3.097,841.248,40.187,29.145,35.954,64.171,0,0,30.767,0,0.529,0,31.691,0,39.943,28.210,35.810,64.550,40.365,28.908,35.521,62.074,7.076,14.720,0.295,23.645,212.487,88.721,7.056,4.556,9.587,4.523,0.829,1.610,2.263,2.994,3.627,0.646,1.681,2.314,2.943,3.674,1.013,7.120,0.554,0.466,7.141,0.571,0.532,1.369,204.019,89.194
SYN-000615,2025-01-26T14:00:00+07:00,2.140,259.194,3.062,803.289,38.149,27.032,34.888,62.052,0.898,0,31.942,0,0,0,31.808,0,39.122,28.306,34.962,60.676,40.218,28.147,35.461,63.208,7.095,12.984,0.265,22.837,200.488,105.227,7.104,4.350,10.275,4.832,0.740,1.644,2.282,2.943,3.557,0.994,1.596,2.408,2.998,3.619,0.486,7.205,0.540,0.517,7.034,0.464,0.460,1.409,196.149,105.354
SYN-000616,2025-01-26T15:00:00+07:00,2.215,252.686,3.133,793.140,37.190,25.677,35.462,58.073,0.945,0,31.596,0,0.979,0,31.591,0,37.638,26.712,35.347,63.701,37.742,27.409,35.960,61.470,7.052,15.104,0.271,25.561,183.956,91.470,7.005,4.515,12.119,5.312,0.907,1.630,2.291,2.968,3.639,1.051,1.743,2.344,2.989,3.608,0.762,7.099,0.584,0.457,7.022,0.564,0.481,1.238,177.802,91.799
SYN-000617,2025-01-26T16:00:00+07:00,2.155,259.141,3.079,789.490,0,0,31.252,0,0.707,0,30.958,0,37.445,25.695,34.756,56.172,37.635,25.802,35.312,58.421,36.516,27.863,35.582,53.033,7.024,15.030,0.290,23.721,214.127,105.806,7.036,5.063,9.434,4.668,0.772,1.605,2.259,2.906,3.623,0.821,1.597,2.319,2.988,3.610,0.723,7.223,0.590,0.510,7.091,0.593,0.451,1.092,213.879,105.674
SYN-000618,2025-01-26T17:00:00+07:00,2.151,259.924,3.072,795.388,0,0,31.524,0,0,0,31.553,0,38.344,27.726,35.741,64.038,37.894,27.177,35.639,60.130,36.973,25.806,34.595,59.162,7.214,16.876,0.326,24.521,198.971,93.370,7.217,6.131,11.941,6.111,1.087,1.678,2.342,2.915,3.579,0.855,1.711,2.264,2.977,3.706,1.320,7.160,0.753,0.454,7.047,0.746,0.436,3.015,196.681,91.284
SYN-000619,2025-01-26T18:00:00+07:00,2.117,255.109,3.118,786.687,0.239,0,30.963,0,0.409,0,31.333,0,36.914,27.328,35.254,59.869,38.079,27.595,35.748,59.519,37.254,27.490,35.085,59.932,7.034,14.768,0.301,22.737,190.934,91.829,7.123,5.162,8.336,4.921,0.799,1.583,2.308,2.928,3.517,0.797,1.767,2.316,2.940,3.604,0.800,7.193,0.571,0.526,7.135,0.608,0.444,1.968,193.032,88.405
SYN-000620,2025-01-26T19:00:00+07:00,2.074,252.570,3.083,792.478,0,0,31.959,0,1.347,0,31.534,0,36.231,25.108,34.889,58.766,38.344,29.932,35.318,63.084,36.921,25.022,35.233,58.300,7.027,20.863,0.273,28.095,193.553,98.357,7.030,8.247,12.943,8.262,1.342,1.659,2.399,3.060,3.648,1.350,1.700,2.290,2.951,3.666,1.333,7.248,1.073,0.490,6.984,1.080,0.550,1.371,188.615,99.492
SYN-000621,2025-01-26T20:00:00+07:00,2.168,255.170,3.069,783.335,0.267,0,31.696,0,1.588,0,31.422,0,37.261,25.746,36.312,57.730,36.573,25.220,35.298,57.395,36.490,25.067,35.551,57.901,6.950,17.641,0.225,27.069,209.387,94.327,6.946,7.108,12.047,6.567,1.115,1.600,2.268,2.961,3.633,1.033,1.672,2.313,2.995,3.554,1.196,7.244,0.670,0.459,7.075,0.726,0.450,1.321,203.552,94.842
SYN-000622,2025-01-26T21:00:00+07:00,2.130,260.301,3.038,808.057,0,0,31.640,0,0,0,31.157,0,36.929,27.273,35.601,58.706,38.727,27.442,34.776,62.544,38.135,25.731,34.417,61.570,7.141,19.389,0.231,24.843,201.175,107.953,7.096,5.933,10.903,6.548,0.930,1.627,2.329,2.945,3.597,0.735,1.657,2.309,3.010,3.584,1.125,7.151,0.635,0.482,7.087,0.598,0.408,1.724,193.861,109.154
SYN-000623,2025-01-26T22:00:00+07:00,2.081,264.044,3.093,791.485,0,0,31.642,0,0,0,30.611,0,39.666,27.967,34.700,65.337,39.323,29.334,35.421,61.865,39.325,29.065,35.333,65.817,6.977,19.138,0.255,27.496,195.381,97.154,7.052,7.090,13.182,6.975,1.269,1.708,2.302,3.033,3.682,1.293,1.674,2.313,2.906,3.543,1.245,7.175,0.966,0.432,7.244,0.969,0.439,1.672,191.005,98.282
SYN-000624,2025-01-26T23:00:00+07:00,2.107,262.715,3.069,830.892,0,0,31.368,0,0,0,31.210,0,39.378,28.295,35.241,62.778,39.904,28.000,35.996,62.904,39.981,29.254,36.119,64.819,7.167,18.699,0.259,21.944,199.730,104.464,7.132,6.586,10.499,6.870,1.038,1.657,2.281,2.947,3.687,0.999,1.726,2.293,2.937,3.550,1.077,7.166,0.815,0.514,7.130,0.827,0.472,1.470,198.880,103.029
SYN-000625,2025-01-27T00:00:00+07:00,2.139,259.541,3.079,802.676,1.411,0,31.323,0,40.970,28.376,36.422,67.233,40.631,29.362,35.375,65.097,41.705,28.211,35.911,67.588,0,0,31.045,0,6.951,21.002,0.294,25.342,203.763,97.853,7.009,7.745,13.225,7.672,1.416,1.607,2.306,2.856,3.658,1.300,1.631,2.319,2.943,3.551,1.533,7.180,0.989,0.464,7.105,0.989,0.394,2.281,209.447,100.390
SYN-000626,2025-01-27T01:00:00+07:00,2.132,262.917,3.113,807.469,0.383,0,31.772,0,44.074,29.516,35.607,73.292,42.027,28.371,35.778,66.094,43.109,30.956,35.724,64.650,0,0,31.642,0,6.962,22.568,0.255,26.920,209.696,93.398,6.900,8.190,12.393,8.258,1.284,1.556,2.270,2.938,3.531,1.252,1.645,2.363,2.918,3.586,1.316,7.278,0.949,0.428,7.246,0.914,0.497,2.426,201.646,94.936
SYN-000627,2025-01-27T02:00:00+07:00,2.111,256.432,3.118,835.191,0,0,31.092,0,43.235,29.457,35.896,69.324,43.809,31.111,35.843,67.007,41.797,30.104,35.864,67.500,0.598,0,30.821,0,7.084,15.894,0.304,26.474,224.736,94.456,7.090,5.756,10.092,5.564,0.811,1.622,2.291,2.939,3.602,0.691,1.629,2.294,2.924,3.605,0.930,7.195,0.552,0.461,7.186,0.527,0.442,1.759,224.081,93.218
SYN-000628,2025-01-27T03:00:00+07:00,2.132,267.153,3.022,839.957,0,0,30.489,0,43.531,31.242,35.666,71.139,44.135,29.814,35.109,69.564,44.375,31.978,36.101,70.921,0.094,0,31.602,0,6.933,20.093,0.273,26.140,217.023,100.675,6.972,6.313,11.526,6.731,1.007,1.687,2.295,2.962,3.647,0.923,1.703,2.322,3.012,3.550,1.091,7.176,0.736,0.491,7.174,0.787,0.448,1.500,223.729,101.703
SYN-000629,2025-01-27T04:00:00+07:00,2.119,269.110,3.075,842.888,0,0,31.614,0,44.696,30.699,35.464,67.453,44.560,32.185,35.870,69.569,44.733,31.390,35.681,73.183,0,0,31.915,0,6.912,18.252,0.246,24.847,195.035,96.951,6.946,6.399,10.695,6.614,0.962,1.707,2.303,2.974,3.616,1.007,1.591,2.345,2.992,3.621,0.917,7.123,0.648,0.469,7.101,0.650,0.501,1.085,204.079,99.865
SYN-000630,2025-01-27T05:00:00+07:00,2.082,260.725,3.048,849.584,0,0,32.355,0,44.596,29.628,35.841,66.563,43.062,30.170,35.513,67.993,43.972,29.233,35.686,70.057,0.730,0,31.566,0,7.230,20.632,0.225,28.167,227.964,96.759,7.232,7.296,10.193,7.494,1.083,1.620,2.335,2.867,3.652,1.106,1.606,2.378,3.028,3.543,1.059,7.208,0.834,0.520,7.075,0.834,0.445,1.908,227.765,99.353
SYN-000631,2025-01-27T06:00:00+07:00,2.060,266.442,3.052,833.238,0,0,31.004,0,45.548,31.003,35.308,73.904,44.397,31.371,36.140,69.797,45.292,32.252,36.412,71.727,0.308,0,32.281,0,7.200,15.662,0.342,23.089,190.465,106.105,7.146,4.727,8.876,5.571,0.856,1.638,2.298,2.982,3.606,0.846,1.595,2.279,2.951,3.636,0.866,7.104,0.640,0.515,7.124,0.606,0.504,0.333,185.059,102.773
SYN-000632,2025-01-27T07:00:00+07:00,2.137,260.958,3.033,856.002,0.062,0,31.391,0,45.195,30.834,36.787,72.763,45.743,31.849,35.171,70.111,44.935,30.132,35.835,73.170,0,0,31.661,0,7.127,19.798,0.281,23.347,204.862,90.955,7.083,8.034,12.883,7.772,1.395,1.697,2.332,2.962,3.514,1.457,1.663,2.282,2.913,3.553,1.333,7.095,1.027,0.485,7.179,1.059,0.483,1.493,198.929,91.095
SYN-000633,2025-01-27T08:00:00+07:00,2.097,253.643,3.042,862.352,44.597,31.032,35.863,71.944,44.122,29.805,35.255,72.397,45.490,31.768,35.930,74.378,0.861,0,31.167,0,0,0,30.983,0,6.889,21.297,0.262,27.807,227.298,93.548,6.812,7.779,10.546,6.756,1.242,1.589,2.260,2.915,3.627,1.212,1.596,2.280,2.967,3.584,1.271,7.156,0.969,0.506,7.109,1.006,0.459,2.485,221.190,92.087
SYN-000634,2025-01-27T09:00:00+07:00,2.101,259.165,3.072,848.890,42.985,29.725,35.491,70.394,43.969,32.616,35.459,71.215,43.493,29.618,35.554,67.235,0.322,0,31.732,0,0.035,0,30.955,0,7.086,14.310,0.233,28.343,184.721,96.747,6.991,4.767,12.002,5.084,0.776,1.622,2.252,2.956,3.586,0.733,1.615,2.291,2.919,3.548,0.819,7.143,0.583,0.404,7.106,0.600,0.425,1.815,191.255,98.023
SYN-000635,2025-01-27T10:00:00+07:00,2.149,258.762,3.021,820.889,43.437,29.327,35.752,68.025,42.403,30.171,36.409,68.756,42.762,28.767,34.493,70.174,0.058,0,31.488,0,0,0,31.312,0,6.989,20.245,0.280,23.821,218.805,99.953,6.934,6.440,10.298,6.673,0.956,1.715,2.281,2.983,3.665,0.934,1.715,2.214,2.967,3.650,0.977,7.230,0.584,0.507,7.099,0.593,0.419,1.629,228.264,103.233
SYN-000636,2025-01-27T11:00:00+07:00,2.095,270.167,3.036,820.939,42.128,30.234,35.750,68.818,43.638,30.858,36.354,75.717,43.004,30.620,36.362,67.972,0.592,0,32.181,0,0,0,30.613,0,7.193,18.600,0.280,25.013,213.298,92.383,7.183,6.942,11.868,6.720,1.048,1.605,2.309,2.979,3.608,1.166,1.624,2.309,2.973,3.665,0.929,7.173,0.702,0.497,7.101,0.722,0.464,1.539,219.953,91.010
SYN-000637,2025-01-27T12:00:00+07:00,2.084,264.534,3.115,824.255,40.547,28.678,35.411,65.735,42.391,30.050,35.327,70.165,40.756,28.824,36.342,67.085,0,0,31.707,0,0,0,31.930,0,7.011,23.886,0.248,26.510,219.189,95.458,7.016,9.888,11.304,10.060,1.415,1.656,2.346,3.009,3.614,1.505,1.662,2.377,2.981,3.559,1.325,7.170,1.012,0.476,7.123,1.106,0.472,2.267,214.602,92.930
SYN-000638,2025-01-27T13:00:00+07:00,2.080,259.699,3.092,782.739,40.415,29.388,34.870,65.519,40.205,28.472,36.031,65.053,39.010,26.680,35.417,66.606,0,0,31.334,0,1.042,0,31.606,0,6.923,17.915,0.271,26.536,186.126,110.268,6.908,6.953,10.933,7.020,1.107,1.658,2.352,2.818,3.603,1.062,1.653,2.283,2.978,3.578,1.153,7.187,0.745,0.490,7.169,0.703,0.460,2.129,184.085,108.662
SYN-000639,2025-01-27T14:00:00+07:00,2.118,270.826,3.078,815.846,38.859,28.226,35.306,63.768,38.629,26.913,35.878,64.141,38.335,27.392,35.757,62.023,0,0,31.032,0,0.045,0,31.316,0,6.993,22.013,0.331,26.603,206.537,103.654,6.936,7.228,10.633,6.773,1.332,1.629,2.262,2.942,3.600,1.354,1.651,2.391,3.004,3.617,1.310,7.060,1.027,0.490,7.147,1.060,0.416,1.827,201.685,103.502
SYN-000640,2025-01-27T15:00:00+07:00,2.072,266.097,3.149,783.652,37.751,26.551,34.586,60.191,38.565,27.709,35.528,63.178,38.022,27.558,35.246,59.231,0,0,30.835,0,0.386,0,31.667,0,7.131,17.482,0.303,25.708,195.328,109.322,7.049,6.755,11.802,6.545,1.101,1.708,2.309,2.996,3.566,0.969,1.633,2.291,2.952,3.662,1.232,7.129,0.819,0.400,7.169,0.789,0.497,2.707,199.066,109.439
SYN-000641,2025-01-27T16:00:00+07:00,2.131,259.132,3.081,809.196,36.907,26.055,35.412,60.161,36.595,25.323,35.017,57.128,0.524,0,30.731,0,0,0,32.624,0,37.626,27.945,34.549,60.555,7.124,17.238,0.265,25.593,217.278,100.285,7.160,5.448,12.215,4.962,0.967,1.621,2.350,2.990,3.540,0.904,1.720,2.357,2.936,3.631,1.030,7.175,0.704,0.464,7.254,0.651,0.516,1.982,213.420,100.032
SYN-000642,2025-01-27T17:00:00+07:00,2.137,259.223,3.109,794.696,37.497,26.011,35.482,59.763,37.594,26.503,35.074,60.587,0.915,0,31.285,0,0,0,31.521,0,36.375,25.634,34.895,54.050,6.957,21.117,0.274,29.048,181.307,86.666,7.001,7.743,13.226,7.583,1.356,1.735,2.304,2.990,3.551,1.326,1.682,2.338,2.943,3.523,1.386,7.225,0.937,0.398,7.072,0.911,0.474,2.459,182.452,91.024
SYN-000643,2025-01-27T18:00:00+07:00,2.117,277.453,3.094,775.199,37.384,26.029,35.609,58.912,36.935,25.847,35.106,59.418,0.785,0,30.908,0,0,0,31.643,0,38.109,28.724,35.622,64.134,7.145,22.089,0.259,27.156,210.019,98.164,7.142,7.922,9.834,7.665,1.283,1.673,2.309,2.980,3.531,1.361,1.571,2.256,2.970,3.617,1.205,7.182,0.848,0.446,7.146,0.877,0.453,2.336,218.231,100.254
SYN-000644,2025-01-27T19:00:00+07:00,2.067,265.441,3.057,778.218,36.505,25.434,35.867,59.697,37.054,26.104,34.700,59.050,0,0,31.821,0,0,0,31.304,0,37.289,26.949,35.097,61.830,7.084,22.310,0.310,25.595,179.187,91.259,6.960,10.689,11.421,10.734,1.624,1.535,2.297,2.952,3.602,1.733,1.702,2.326,2.941,3.677,1.515,7.236,1.143,0.490,7.019,1.175,0.424,2.049,180.501,91.446
SYN-000645,2025-01-27T20:00:00+07:00,2.112,272.223,3.048,786.734,37.119,25.008,35.314,60.433,37.050,27.431,35.527,60.404,0.144,0,31.539,0,0.947,0,31.452,0,36.998,24.833,35.405,60.865,7.007,22.249,0.319,27.933,188.791,97.713,7.038,8.804,11.163,8.983,1.602,1.637,2.339,2.942,3.623,1.449,1.632,2.268,2.853,3.551,1.755,7.180,1.035,0.455,7.197,0.948,0.467,2.485,198.325,97.953
SYN-000646,2025-01-27T21:00:00+07:00,2.136,276.555,3.106,785.801,38.733,28.404,34.392,61.999,38.323,26.816,35.645,61.751,0.132,0,31.169,0,0,0,32.338,0,38.427,27.749,34.722,62.397,7.076,23.526,0.259,27.273,211.495,107.483,7.084,9.104,11.110,8.625,1.450,1.721,2.372,2.979,3.555,1.476,1.705,2.301,2.889,3.577,1.425,7.110,1.069,0.463,7.168,1.052,0.498,2.402,207.025,110.298
SYN-000647,2025-01-27T22:00:00+07:00,2.112,270.125,3.079,795.740,37.958,25.992,35.739,60.705,39.355,26.834,35.858,63.908,0,0,32.013,0,1.157,0,31.927,0,39.296,28.558,35.099,64.770,7.290,18.034,0.280,19.015,197.543,97.866,7.353,7.262,8.990,7.325,1.016,1.659,2.339,3.049,3.574,0.955,1.643,2.307,2.811,3.628,1.078,7.064,0.702,0.508,7.183,0.669,0.528,1.573,198.203,95.360
SYN-000648,2025-01-27T23:00:00+07:00,2.125,273.693,3.163,798.937,41.970,30.150,36.090,68.403,40.372,27.443,36.462,63.641,0,0,31.150,0,0.803,0,32.236,0,40.740,30.310,35.321,65.586,7.138,20.153,0.307,24.034,208.454,104.500,7.219,7.642,9.377,6.913,1.233,1.675,2.289,3.010,3.541,1.365,1.671,2.236,2.965,3.611,1.102,7.237,0.820,0.452,7.020,0.774,0.409,1.548,212.351,107.708
SYN-000649,2025-01-28T00:00:00+07:00,2.182,263.247,3.092,822.230,40.333,27.532,36.184,66.450,0.622,0,31.067,0,0,0,31.680,0,40.544,30.031,35.964,65.270,41.144,28.664,35.879,65.085,7.257,23.859,0.297,29.036,248.243,95.744,7.297,9.389,10.899,9.390,1.705,1.703,2.280,2.823,3.560,1.679,1.645,2.266,2.910,3.510,1.731,7.179,1.218,0.503,7.167,1.272,0.422,1.285,248.959,96.867
SYN-000650,2025-01-28T01:00:00+07:00,2.218,272.788,3.098,827.949,41.380,27.728,36.274,66.747,0,0,31.368,0,0,0,31.538,0,41.436,26.997,35.681,67.016,41.912,29.401,35.771,64.039,7.047,20.503,0.283,28.544,179.604,100.250,7.133,6.529,11.985,5.959,0.988,1.576,2.180,2.929,3.535,0.971,1.624,2.435,2.906,3.508,1.006,7.019,0.737,0.510,7.099,0.734,0.468,2.008,173.463,97.479
SYN-000651,2025-01-28T02:00:00+07:00,2.186,271.479,3.087,814.735,42.368,32.080,35.192,67.964,0,0,31.760,0,0,0,31.524,0,43.112,30.290,35.236,68.596,43.300,29.545,36.541,73.300,7.043,24.735,0.259,28.812,183.618,96.444,7.038,8.273,13.156,8.048,1.452,1.657,2.266,2.937,3.606,1.602,1.687,2.271,2.971,3.585,1.302,7.171,1.025,0.488,7.125,0.984,0.468,1.209,179.577,97.485
SYN-000652,2025-01-28T03:00:00+07:00,2.252,272.300,3.132,835.184,43.780,30.835,35.500,67.582,0.793,0,31.826,0,0.992,0,31.262,0,45.265,29.271,36.518,68.206,43.174,30.176,35.737,66.903,7.055,25.025,0.251,27.835,208.563,97.402,7.023,6.722,14.166,6.784,0.966,1.685,2.289,2.898,3.610,0.969,1.664,2.258,2.966,3.667,0.963,7.085,0.675,0.543,7.127,0.660,0.496,2.636,198.289,96.632
SYN-000653,2025-01-28T04:00:00+07:00,2.208,271.555,3.101,813.900,44.950,30.846,36.100,75.156,0,0,31.085,0,0.160,0,32.079,0,44.724,30.561,35.776,70.225,43.555,29.607,36.080,72.242,7.056,20.484,0.298,27.154,200.882,99.138,7.013,6.415,11.641,6.246,0.906,1.576,2.305,2.965,3.580,0.876,1.565,2.335,3.018,3.550,0.936,7.108,0.706,0.507,7.114,0.721,0.483,1.962,195.566,97.394
SYN-000654,2025-01-28T05:00:00+07:00,2.276,269.624,3.111,846.967,42.709,31.322,35.776,64.578,0,0,32.117,0,0.186,0,31.626,0,44.424,29.842,35.141,71.928,45.146,33.523,36.317,75.280,6.884,28.954,0.264,30.328,193.038,92.943,7.024,9.862,13.722,9.691,1.562,1.706,2.306,2.926,3.626,1.533,1.672,2.408,2.857,3.612,1.591,7.139,0.999,0.430,7.194,0.973,0.519,1.563,198.039,95.211
SYN-000655,2025-01-28T06:00:00+07:00,2.260,274.480,3.159,847.358,45.415,29.939,36.127,70.238,0.627,0,31.526,0,0.526,0,31.442,0,44.903,30.918,35.652,67.684,44.634,29.834,34.994,77.258,7.247,24.288,0.252,27.218,195.797,102.047,7.255,8.513,10.196,9.223,1.568,1.649,2.320,2.895,3.580,1.511,1.595,2.245,2.978,3.658,1.624,7.180,1.236,0.488,7.072,1.191,0.488,2.196,206.726,101.107
SYN-000656,2025-01-28T07:00:00+07:00,2.185,278.057,3.090,816.126,45.147,31.415,35.638,71.757,0,0,31.410,0,0.983,0,31.471,0,45.705,31.766,35.808,75.958,44.717,32.944,35.894,74.681,7.056,25.989,0.314,28.114,197.496,92.795,6.990,9.376,11.888,8.831,1.490,1.590,2.349,2.903,3.590,1.521,1.665,2.324,2.983,3.582,1.459,7.169,1.005,0.484,7.130,1.005,0.506,1.197,205.915,88.048
SYN-000657,2025-01-28T08:00:00+07:00,2.236,270.774,3.153,836.513,0.142,0,31.467,0,0.199,0,31.407,0,44.728,31.296,35.614,70.395,43.789,30.927,36.148,73.185,45.214,30.441,36.123,71.233,7.010,23.259,0.226,25.992,197.693,100.454,6.957,7.379,11.838,6.936,1.353,1.623,2.235,2.953,3.577,1.315,1.600,2.338,2.931,3.612,1.391,7.035,0.948,0.494,7.205,0.892,0.392,2.367,214.217,98.964
SYN-000658,2025-01-28T09:00:00+07:00,2.330,271.169,3.137,833.850,0.464,0,30.877,0,0,0,31.382,0,43.944,30.775,36.711,67.979,44.065,32.660,35.344,69.674,44.174,32.555,35.526,67.504,7.192,27.569,0.219,28.432,217.760,93.103,7.150,9.542,12.227,9.280,1.595,1.622,2.305,2.889,3.631,1.629,1.663,2.315,2.881,3.580,1.562,7.136,1.004,0.448,7.028,1.006,0.434,1.730,215.109,93.793
SYN-000659,2025-01-28T10:00:00+07:00,2.292,272.441,3.157,829.674,0,0,31.356,0,0.821,0,31.130,0,42.639,29.193,35.577,66.426,42.567,30.316,35.581,70.638,42.500,31.209,35.434,65.029,6.894,22.987,0.267,30.413,210.306,98.810,6.933,7.130,13.927,7.358,1.163,1.648,2.330,2.876,3.524,1.096,1.660,2.226,2.915,3.514,1.230,7.224,0.928,0.451,7.217,0.938,0.403,2.116,211.171,101.321
SYN-000660,2025-01-28T11:00:00+07:00,2.296,261.920,3.134,782.345,0,0,30.534,0,0.542,0,31.523,0,42.148,29.788,35.601,66.457,41.010,27.880,35.768,65.153,41.461,29.288,36.057,67.706,7.023,27.285,0.307,30.831,218.196,97.085,6.860,10.903,12.421,11.604,1.794,1.611,2.295,3.004,3.662,1.718,1.560,2.218,2.960,3.526,1.870,7.140,1.253,0.517,7.098,1.235,0.459,2.792,219.781,95.420
SYN-000661,2025-01-28T12:00:00+07:00,2.338,262.396,3.171,813.224,0.291,0,31.607,0,0.511,0,30.592,0,41.993,28.375,36.232,67.007,40.735,30.652,35.094,63.465,41.785,28.750,36.349,64.443,7.070,27.135,0.273,27.298,199.640,95.288,7.035,9.817,12.682,10.295,1.577,1.643,2.269,2.932,3.607,1.321,1.645,2.345,2.931,3.595,1.834,7.122,1.103,0.426,7.207,1.101,0.393,2.053,207.357,97.469
SYN-000662,2025-01-28T13:00:00+07:00,2.320,267.533,3.141,819.869,0,0,31.604,0,0,0,32.044,0,39.615,28.208,35.589,63.375,39.799,26.473,35.651,66.907,40.237,27.129,35.543,66.189,7.022,26.358,0.246,29.644,183.415,96.591,7.026,8.766,12.348,8.638,1.626,1.717,2.287,3.018,3.597,1.622,1.609,2.290,2.990,3.634,1.630,7.072,1.134,0.506,7.145,1.167,0.461,2.023,174.792,95.014
SYN-000663,2025-01-28T14:00:00+07:00,2.331,274.084,3.154,799.769,0,0,31.977,0,0,0,31.061,0,39.469,29.203,35.961,61.920,38.639,28.151,35.042,61.322,39.658,27.641,35.828,64.981,6.918,29.172,0.297,32.950,215.442,96.079,6.894,9.807,13.156,9.776,1.664,1.698,2.250,2.918,3.564,1.654,1.636,2.329,2.958,3.605,1.675,7.168,1.228,0.436,7.109,1.185,0.375,2.125,215.872,95.281
SYN-000664,2025-01-28T15:00:00+07:00,2.298,278.968,3.112,777.790,0.322,0,30.967,0,0.716,0,31.289,0,38.190,28.010,34.911,63.781,37.996,28.811,35.529,60.905,37.361,26.338,35.298,58.969,7.034,26.128,0.236,31.817,194.564,105.476,6.965,9.905,12.526,10.576,1.695,1.690,2.266,2.918,3.668,1.624,1.640,2.359,2.945,3.630,1.765,7.089,1.202,0.520,7.177,1.225,0.439,1.487,198.571,103.358
SYN-000665,2025-01-28T16:00:00+07:00,2.304,267.484,3.206,813.234,0,0,31.665,0,39.105,27.748,35.194,61.834,37.684,25.377,35.386,55.355,36.487,25.310,35.489,59.409,0.894,0,32.049,0,7.033,27.755,0.259,30.657,187.664,91.094,7.027,10.063,12.769,10.561,1.644,1.599,2.309,3.033,3.608,1.515,1.628,2.278,2.987,3.609,1.772,7.141,1.172,0.479,7.098,1.216,0.448,1.997,186.368,92.340
SYN-000666,2025-01-28T17:00:00+07:00,2.347,280.525,3.168,795.206,0,0,31.754,0,36.691,25.978,34.433,59.081,37.049,27.596,35.571,58.406,37.227,24.515,34.761,58.668,0.126,0,30.799,0,7.042,26.001,0.302,26.004,220.358,97.246,7.059,9.871,10.321,10.378,1.596,1.580,2.401,2.998,3.573,1.595,1.613,2.301,2.915,3.570,1.598,7.127,1.136,0.413,7.175,1.104,0.421,1.837,224.964,95.169
SYN-000667,2025-01-28T18:00:00+07:00,2.392,270.427,3.193,767.580,0,0,30.183,0,37.188,25.571,35.248,57.435,35.809,26.930,34.836,54.709,37.506,26.437,35.375,59.489,0.174,0,31.399,0,7.079,29.379,0.333,30.038,209.074,100.323,7.040,11.007,13.043,10.095,1.719,1.641,2.334,2.963,3.647,1.608,1.603,2.277,2.933,3.687,1.830,7.142,1.271,0.465,7.163,1.272,0.465,2.333,204.231,99.746
SYN-000668,2025-01-28T19:00:00+07:00,2.406,275.452,3.177,787.146,0,0,32.254,0,37.987,27.104,34.557,61.422,37.791,26.047,34.697,63.488,37.107,25.512,35.292,58.870,0,0,30.990,0,6.998,27.973,0.265,30.884,200.443,97.390,7.131,9.832,14.698,9.616,1.593,1.637,2.333,2.963,3.590,1.615,1.664,2.304,2.996,3.650,1.570,7.178,1.064,0.459,7.151,1.028,0.452,3.183,203.472,98.360
SYN-000669,2025-01-28T20:00:00+07:00,2.396,273.174,3.178,790.791,0,0,31.826,0,37.533,26.512,35.377,61.216,37.584,28.502,35.170,58.643,38.555,27.095,34.618,65.004,0,0,31.510,0,7.231,32.088,0.294,34.115,188.981,99.877,7.274,11.128,13.281,10.854,1.787,1.715,2.281,2.955,3.665,1.674,1.623,2.230,2.995,3.577,1.900,7.104,1.301,0.495,7.111,1.250,0.494,1.439,179.436,98.699
SYN-000670,2025-01-28T21:00:00+07:00,2.428,275.223,3.181,773.738,0,0,31.723,0,38.150,27.343,35.230,61.956,38.365,26.850,34.970,60.852,37.472,26.312,35.048,61.374,0,0,31.496,0,7.057,25.295,0.311,27.819,194.718,92.039,7.029,8.964,11.657,9.328,1.576,1.671,2.250,2.909,3.552,1.404,1.619,2.275,2.961,3.642,1.747,7.163,1.026,0.479,7.224,1.087,0.474,1.576,193.663,91.896
SYN-000671,2025-01-28T22:00:00+07:00,2.471,268.770,3.172,791.529,0,0,32.348,0,38.996,28.141,36.023,59.753,38.785,25.854,36.121,63.249,38.816,27.849,36.310,59.736,0,0,31.146,0,7.027,26.831,0.267,29.327,203.574,98.049,7.067,10.107,11.505,9.980,1.648,1.669,2.251,2.885,3.567,1.477,1.592,2.312,2.910,3.605,1.819,7.201,1.248,0.506,7.138,1.207,0.459,1.296,207.148,95.904
SYN-000672,2025-01-28T23:00:00+07:00,2.458,265.609,3.192,814.664,0.985,0,31.850,0,39.047,26.249,35.934,62.939,39.750,30.419,35.875,63.021,40.022,30.616,35.797,64.164,0.208,0,31.541,0,7.033,27.632,0.260,29.794,227.246,99.093,7.061,10.110,12.302,10.222,1.691,1.606,2.270,2.956,3.578,1.569,1.690,2.299,2.927,3.529,1.812,7.115,1.172,0.474,7.187,1.159,0.451,1.986,232.519,98.508
SYN-000673,2025-01-29T00:00:00+07:00,2.419,269.075,3.188,819.348,40.241,28.896,34.776,62.646,40.424,29.215,35.944,71.824,41.835,27.633,35.187,63.402,0.334,0,31.469,0,0.250,0,30.672,0,7.047,28.908,0.338,29.543,222.200,105.626,7.127,10.596,12.795,10.543,1.776,1.642,2.386,3.022,3.647,1.733,1.586,2.340,2.902,3.561,1.818,7.118,1.349,0.504,7.199,1.323,0.464,1.404,228.328,107.331
SYN-000674,2025-01-29T01:00:00+07:00,2.505,274.304,3.209,807.205,42.787,30.128,35.492,69.967,42.814,30.701,36.006,72.731,41.984,30.226,35.542,68.795,0,0,31.443,0,0,0,31.643,0,7.052,30.749,0.285,29.136,207.718,97.575,7.056,9.473,12.330,9.027,1.738,1.615,2.275,2.915,3.559,1.781,1.716,2.266,2.982,3.555,1.695,7.149,1.260,0.483,7.160,1.246,0.455,1.425,209.224,98.265
SYN-000675,2025-01-29T02:00:00+07:00,2.468,278.891,3.177,821.989,42.865,29.341,35.892,69.797,42.753,32.378,36.029,69.712,43.554,30.172,36.080,70.591,0.034,0,32.004,0,0.691,0,30.817,0,7.020,26.758,0.289,28.900,205.790,96.368,7.154,10.214,11.260,9.897,1.588,1.617,2.281,2.921,3.677,1.529,1.641,2.288,2.909,3.572,1.647,7.084,1.183,0.468,7.146,1.166,0.478,1.797,204.862,94.675
SYN-000676,2025-01-29T03:00:00+07:00,2.465,266.855,3.254,833.059,42.976,28.819,35.888,66.766,43.903,30.246,36.505,71.347,43.960,31.303,36.144,69.694,0,0,30.707,0,0,0,31.253,0,7.221,33.135,0.260,29.325,188.424,99.144,7.356,11.888,14.154,11.238,1.844,1.707,2.344,2.930,3.583,1.787,1.601,2.260,2.960,3.618,1.900,7.139,1.299,0.436,7.205,1.306,0.475,2.102,195.594,99.325
SYN-000677,2025-01-29T04:00:00+07:00,2.532,280.155,3.229,831.350,43.788,31.833,36.980,68.852,46.497,30.802,36.268,76.445,44.318,32.636,35.795,75.627,0.724,0,31.774,0,0.203,0,31.697,0,7.102,25.485,0.242,28.476,197.583,106.544,7.141,8.162,13.964,8.862,1.524,1.649,2.302,2.939,3.661,1.296,1.679,2.345,2.904,3.555,1.751,7.161,1.043,0.457,7.229,1.057,0.460,2.036,201.987,102.314
SYN-000678,2025-01-29T05:00:00+07:00,2.499,272.687,3.225,844.728,44.741,30.845,36.098,68.169,45.304,31.009,36.503,75.007,44.782,31.192,36.982,75.572,0.403,0,31.301,0,0,0,30.959,0,7.176,26.171,0.281,27.252,191.715,92.334,7.145,8.188,12.164,8.168,1.358,1.627,2.347,2.897,3.571,1.266,1.700,2.366,3.021,3.637,1.450,7.118,0.977,0.417,7.145,0.945,0.557,1.991,195.047,90.039
SYN-000679,2025-01-29T06:00:00+07:00,2.501,273.294,3.218,834.611,43.838,31.728,36.379,68.167,46.339,31.248,36.352,73.312,43.234,29.748,35.247,67.170,0.414,0,31.863,0,0,0,31.815,0,7.232,33.145,0.340,32.618,187.450,100.248,7.243,12.216,12.588,12.135,2.143,1.639,2.345,2.936,3.645,2.192,1.631,2.253,2.983,3.590,2.094,7.139,1.453,0.492,7.151,1.434,0.430,2.489,196.595,101.423
SYN-000680,2025-01-29T07:00:00+07:00,2.524,277.769,3.263,861.591,45.019,27.749,36.146,71.640,44.801,31.866,35.579,72.042,46.038,31.620,36.395,74.282,0.104,0,31.677,0,0,0,30.548,0,7.049,29.103,0.278,30.516,215.762,104.661,7.043,10.855,13.030,10.728,1.787,1.717,2.298,2.942,3.652,1.744,1.657,2.243,2.956,3.588,1.830,7.082,1.253,0.438,7.080,1.201,0.427,2.494,211.896,106.678
SYN-000681,2025-01-29T08:00:00+07:00,2.530,278.761,3.260,813.397,44.713,29.406,35.937,73.996,44.304,31.606,36.752,69.556,0.059,0,31.354,0,0,0,31.401,0,44.094,30.477,35.591,68.074,6.954,30.612,0.309,28.114,212.419,97.530,6.948,10.108,11.161,9.659,1.584,1.684,2.333,2.944,3.527,1.558,1.640,2.315,2.936,3.602,1.610,7.153,1.212,0.517,7.127,1.259,0.471,1.989,209.849,101.419
SYN-000682,2025-01-29T09:00:00+07:00,2.557,281.299,3.192,819.291,43.082,30.978,35.441,71.035,44.791,31.631,36.169,69.965,0,0,31.024,0,0,0,31.160,0,43.175,31.872,36.314,69.933,7.079,29.199,0.303,31.659,215.756,93.686,7.101,9.303,13.783,9.371,1.394,1.665,2.340,2.937,3.584,1.368,1.664,2.332,3.004,3.569,1.421,7.186,1.134,0.525,7.141,1.192,0.476,2.793,213.352,92.866
SYN-000683,2025-01-29T10:00:00+07:00,2.560,271.859,3.212,822.901,42.977,28.862,35.001,72.278,42.870,32.407,35.628,72.382,1.376,0,31.428,0,0,0,31.324,0,43.422,30.409,35.803,71.501,7.136,29.954,0.225,34.125,209.756,96.199,7.131,11.029,13.962,11.038,1.772,1.709,2.246,2.888,3.546,1.734,1.774,2.372,2.945,3.602,1.811,7.124,1.206,0.442,7.211,1.256,0.400,1.982,212.477,95.284
SYN-000684,2025-01-29T11:00:00+07:00,2.633,274.806,3.259,821.275,41.450,28.701,35.686,65.013,41.169,29.575,35.363,63.871,0.762,0,31.376,0,0.914,0,31.763,0,41.064,28.598,35.185,67.415,7.113,26.382,0.273,28.616,232.608,98.573,7.124,10.164,13.405,9.899,1.764,1.544,2.312,2.969,3.624,1.667,1.671,2.377,2.904,3.658,1.861,7.146,1.213,0.451,7.093,1.133,0.498,1.814,231.164,99.420
SYN-000685,2025-01-29T12:00:00+07:00,2.588,278.310,3.211,822.182,41.605,29.465,36.414,64.444,40.377,28.396,35.298,66.967,0,0,31.447,0,0,0,31.237,0,41.423,29.541,35.803,67.673,7.010,25.792,0.289,28.916,215.433,97.799,6.965,9.323,12.069,9.849,1.516,1.751,2.314,2.865,3.598,1.372,1.726,2.350,2.937,3.602,1.659,7.156,1.069,0.435,7.000,1.095,0.440,1.650,210.187,96.958
SYN-000686,2025-01-29T13:00:00+07:00,2.622,273.071,3.263,775.785,39.065,26.558,34.766,63.836,39.553,27.649,35.314,63.410,1.007,0,32.675,0,0.460,0,31.756,0,40.347,26.759,35.711,66.404,6.933,27.984,0.271,28.164,219.428,105.991,6.922,11.578,11.750,11.835,1.947,1.730,2.389,2.950,3.600,1.916,1.651,2.270,2.944,3.497,1.978,7.149,1.447,0.477,7.287,1.477,0.534,1.542,220.480,108.464
SYN-000687,2025-01-29T14:00:00+07:00,2.645,267.795,3.273,815.412,39.545,27.268,35.144,63.189,38.752,28.538,35.686,60.997,0,0,31.147,0,0.900,0,32.145,0,38.642,26.961,35.731,61.229,7.055,31.943,0.272,33.280,189.685,104.180,7.026,12.305,13.543,12.323,2.013,1.679,2.321,3.009,3.599,2.172,1.614,2.259,3.025,3.560,1.854,7.200,1.330,0.461,7.032,1.334,0.444,1.704,194.868,105.683
SYN-000688,2025-01-29T15:00:00+07:00,2.667,282.984,3.300,804.114,39.205,27.789,35.144,61.309,39.236,27.734,34.812,67.209,1.417,0,31.354,0,0,0,31.593,0,38.621,26.540,35.012,60.715,6.932,28.557,0.350,30.740,188.490,92.825,6.951,11.773,14.184,11.610,2.039,1.650,2.255,2.993,3.634,1.912,1.697,2.275,2.852,3.529,2.167,7.248,1.378,0.476,7.198,1.462,0.454,1.984,176.829,90.486
SYN-000689,2025-01-29T16:00:00+07:00,2.647,274.588,3.282,769.737,37.683,28.024,35.263,58.291,0,0,30.853,0,0.928,0,30.568,0,36.649,24.815,35.255,57.362,37.865,27.951,36.217,57.475,7.228,33.252,0.268,36.881,227.369,90.647,7.177,9.834,17.098,9.856,1.665,1.667,2.281,3.009,3.597,1.707,1.665,2.209,2.980,3.586,1.623,7.181,1.328,0.463,7.080,1.381,0.410,2.608,229.144,90.918
SYN-000690,2025-01-29T17:00:00+07:00,2.632,276.168,3.234,789.420,37.152,25.074,34.876,55.475,0.218,0,30.699,0,0,0,31.968,0,38.388,27.475,35.637,61.404,37.703,27.779,35.424,60.454,7.049,26.418,0.264,30.803,190.677,97.523,7.025,9.114,12.738,9.203,1.595,1.711,2.266,2.910,3.587,1.548,1.695,2.347,2.940,3.640,1.642,7.225,1.124,0.532,7.096,1.136,0.459,2.177,191.208,99.209
SYN-000691,2025-01-29T18:00:00+07:00,2.623,276.608,3.278,776.836,36.412,26.104,34.964,60.121,0.094,0,32.337,0,0,0,32.313,0,37.310,26.017,35.464,58.428,37.209,28.779,35.782,59.133,7.082,27.639,0.305,30.576,214.662,95.003,7.185,10.747,13.245,10.862,1.743,1.673,2.382,2.977,3.570,1.550,1.679,2.270,2.993,3.563,1.936,7.156,1.267,0.474,7.213,1.237,0.458,2.331,213.821,98.619
SYN-000692,2025-01-29T19:00:00+07:00,2.719,285.636,3.307,777.475,36.714,25.411,35.305,57.656,0.493,0,31.923,0,0.088,0,31.480,0,37.715,27.348,35.719,61.553,37.549,27.569,34.987,58.063,7.291,33.901,0.252,33.135,203.765,98.039,7.229,13.626,13.923,13.196,2.353,1.675,2.334,2.934,3.507,2.427,1.643,2.205,3.026,3.627,2.280,7.239,1.685,0.499,7.147,1.591,0.408,1.403,201.108,95.794
SYN-000693,2025-01-29T20:00:00+07:00,2.666,276.218,3.285,776.515,36.962,26.814,35.152,56.177,0.123,0,31.812,0,0,0,32.245,0,37.671,27.490,34.672,61.317,36.719,24.862,35.348,55.956,7.100,29.712,0.283,29.411,184.789,95.588,7.033,10.242,11.842,10.083,1.746,1.654,2.323,2.936,3.662,1.838,1.578,2.272,2.891,3.560,1.653,7.109,1.237,0.490,7.090,1.166,0.518,1.726,183.709,97.381
SYN-000694,2025-01-29T21:00:00+07:00,2.716,271.696,3.294,791.531,38.292,26.318,35.762,62.165,0.375,0,31.626,0,0,0,31.561,0,37.470,26.430,35.404,60.362,37.944,26.498,35.188,63.483,7.065,27.996,0.284,31.619,207.792,95.517,7.125,10.102,12.936,10.032,1.665,1.637,2.334,2.924,3.631,1.600,1.603,2.189,2.978,3.578,1.730,7.207,1.063,0.486,7.108,1.095,0.455,2.605,210.373,94.644
SYN-000695,2025-01-29T22:00:00+07:00,2.643,272.315,3.255,805.378,40.931,28.213,35.384,68.772,0.261,0,32.654,0,0,0,31.937,0,39.739,27.182,36.142,62.269,41.026,29.465,36.185,63.915,7.174,27.329,0.250,25.798,214.072,104.721,7.132,10.406,11.232,10.882,1.617,1.717,2.324,2.939,3.580,1.620,1.723,2.320,2.891,3.604,1.615,7.189,1.055,0.452,7.102,1.042,0.475,2.067,213.833,103.474
SYN-000696,2025-01-29T23:00:00+07:00,2.709,281.644,3.303,818.897,40.191,29.233,35.640,62.223,0.063,0,30.820,0,0,0,31.793,0,39.276,27.298,35.729,61.640,40.781,29.808,35.617,63.101,7.097,33.438,0.280,31.687,192.628,91.909,6.999,11.990,12.991,12.456,2.073,1.642,2.354,2.978,3.657,1.959,1.641,2.217,3.002,3.660,2.187,7.096,1.424,0.444,7.134,1.414,0.453,2.145,191.497,92.950
SYN-000697,2025-01-30T00:00:00+07:00,2.731,268.930,3.272,824.572,0,0,31.511,0,0.503,0,31.547,0,39.949,29.371,35.520,67.109,40.602,27.818,35.287,65.803,40.989,30.157,35.477,65.710,6.931,30.429,0.294,31.745,206.954,97.566,6.904,10.228,12.878,10.398,1.780,1.634,2.307,2.916,3.518,1.699,1.631,2.364,2.933,3.618,1.861,7.137,1.220,0.478,7.198,1.180,0.483,1.684,208.355,98.308
SYN-000698,2025-01-30T01:00:00+07:00,2.775,277.785,3.290,822.844,0.899,0,31.068,0,0.045,0,31.697,0,42.563,28.367,35.848,68.352,42.039,28.078,36.181,65.547,42.155,26.939,35.688,65.870,7.108,31.561,0.253,32.939,203.330,104.622,7.125,9.928,13.672,9.628,1.522,1.593,2.397,2.924,3.618,1.607,1.672,2.327,3.022,3.544,1.438,7.149,1.167,0.401,7.160,1.154,0.397,2.508,203.653,103.001
SYN-000699,2025-01-30T02:00:00+07:00,2.757,274.354,3.313,826.738,0,0,31.451,0,0.922,0,31.856,0,43.549,29.845,35.315,70.088,42.064,28.509,36.555,66.019,42.816,28.355,35.562,67.531,7.038,30.991,0.276,26.596,220.395,99.343,6.936,10.314,12.413,10.691,1.598,1.694,2.282,2.931,3.538,1.492,1.683,2.363,2.992,3.580,1.705,7.059,1.119,0.460,7.228,1.065,0.399,1.953,227.129,98.905
SYN-000700,2025-01-30T03:00:00+07:00,2.743,278.990,3.345,863.475,0.242,0,31.326,0,0,0,31.563,0,43.797,29.598,35.902,68.320,43.947,33.251,34.798,71.887,43.427,32.283,36.211,68.571,6.991,34.054,0.301,32.152,226.786,105.620,7.018,12.879,15.300,13.288,2.071,1.573,2.378,2.933,3.542,2.030,1.653,2.214,2.931,3.570,2.113,7.081,1.551,0.467,7.186,1.610,0.433,3.328,222.805,105.476
SYN-000701,2025-01-30T04:00:00+07:00,2.729,279.608,3.315,835.520,0,0,31.250,0,0,0,31.291,0,44.066,29.040,35.622,73.754,43.956,31.613,36.125,71.981,46.055,31.734,35.996,74.349,7.161,33.055,0.271,32.791,203.341,97.824,7.144,11.971,12.067,12.246,2.011,1.663,2.339,2.972,3.566,1.713,1.724,2.279,2.923,3.584,2.309,7.205,1.503,0.542,7.178,1.505,0.530,1.703,207.924,98.592
SYN-000702,2025-01-30T05:00:00+07:00,2.741,274.273,3.295,830.778,0.835,0,30.361,0,0.200,0,31.392,0,43.365,29.555,36.174,67.396,45.462,30.831,35.592,72.843,45.224,30.892,35.874,69.006,7.091,30.178,0.273,29.413,180.086,94.992,7.109,10.475,12.625,10.531,1.888,1.618,2.257,3.002,3.652,1.715,1.665,2.284,2.972,3.546,2.061,7.097,1.423,0.534,7.121,1.454,0.400,2.385,173.578,94.650
SYN-000703,2025-01-30T06:00:00+07:00,2.756,268.773,3.295,845.884,0,0,30.850,0,0,0,31.611,0,45.172,29.500,36.664,72.081,44.969,31.531,36.711,74.137,44.743,29.755,35.729,71.516,7.125,33.729,0.260,34.093,210.201,99.151,7.198,14.318,14.511,14.146,2.460,1.615,2.386,2.949,3.579,2.575,1.663,2.397,2.943,3.666,2.344,7.149,1.839,0.537,7.137,1.775,0.420,1.809,204.988,100.881
SYN-000704,2025-01-30T07:00:00+07:00,2.764,281.762,3.317,842.495,2.039,0,31.258,0,0.301,0,31.868,0,44.269,30.109,36.060,72.269,45.633,30.913,36.633,73.548,43.997,31.518,35.743,70.263,7.059,29.743,0.259,31.255,226.163,108.028,7.128,10.676,12.098,11.411,1.764,1.678,2.256,2.991,3.589,1.734,1.641,2.307,2.946,3.521,1.794,7.187,1.209,0.458,7.265,1.256,0.482,2.207,217.137,110.477
SYN-000705,2025-01-30T08:00:00+07:00,2.751,279.665,3.345,870.000,0.497,0,31.805,0,44.923,30.714,36.692,68.447,45.416,30.850,35.932,76.255,45.135,30.712,35.883,68.329,0.608,0,31.527,0,7.076,32.351,0.296,32.291,206.291,103.043,7.157,12.494,14.764,11.967,2.112,1.749,2.326,2.991,3.605,1.956,1.621,2.343,2.873,3.630,2.267,7.222,1.653,0.486,7.112,1.694,0.481,1.987,207.997,99.554
SYN-000706,2025-01-30T09:00:00+07:00,2.675,276.330,3.329,837.964,0.473,0,31.428,0,43.715,31.107,35.067,66.585,43.928,29.969,35.891,69.260,43.240,28.893,36.137,76.385,0,0,31.345,0,7.080,30.344,0.377,33.001,196.847,92.842,7.084,10.646,11.986,11.220,1.670,1.722,2.267,2.904,3.561,1.500,1.603,2.411,2.960,3.617,1.841,7.094,1.104,0.506,7.139,1.091,0.476,1.659,198.373,95.122
SYN-000707,2025-01-30T10:00:00+07:00,2.808,273.664,3.406,810.383,0.013,0,30.993,0,44.007,32.798,35.425,69.021,43.032,32.024,36.897,67.069,41.250,29.631,35.965,66.214,0,0,31.751,0,7.122,34.987,0.238,31.044,205.053,95.497,7.039,12.552,13.946,11.953,1.974,1.528,2.347,2.998,3.657,1.875,1.646,2.280,2.931,3.590,2.073,7.153,1.362,0.464,7.143,1.361,0.507,1.807,199.506,97.802
SYN-000708,2025-01-30T11:00:00+07:00,2.734,280.579,3.324,822.807,0,0,32.019,0,41.625,29.416,36.097,67.899,41.788,30.311,34.915,62.405,40.978,28.234,35.577,66.579,0,0,32.273,0,7.261,35.470,0.307,35.425,212.111,102.097,7.202,11.777,14.729,11.482,1.999,1.613,2.300,2.923,3.591,1.817,1.634,2.283,2.980,3.636,2.182,7.178,1.518,0.518,7.138,1.541,0.471,2.372,211.809,98.090
SYN-000709,2025-01-30T12:00:00+07:00,2.825,283.347,3.309,799.911,0,0,30.507,0,41.086,28.160,35.177,64.067,41.776,28.334,35.801,69.402,42.112,28.450,35.883,67.839,0.489,0,31.608,0,7.104,33.470,0.253,30.691,210.240,105.645,7.218,10.572,12.172,11.065,1.666,1.695,2.299,2.973,3.606,1.717,1.680,2.282,2.894,3.548,1.616,7.206,1.224,0.462,7.193,1.199,0.479,1.612,211.003,105.538
SYN-000710,2025-01-30T13:00:00+07:00,2.866,273.399,3.378,807.276,0,0,31.650,0,39.134,27.104,35.127,61.001,40.665,29.501,35.420,67.393,41.073,29.553,34.921,62.221,0.220,0,30.941,0,6.969,32.619,0.291,32.470,198.674,104.832,6.955,12.503,14.758,12.571,1.997,1.658,2.284,3.033,3.591,2.040,1.642,2.275,2.905,3.609,1.954,7.194,1.501,0.512,7.104,1.475,0.457,2.131,192.989,104.245
SYN-000711,2025-01-30T14:00:00+07:00,2.762,279.706,3.363,785.729,0.697,0,31.729,0,38.947,28.183,35.857,64.232,39.438,27.647,36.076,60.187,39.323,28.086,34.995,65.536,0,0,30.077,0,7.062,30.869,0.318,30.303,211.803,96.941,7.042,11.456,12.859,12.437,2.113,1.674,2.307,2.983,3.633,1.909,1.662,2.329,2.988,3.563,2.318,7.181,1.477,0.431,7.100,1.430,0.503,2.152,210.403,100.242
SYN-000712,2025-01-30T15:00:00+07:00,2.756,274.860,3.335,790.848,0.128,0,31.783,0,38.418,26.415,35.092,63.135,38.651,27.148,35.528,61.505,39.884,28.609,35.780,65.094,0,0,31.426,0,7.064,32.688,0.288,31.967,207.806,100.977,7.121,11.676,15.529,12.014,1.931,1.641,2.339,2.903,3.594,1.950,1.688,2.291,2.966,3.635,1.913,7.179,1.381,0.488,7.191,1.317,0.450,2.369,212.819,104.111
SYN-000713,2025-01-30T16:00:00+07:00,2.777,276.527,3.303,775.996,36.475,26.699,35.095,54.102,37.787,27.057,35.505,59.682,36.783,26.159,35.017,58.337,0.148,0,31.892,0,1.287,0,31.881,0,7.017,27.237,0.230,29.233,205.374,105.944,6.950,9.916,12.766,10.082,1.657,1.693,2.296,2.879,3.618,1.683,1.638,2.351,2.886,3.583,1.631,7.141,1.236,0.565,7.165,1.203,0.468,2.216,204.080,105.912
SYN-000714,2025-01-30T17:00:00+07:00,2.788,274.923,3.312,805.949,37.806,26.889,35.329,61.238,36.729,27.673,34.587,57.530,37.604,26.731,34.569,64.243,0,0,31.747,0,0.031,0,32.019,0,7.104,25.031,0.286,26.148,194.081,97.459,7.049,8.656,10.627,8.329,1.392,1.617,2.299,3.058,3.631,1.438,1.593,2.362,2.891,3.498,1.345,7.197,0.994,0.472,7.144,1.029,0.493,1.687,201.786,98.127
SYN-000715,2025-01-30T18:00:00+07:00,2.833,279.040,3.345,795.045,38.134,27.773,35.736,59.546,36.727,25.820,35.013,55.794,36.071,26.531,35.076,54.990,0,0,32.510,0,0.680,0,31.253,0,7.125,34.536,0.263,30.675,210.472,95.140,7.259,12.496,12.373,12.279,2.053,1.677,2.333,2.970,3.588,2.246,1.727,2.222,2.968,3.567,1.860,7.107,1.431,0.481,7.198,1.484,0.556,1.772,216.257,93.056
SYN-000716,2025-01-30T19:00:00+07:00,2.793,274.679,3.301,772.173,35.922,24.515,35.346,58.220,36.462,24.731,34.866,59.513,36.949,26.797,35.584,58.438,0.622,0,31.200,0,1.733,0,32.092,0,7.187,31.132,0.243,30.578,186.013,107.520,7.187,11.457,12.558,10.184,1.982,1.678,2.279,2.966,3.585,1.934,1.722,2.231,2.923,3.584,2.030,7.179,1.278,0.509,7.109,1.305,0.503,1.477,183.605,109.848
SYN-000717,2025-01-30T20:00:00+07:00,2.817,272.149,3.348,779.024,38.135,26.082,34.913,61.167,38.448,26.725,35.810,63.750,37.720,26.074,35.676,58.592,0.672,0,31.434,0,0.455,0,31.916,0,7.168,33.281,0.316,31.291,206.789,99.349,7.214,11.886,13.162,11.586,2.091,1.739,2.286,2.909,3.645,2.114,1.693,2.325,2.954,3.606,2.068,7.020,1.400,0.384,7.161,1.319,0.450,1.937,204.424,100.788
SYN-000718,2025-01-30T21:00:00+07:00,2.733,282.022,3.292,796.968,37.741,25.350,35.563,61.787,37.665,28.209,36.074,60.564,37.788,28.749,35.320,58.658,0.277,0,31.205,0,0,0,32.149,0,7.099,30.847,0.279,32.393,198.123,99.900,7.190,11.935,14.379,11.726,1.744,1.656,2.327,2.924,3.552,1.712,1.647,2.241,2.906,3.643,1.776,7.190,1.260,0.459,7.205,1.378,0.458,2.438,201.277,102.782
SYN-000719,2025-01-30T22:00:00+07:00,2.797,283.470,3.323,795.442,38.035,26.939,34.746,59.404,38.857,28.598,35.411,62.309,37.899,26.069,35.043,58.658,0.348,0,32.187,0,0.014,0,31.546,0,7.092,30.250,0.308,34.574,225.561,93.645,7.059,10.533,14.317,10.687,1.749,1.676,2.340,2.936,3.627,1.554,1.693,2.305,2.941,3.559,1.944,7.176,1.303,0.522,7.153,1.247,0.416,1.718,226.535,93.744
SYN-000720,2025-01-30T23:00:00+07:00,2.747,273.316,3.337,826.779,41.405,28.970,35.728,61.365,41.290,27.446,36.256,65.586,39.790,27.613,35.941,63.733,0.096,0,31.014,0,0,0,31.797,0,7.164,28.610,0.276,28.806,217.328,101.976,7.204,10.934,13.790,10.737,1.894,1.581,2.327,2.971,3.667,1.948,1.644,2.249,2.931,3.604,1.839,7.127,1.279,0.514,7.123,1.228,0.442,2.730,213.342,103.719
SYN-000721,2025-01-31T00:00:00+07:00,2.866,279.801,3.383,781.187,41.184,28.784,34.922,68.500,41.122,28.856,35.332,66.784,0.799,0,32.174,0,0,0,31.952,0,41.070,29.913,35.921,65.206,7.071,29.136,0.233,27.026,222.108,101.901,6.983,11.233,11.849,10.872,1.765,1.696,2.332,2.967,3.648,1.714,1.697,2.346,2.956,3.516,1.817,7.212,1.234,0.459,7.083,1.250,0.455,2.406,223.776,101.209
SYN-000722,2025-01-31T01:00:00+07:00,2.730,276.056,3.348,814.415,42.238,30.417,35.328,67.429,43.447,29.760,35.527,70.999,0,0,31.660,0,0,0,32.114,0,41.830,28.351,35.743,68.503,6.934,28.841,0.251,28.316,210.469,106.230,6.941,9.924,13.436,10.430,1.785,1.617,2.327,3.003,3.659,1.798,1.730,2.228,3.012,3.684,1.771,7.167,1.170,0.473,7.107,1.200,0.462,1.877,209.198,109.870
SYN-000723,2025-01-31T02:00:00+07:00,2.823,266.068,3.360,819.312,43.609,30.736,36.032,70.664,42.601,29.857,35.867,65.874,0.126,0,31.940,0,0.750,0,31.117,0,42.888,27.963,35.731,67.391,7.128,27.718,0.302,27.999,212.029,102.713,7.096,9.305,11.743,9.836,1.691,1.619,2.340,2.934,3.583,1.736,1.633,2.245,2.940,3.671,1.647,7.156,1.236,0.482,7.140,1.246,0.463,2.017,207.927,98.410
SYN-000724,2025-01-31T03:00:00+07:00,2.805,264.223,3.357,829.133,44.605,32.067,35.888,66.609,43.493,30.290,35.429,72.047,0,0,32.032,0,0.328,0,31.086,0,43.763,26.693,35.525,71.249,6.886,30.668,0.358,28.824,189.465,103.481,6.944,11.696,12.405,10.870,1.701,1.625,2.310,3.012,3.578,1.626,1.704,2.267,2.930,3.548,1.775,7.205,1.100,0.578,7.137,1.092,0.466,1.543,189.207,103.092
SYN-000725,2025-01-31T04:00:00+07:00,2.782,265.519,3.340,842.727,44.163,29.218,36.021,65.579,45.656,31.422,35.710,70.869,0.096,0,31.853,0,0.444,0,31.293,0,44.413,30.615,35.700,69.422,7.099,35.995,0.281,30.620,190.350,96.800,7.129,14.077,14.032,13.941,2.334,1.634,2.366,3.004,3.563,2.223,1.567,2.314,2.945,3.622,2.445,7.183,1.691,0.480,7.111,1.674,0.456,2.866,193.740,99.314
SYN-000726,2025-01-31T05:00:00+07:00,2.743,275.971,3.294,870.377,44.387,31.228,36.243,67.120,43.353,30.753,36.131,71.887,0.442,0,31.465,0,0.153,0,31.088,0,45.275,32.354,36.215,72.073,7.073,30.158,0.285,32.711,216.996,105.360,7.032,9.372,14.660,8.975,1.646,1.643,2.343,3.002,3.559,1.627,1.667,2.268,2.956,3.643,1.666,7.210,1.211,0.509,7.191,1.234,0.469,2.986,215.110,105.075
SYN-000727,2025-01-31T06:00:00+07:00,2.754,277.030,3.341,837.186,46.066,29.432,36.261,77.143,44.112,31.150,36.666,70.663,0,0,31.887,0,0,0,31.875,0,44.983,32.216,35.133,71.969,7.114,30.591,0.301,33.503,219.464,98.731,7.078,11.917,14.282,12.296,1.942,1.659,2.299,2.934,3.564,1.869,1.596,2.197,2.954,3.558,2.014,7.162,1.401,0.521,7.159,1.383,0.435,3.120,214.973,98.616
SYN-000728,2025-01-31T07:00:00+07:00,2.708,274.132,3.306,845.924,44.579,31.779,36.394,72.402,44.707,29.797,35.734,67.907,0,0,31.793,0,0,0,30.815,0,44.776,32.554,35.957,72.358,7.183,31.570,0.327,30.228,183.397,103.651,7.192,10.978,13.398,11.149,1.965,1.642,2.323,2.943,3.574,1.811,1.646,2.217,2.916,3.590,2.120,7.099,1.424,0.530,7.079,1.424,0.468,1.904,175.563,104.104
SYN-000729,2025-01-31T08:00:00+07:00,2.752,276.686,3.298,817.921,44.925,32.248,36.025,73.564,0.502,0,31.161,0,0.324,0,30.831,0,43.763,30.781,35.207,72.142,43.970,30.487,35.440,68.084,7.071,29.011,0.300,30.887,191.243,90.202,7.099,11.037,13.136,11.252,1.876,1.590,2.230,2.934,3.522,1.708,1.683,2.345,2.981,3.643,2.045,7.168,1.189,0.476,6.994,1.170,0.530,1.884,182.297,93.265
SYN-000730,2025-01-31T09:00:00+07:00,2.731,268.756,3.273,841.175,44.720,32.167,36.327,69.361,0,0,30.852,0,0,0,31.780,0,44.591,30.028,36.424,75.081,43.837,29.337,35.680,73.046,6.924,28.316,0.273,30.282,213.814,94.994,6.878,11.744,12.878,11.966,1.992,1.700,2.281,2.959,3.672,2.041,1.663,2.359,2.943,3.650,1.943,7.186,1.470,0.526,7.217,1.381,0.474,1.792,215.018,96.226
SYN-000731,2025-01-31T10:00:00+07:00,2.740,263.989,3.281,823.600,42.690,29.087,35.114,71.319,0.002,0,31.496,0,0.190,0,31.435,0,42.354,30.030,36.861,66.877,44.019,29.582,35.497,70.030,7.076,30.407,0.266,30.833,226.199,90.169,7.144,11.899,13.316,12.139,1.892,1.637,2.313,2.961,3.586,1.960,1.647,2.274,2.945,3.582,1.824,7.133,1.375,0.420,7.223,1.362,0.490,2.025,221.671,89.772
SYN-000732,2025-01-31T11:00:00+07:00,2.729,271.005,3.300,812.823,41.817,28.591,35.426,70.161,1.259,0,31.344,0,0,0,31.753,0,43.648,31.620,35.833,68.673,41.396,26.575,36.156,67.130,6.971,31.945,0.331,31.182,208.513,91.544,6.861,10.338,13.315,10.425,1.526,1.596,2.293,2.945,3.668,1.394,1.573,2.191,2.883,3.594,1.659,7.111,1.164,0.489,7.100,1.236,0.518,2.157,206.657,91.439
SYN-000733,2025-01-31T12:00:00+07:00,2.717,267.549,3.294,830.875,41.167,26.832,35.151,65.567,0,0,31.466,0,0,0,30.741,0,42.077,29.896,35.823,66.246,40.433,28.120,35.301,69.925,6.934,28.273,0.268,27.792,198.386,91.941,6.940,10.156,11.535,9.318,1.842,1.651,2.227,2.880,3.580,1.726,1.711,2.293,2.955,3.611,1.957,6.969,1.328,0.458,7.212,1.308,0.433,1.876,193.777,93.407
SYN-000734,2025-01-31T13:00:00+07:00,2.682,275.534,3.260,800.825,40.464,29.301,35.965,61.948,0.630,0,32.272,0,0.809,0,31.301,0,40.085,27.906,35.345,65.720,39.266,25.878,34.709,65.231,7.119,23.829,0.234,28.961,183.778,100.277,7.140,7.759,13.596,7.606,1.385,1.638,2.335,2.993,3.599,1.077,1.668,2.282,2.966,3.611,1.693,7.223,1.072,0.459,7.188,1.066,0.415,3.136,177.737,99.618
SYN-000735,2025-01-31T14:00:00+07:00,2.758,273.901,3.271,790.100,38.940,27.590,35.195,62.004,0.856,0,31.454,0,0.560,0,31.975,0,39.906,26.326,35.328,65.434,39.544,27.738,36.301,59.137,7.056,31.400,0.267,32.869,216.347,95.651,7.022,11.333,16.409,12.215,1.854,1.624,2.224,2.970,3.729,1.685,1.666,2.346,2.962,3.590,2.023,7.190,1.305,0.463,7.108,1.244,0.456,2.764,220.948,97.867
SYN-000736,2025-01-31T15:00:00+07:00,2.707,274.194,3.276,801.993,38.214,25.290,35.984,63.814,0.822,0,31.075,0,0.387,0,30.757,0,38.072,26.905,35.013,61.554,38.146,28.578,35.263,62.175,7.017,26.366,0.293,30.013,185.203,108.594,7.021,8.560,14.501,9.279,1.340,1.673,2.357,3.001,3.589,1.292,1.725,2.247,2.917,3.606,1.388,7.221,1.008,0.436,7.121,1.005,0.478,2.734,178.948,107.068
SYN-000737,2025-01-31T16:00:00+07:00,2.688,274.438,3.319,774.995,0,0,32.252,0,0.272,0,31.507,0,37.221,26.913,35.331,55.978,37.292,26.294,34.838,60.299,37.165,25.657,35.562,58.328,6.990,25.226,0.281,31.154,174.558,102.118,7.076,10.331,14.006,10.177,1.715,1.677,2.272,2.918,3.507,1.578,1.673,2.281,2.879,3.558,1.853,7.196,1.231,0.440,7.003,1.262,0.444,2.543,179.155,99.640
SYN-000738,2025-01-31T17:00:00+07:00,2.683,272.257,3.319,779.756,0.482,0,31.436,0,0.818,0,31.356,0,37.631,27.053,35.148,57.967,37.617,25.778,34.835,58.574,38.329,28.070,35.170,63.507,7.016,24.203,0.276,26.894,197.454,104.299,6.982,10.282,11.239,11.385,1.705,1.691,2.282,2.967,3.638,1.615,1.686,2.320,2.917,3.587,1.795,7.158,1.327,0.554,7.125,1.357,0.451,1.774,204.802,105.732
SYN-000739,2025-01-31T18:00:00+07:00,2.753,268.192,3.262,750.552,0,0,32.061,0,0,0,31.390,0,36.374,25.985,34.636,58.628,36.702,27.495,35.590,59.322,37.896,26.857,35.244,61.054,7.213,29.443,0.274,32.709,206.805,91.882,7.167,11.025,14.936,11.411,1.819,1.602,2.269,2.904,3.591,1.657,1.566,2.328,2.881,3.590,1.981,7.119,1.419,0.458,7.173,1.408,0.422,2.415,206.728,87.432
SYN-000740,2025-01-31T19:00:00+07:00,2.666,273.736,3.242,784.070,0.728,0,31.589,0,0.251,0,31.411,0,36.688,25.656,34.457,57.533,35.622,25.825,34.668,58.477,37.036,26.142,35.163,59.828,6.852,28.659,0.304,29.362,199.645,97.336,6.891,10.644,12.677,9.895,1.638,1.642,2.254,2.890,3.553,1.521,1.632,2.342,2.939,3.575,1.756,7.173,1.170,0.513,7.172,1.196,0.428,1.692,192.157,100.595
SYN-000741,2025-01-31T20:00:00+07:00,2.646,265.393,3.293,771.750,0.404,0,31.049,0,0.117,0,30.965,0,38.227,26.725,35.473,62.485,37.236,26.766,35.345,65.679,37.100,27.215,34.589,57.926,7.082,26.570,0.300,28.680,211.586,99.483,7.048,8.093,11.685,8.143,1.390,1.672,2.211,2.963,3.549,1.282,1.626,2.299,2.876,3.661,1.498,7.138,0.906,0.514,7.111,0.854,0.472,1.918,214.210,98.898
SYN-000742,2025-01-31T21:00:00+07:00,2.576,280.710,3.262,775.631,0.325,0,32.077,0,0.668,0,31.215,0,39.593,27.842,35.607,64.249,38.542,26.923,35.194,59.656,38.985,25.752,35.453,60.261,7.007,29.161,0.293,32.197,221.771,100.090,6.995,11.099,12.947,11.800,1.687,1.659,2.268,2.898,3.508,1.695,1.657,2.325,3.004,3.631,1.679,7.175,1.225,0.529,7.124,1.247,0.456,3.217,218.758,101.332
SYN-000743,2025-01-31T22:00:00+07:00,2.650,265.863,3.249,788.796,0.267,0,32.288,0,0.278,0,32.360,0,39.212,26.123,35.584,63.842,38.884,29.141,34.546,61.571,39.414,29.527,35.319,60.502,7.111,30.983,0.290,33.804,202.969,93.895,7.128,11.916,14.732,11.540,1.945,1.696,2.358,2.884,3.641,1.963,1.610,2.329,2.966,3.608,1.928,7.161,1.363,0.460,7.160,1.368,0.329,2.127,204.909,96.031
SYN-000744,2025-01-31T23:00:00+07:00,2.596,270.255,3.291,795.024,0.152,0,31.320,0,0,0,31.034,0,39.708,29.270,35.251,60.849,38.907,27.245,35.461,59.109,39.408,26.559,34.933,60.149,7.075,25.846,0.303,31.727,226.809,84.631,7.019,9.059,13.378,8.973,1.634,1.672,2.279,2.965,3.668,1.583,1.595,2.168,2.986,3.620,1.684,7.162,1.187,0.459,7.197,1.258,0.515,1.927,226.034,81.233
SYN-000745,2025-02-01T00:00:00+07:00,2.594,270.634,3.290,836.222,0.991,0,31.057,0,40.561,28.798,35.965,61.598,40.025,29.127,34.551,64.774,40.439,28.307,35.599,63.146,0,0,31.656,0,7.005,26.321,0.312,31.079,206.499,102.873,6.953,10.287,13.572,9.741,1.521,1.612,2.299,2.922,3.600,1.436,1.555,2.319,2.955,3.622,1.605,7.130,1.198,0.482,7.135,1.208,0.471,1.902,202.950,104.365
SYN-000746,2025-02-01T01:00:00+07:00,2.598,275.193,3.227,816.942,0,0,31.378,0,41.167,28.678,36.007,66.086,41.887,27.321,36.151,62.517,42.659,29.670,35.610,69.670,0.244,0,30.934,0,7.069,25.900,0.264,27.473,209.147,95.142,7.039,9.362,14.434,9.511,1.590,1.689,2.361,2.996,3.584,1.560,1.712,2.339,2.908,3.609,1.620,7.119,1.172,0.419,7.109,1.227,0.443,2.524,197.590,94.731
SYN-000747,2025-02-01T02:00:00+07:00,2.557,269.757,3.236,832.652,0,0,31.945,0,43.845,29.758,34.984,69.320,42.984,29.309,35.713,66.971,43.290,28.155,35.937,68.516,1.023,0,30.869,0,7.043,23.949,0.277,28.406,199.525,105.161,6.956,8.933,13.093,9.601,1.404,1.566,2.272,2.888,3.603,1.417,1.615,2.317,2.942,3.569,1.391,7.184,0.996,0.462,7.028,0.994,0.433,1.803,197.998,106.847
SYN-000748,2025-02-01T03:00:00+07:00,2.554,272.772,3.230,848.561,0.578,0,32.006,0,43.863,29.954,35.733,70.968,43.673,29.847,35.962,68.510,43.902,30.951,35.981,69.739,0,0,32.001,0,7.005,22.626,0.262,28.093,208.553,91.352,7.029,7.326,12.845,7.956,1.254,1.660,2.371,2.989,3.530,1.328,1.597,2.276,2.882,3.582,1.180,7.155,0.912,0.441,7.259,0.914,0.456,2.103,193.570,90.765
SYN-000749,2025-02-01T04:00:00+07:00,2.609,262.876,3.277,852.775,0.915,0,31.197,0,43.271,30.511,35.682,63.044,45.103,31.152,35.795,71.906,44.795,31.992,36.150,73.569,0,0,31.785,0,7.034,23.394,0.271,26.267,198.317,99.124,6.995,8.373,12.478,8.262,1.284,1.695,2.376,2.949,3.554,1.308,1.550,2.315,2.983,3.631,1.260,7.187,1.074,0.509,7.160,1.105,0.489,2.662,208.029,97.236
SYN-000750,2025-02-01T05:00:00+07:00,2.471,270.994,3.243,826.884,1.186,0,31.564,0,45.213,30.652,35.719,69.398,45.765,31.515,35.645,66.888,44.067,32.279,36.159,74.085,0,0,30.669,0,7.108,22.371,0.263,29.401,192.460,106.481,7.023,8.406,11.296,7.994,1.346,1.703,2.266,2.975,3.648,1.368,1.565,2.385,2.951,3.571,1.325,7.195,1.062,0.477,7.223,1.073,0.446,1.842,194.810,103.899
SYN-000751,2025-02-01T06:00:00+07:00,2.529,980.000,3.238,832.900,0.310,0,32.057,0,45.699,30.102,35.781,74.978,45.291,29.882,36.114,71.869,46.339,32.356,35.618,75.786,0,0,31.948,0,6.985,27.573,0.212,27.501,199.973,95.707,6.980,10.256,13.296,10.448,1.594,1.694,2.259,2.981,3.551,1.628,1.646,2.273,2.911,3.587,1.559,7.127,1.142,0.440,7.220,1.059,0.447,2.536,199.118,98.384
SYN-000752,2025-02-01T07:00:00+07:00,2.451,276.889,3.205,862.361,0.939,0,32.501,0,44.638,29.959,36.175,71.915,45.086,30.706,35.957,70.689,45.093,30.530,35.878,74.099,0.538,0,31.418,0,7.127,23.315,0.310,28.474,212.064,103.738,7.196,7.139,10.810,7.166,1.113,1.599,2.400,2.941,3.607,1.199,1.696,2.227,2.949,3.644,1.027,7.217,0.931,0.395,7.078,0.942,0.488,2.251,215.851,99.325
SYN-000753,2025-02-01T08:00:00+07:00,2.421,261.587,3.237,805.830,44.897,31.118,35.812,71.215,44.226,31.423,35.110,68.918,45.102,30.505,35.954,69.529,0.400,0,31.522,0,0,0,31.543,0,7.033,22.465,0.257,24.604,187.858,93.520,6.968,7.307,11.165,7.172,1.291,1.611,2.259,2.946,3.607,1.356,1.628,2.409,2.930,3.572,1.226,7.140,1.116,0.470,7.160,1.128,0.412,2.383,185.129,92.785
SYN-000754,2025-02-01T09:00:00+07:00,2.526,270.648,3.210,836.891,43.610,29.604,35.955,68.739,43.020,30.141,35.993,65.701,44.069,31.203,36.561,69.941,1.030,0,31.683,0,0.198,0,32.041,0,6.900,22.423,0.246,27.511,221.384,104.047,6.908,7.616,11.482,7.950,1.400,1.691,2.249,2.889,3.700,1.414,1.644,2.404,2.971,3.651,1.386,7.161,0.899,0.472,7.215,0.947,0.562,2.045,221.223,106.051
SYN-000755,2025-02-01T10:00:00+07:00,2.482,263.188,3.191,810.733,44.015,30.506,36.474,69.735,44.138,32.037,35.441,75.188,43.477,29.749,35.279,69.730,0.688,0,32.822,0,0,0,31.047,0,6.856,19.880,0.217,25.229,219.541,91.836,6.886,8.083,10.514,8.484,1.431,1.685,2.253,2.927,3.564,1.544,1.661,2.298,2.975,3.616,1.318,7.162,0.979,0.500,7.100,0.943,0.578,2.408,227.035,92.009
SYN-000756,2025-02-01T11:00:00+07:00,2.462,267.020,3.243,812.913,40.765,28.149,35.709,61.487,42.180,28.521,35.837,68.097,41.031,29.100,35.594,64.193,0.728,0,32.341,0,0.500,0,31.081,0,7.269,26.579,0.371,30.365,223.641,99.604,7.261,9.330,13.296,9.146,1.410,1.739,2.282,2.942,3.502,1.351,1.610,2.309,2.913,3.609,1.470,7.140,0.869,0.523,7.086,0.908,0.456,1.478,226.656,95.381
SYN-000757,2025-02-01T12:00:00+07:00,2.422,268.008,3.170,808.624,40.269,28.502,35.132,62.441,40.504,28.213,36.235,62.428,41.698,28.307,34.970,67.150,1.160,0,32.120,0,0.084,0,31.205,0,7.083,24.849,0.286,23.466,203.019,114.060,7.119,8.737,11.308,9.140,1.558,1.595,2.301,2.942,3.561,1.560,1.559,2.199,2.943,3.606,1.556,7.082,1.113,0.503,7.150,1.089,0.424,1.605,202.805,117.490
SYN-000758,2025-02-01T13:00:00+07:00,2.389,265.827,3.195,816.980,39.717,27.470,36.134,65.818,38.989,28.150,35.805,66.353,39.496,26.988,36.025,62.575,0,0,30.969,0,0,0,31.971,0,7.104,24.222,0.238,28.910,181.556,100.492,7.111,7.681,13.522,7.277,1.199,1.670,2.295,2.932,3.593,0.988,1.661,2.361,2.904,3.677,1.409,7.152,0.934,0.524,7.077,0.918,0.531,2.814,179.518,99.601
SYN-000759,2025-02-01T14:00:00+07:00,2.436,274.741,3.194,791.295,39.163,27.884,35.682,62.986,38.208,26.256,34.898,60.452,38.819,27.081,35.686,60.746,0,0,31.629,0,0.196,0,31.471,0,7.235,22.109,0.276,24.611,189.735,88.344,7.238,8.651,11.155,8.557,1.502,1.636,2.243,3.010,3.580,1.493,1.590,2.272,2.947,3.575,1.511,7.086,1.065,0.499,7.066,1.022,0.446,2.153,193.591,88.687
SYN-000760,2025-02-01T15:00:00+07:00,2.446,253.269,3.178,800.982,36.868,24.464,34.803,58.915,38.748,27.689,36.001,66.511,37.845,29.112,36.144,61.372,0.432,0,31.607,0,0.638,0,31.427,0,6.889,19.749,0.249,25.746,194.862,97.919,6.798,7.419,9.692,7.398,1.207,1.599,2.298,2.916,3.526,1.389,1.704,2.328,2.951,3.661,1.025,7.214,0.999,0.450,7.047,1.006,0.437,1.986,200.278,95.347
SYN-000761,2025-02-01T16:00:00+07:00,2.421,274.466,3.108,766.784,37.308,26.200,34.971,62.648,37.961,26.693,35.817,60.047,0.942,0,32.045,0,0,0,31.251,0,38.223,26.877,35.770,58.668,7.059,17.671,0.310,25.201,208.516,98.745,7.157,7.991,10.775,7.515,1.248,1.689,2.361,2.904,3.714,1.318,1.676,2.313,2.990,3.540,1.178,7.087,1.014,0.495,7.129,1.043,0.428,1.151,204.349,98.998
SYN-000762,2025-02-01T17:00:00+07:00,2.386,271.262,3.135,786.453,36.952,25.564,35.433,57.272,36.634,25.970,34.987,58.806,0.062,0,31.173,0,0,0,31.690,0,37.792,26.112,34.936,63.585,7.054,25.021,0.282,28.922,190.127,101.818,7.009,9.239,12.819,9.981,1.368,1.663,2.216,2.965,3.568,1.318,1.686,2.284,2.911,3.663,1.417,7.068,0.997,0.417,7.085,0.980,0.450,1.616,184.819,103.230
SYN-000763,2025-02-01T18:00:00+07:00,2.359,268.965,3.209,766.630,35.110,26.138,34.797,56.426,36.713,26.824,35.068,57.213,0,0,31.409,0,0,0,31.622,0,36.859,26.646,35.507,61.880,7.108,21.305,0.201,28.439,189.559,98.208,7.177,7.694,13.939,7.613,1.388,1.663,2.308,2.921,3.638,1.267,1.635,2.269,2.980,3.642,1.509,7.174,0.986,0.418,7.148,1.000,0.490,2.171,189.403,98.121
SYN-000764,2025-02-01T19:00:00+07:00,2.356,259.910,3.216,740.325,37.840,26.229,35.631,62.076,37.580,25.175,34.864,62.334,0.523,0,31.554,0,1.241,0,31.529,0,37.113,27.142,35.312,56.726,6.917,24.718,0.299,26.902,206.717,99.723,6.995,10.378,12.772,10.896,1.511,1.678,2.278,3.011,3.578,1.386,1.656,2.270,2.906,3.558,1.636,7.228,1.110,0.528,7.149,1.069,0.429,1.868,213.009,98.184
SYN-000765,2025-02-01T20:00:00+07:00,2.322,264.468,3.155,790.312,37.631,26.554,36.300,58.492,37.972,27.611,35.629,58.435,0,0,31.674,0,0,0,32.333,0,37.505,26.999,35.637,62.437,6.905,21.561,0.284,29.231,236.941,104.144,6.953,6.845,13.763,6.221,1.280,1.568,2.258,2.918,3.652,1.290,1.694,2.313,2.947,3.534,1.270,7.176,0.772,0.499,7.180,0.759,0.440,2.182,243.419,103.279
SYN-000766,2025-02-01T21:00:00+07:00,2.313,262.522,3.162,774.351,37.096,27.286,35.292,57.732,37.624,27.973,34.668,59.471,0,0,31.435,0,0,0,31.948,0,37.323,25.646,35.156,59.270,7.012,19.413,0.291,25.529,198.979,94.359,6.976,9.184,10.355,9.806,1.460,1.671,2.357,2.931,3.632,1.345,1.728,2.333,3.021,3.652,1.575,7.173,0.949,0.472,7.180,0.979,0.534,1.809,201.132,95.748
SYN-000767,2025-02-01T22:00:00+07:00,2.346,265.756,3.172,809.925,39.138,26.787,35.110,63.372,38.710,26.533,35.160,61.044,1.485,0,31.422,0,0,0,31.847,0,38.565,26.815,35.564,67.624,7.030,18.718,0.323,22.839,204.609,88.098,7.040,6.655,11.731,6.962,1.277,1.661,2.324,2.960,3.597,1.403,1.654,2.351,2.909,3.621,1.151,7.056,0.886,0.447,7.171,0.847,0.512,2.017,210.156,83.875
SYN-000768,2025-02-01T23:00:00+07:00,2.313,272.736,3.171,794.758,39.227,28.311,35.344,62.927,39.392,27.285,35.019,65.683,0,0,31.449,0,0,0,31.889,0,40.224,26.993,34.814,68.163,6.994,19.624,0.285,27.337,213.669,99.210,6.924,6.471,12.154,6.452,0.980,1.536,2.359,2.953,3.628,0.947,1.665,2.366,2.951,3.617,1.013,7.132,0.620,0.487,7.129,0.637,0.423,1.039,225.543,103.324
SYN-000769,2025-02-02T00:00:00+07:00,2.365,264.686,3.138,792.242,39.677,29.427,35.335,60.281,0.092,0,31.374,0,0.649,0,31.896,0,41.392,28.938,35.899,71.269,40.782,29.921,35.018,67.057,7.002,19.586,0.290,25.787,192.424,109.768,7.125,6.216,9.599,6.120,0.961,1.611,2.222,2.908,3.627,0.985,1.562,2.316,2.984,3.539,0.937,7.228,0.714,0.546,7.052,0.690,0.415,0.926,192.347,109.699
SYN-000770,2025-02-02T01:00:00+07:00,2.312,264.148,3.181,817.801,41.608,29.671,35.458,65.637,0,0,30.966,0,0.441,0,32.017,0,41.925,29.323,36.064,71.029,42.288,30.512,35.997,66.129,7.150,22.179,0.329,27.367,217.077,98.729,7.025,9.322,12.123,10.321,1.432,1.754,2.328,2.988,3.594,1.254,1.647,2.316,2.978,3.580,1.610,7.176,0.986,0.533,7.234,1.007,0.456,2.732,217.866,95.524
SYN-000771,2025-02-02T02:00:00+07:00,2.259,266.061,3.117,807.188,42.371,30.055,36.063,65.496,0.631,0,31.075,0,0,0,31.687,0,44.128,30.327,35.698,72.775,43.277,30.791,35.730,71.291,7.179,21.428,0.294,27.059,216.429,102.368,7.156,8.108,11.023,8.131,1.491,1.606,2.308,2.932,3.589,1.611,1.672,2.183,2.980,3.710,1.371,7.172,1.048,0.553,7.152,1.054,0.459,2.234,212.033,102.217
SYN-000772,2025-02-02T03:00:00+07:00,2.240,261.740,3.153,833.378,43.212,31.035,35.394,71.358,0,0,31.225,0,0.878,0,31.661,0,44.234,30.084,35.794,70.229,43.161,28.235,36.692,64.110,6.967,24.087,0.252,25.395,208.763,97.208,6.997,9.579,13.346,9.804,1.652,1.620,2.268,2.998,3.502,1.642,1.548,2.169,2.995,3.641,1.663,7.212,1.110,0.489,7.200,1.089,0.414,2.159,202.299,95.284
SYN-000773,2025-02-02T04:00:00+07:00,2.277,259.465,3.115,860.994,44.615,31.305,36.350,72.278,0,0,32.096,0,0.641,0,31.874,0,44.180,30.477,35.644,77.358,43.553,31.347,35.457,66.802,7.046,19.253,0.324,27.143,215.151,106.720,6.925,4.561,13.213,4.509,0.715,1.586,2.221,2.976,3.598,0.503,1.545,2.243,2.917,3.617,0.926,7.111,0.551,0.492,7.141,0.577,0.499,2.058,214.894,109.843
SYN-000774,2025-02-02T05:00:00+07:00,2.307,253.690,3.101,842.954,43.960,32.138,35.311,70.631,0,0,31.082,0,1.430,0,31.241,0,45.313,32.618,35.314,72.524,44.264,32.237,36.249,69.098,7.064,16.743,0.330,26.328,183.220,99.547,7.154,5.715,10.964,5.595,1.057,1.652,2.299,2.996,3.580,0.902,1.630,2.271,2.865,3.538,1.213,7.281,0.772,0.464,7.260,0.711,0.530,2.518,185.736,101.633
SYN-000775,2025-02-02T06:00:00+07:00,2.264,256.175,3.116,852.819,45.141,30.964,35.824,72.910,0,0,31.764,0,0,0,31.426,0,45.235,29.694,35.725,74.268,44.504,29.907,36.415,71.581,7.042,17.654,0.332,27.460,217.140,92.933,7.052,8.176,11.702,8.222,1.294,1.586,2.314,2.954,3.703,1.268,1.581,2.301,2.924,3.529,1.320,7.111,0.841,0.483,7.153,0.840,0.496,2.175,220.382,94.365
SYN-000776,2025-02-02T07:00:00+07:00,2.224,267.290,3.138,838.235,43.999,30.525,35.248,68.231,0,0,32.163,0,0,0,31.662,0,45.693,31.446,35.885,73.565,44.836,30.999,36.303,71.102,7.014,19.511,0.340,26.579,224.975,97.474,6.979,7.406,12.143,7.575,1.084,1.636,2.321,2.951,3.543,0.895,1.628,2.324,3.042,3.562,1.272,7.237,0.765,0.435,7.077,0.766,0.475,2.774,217.679,97.808
SYN-000777,2025-02-02T08:00:00+07:00,2.192,260.079,3.110,848.090,0.074,0,31.101,0,0,0,31.499,0,44.249,28.953,35.439,69.743,46.186,32.204,35.723,76.516,43.851,30.179,35.789,68.628,6.868,15.348,0.239,27.447,212.168,101.259,6.885,5.911,12.987,5.630,0.933,1.620,2.295,2.977,3.491,0.841,1.607,2.244,3.018,3.665,1.026,7.103,0.736,0.523,7.113,0.742,0.402,2.368,213.959,97.377
SYN-000778,2025-02-02T09:00:00+07:00,2.230,262.306,3.116,822.402,0,0,32.128,0,0.210,0,31.561,0,41.817,28.779,35.406,65.191,44.325,30.282,36.091,69.321,43.249,30.518,36.412,69.676,7.046,21.834,0.334,26.376,194.179,98.993,7.067,9.438,11.692,9.601,1.488,1.611,2.332,2.974,3.545,1.440,1.654,2.272,3.011,3.597,1.537,7.161,1.112,0.503,7.124,1.175,0.416,1.993,179.840,98.544
SYN-000779,2025-02-02T10:00:00+07:00,2.178,255.479,3.103,817.946,0.727,0,31.260,0,0,0,31.744,0,42.918,29.726,35.564,70.603,44.124,29.636,35.445,70.861,42.202,30.351,36.897,71.424,7.054,13.609,0.309,24.101,210.561,97.261,7.089,4.216,9.207,4.256,0.659,1.675,2.285,2.926,3.586,0.614,1.635,2.286,2.984,3.577,0.704,7.211,0.484,0.490,7.170,0.463,0.517,0.985,200.109,102.168
SYN-000780,2025-02-02T11:00:00+07:00,2.215,267.026,3.153,844.299,0,0,31.147,0,0,0,31.697,0,42.369,27.899,35.657,68.877,42.295,30.119,35.881,69.549,42.469,29.240,36.177,67.652,7.104,26.081,0.305,30.455,215.922,94.523,7.122,9.413,14.197,8.856,1.314,1.605,2.341,2.926,3.612,1.198,1.648,2.305,2.909,3.598,1.430,7.127,0.875,0.466,7.169,0.877,0.471,1.699,219.341,96.473
SYN-000781,2025-02-02T12:00:00+07:00,2.166,253.465,3.087,795.030,0.378,0,31.389,0,1.016,0,30.930,0,40.222,26.759,35.107,64.801,41.976,30.544,35.895,64.582,40.616,28.357,34.679,61.398,7.043,14.540,0.259,27.036,195.515,92.804,7.019,6.434,11.172,5.984,1.193,1.606,2.237,2.982,3.618,1.065,1.662,2.287,2.894,3.748,1.321,7.148,0.973,0.491,7.143,0.986,0.505,3.123,186.278,93.154
SYN-000782,2025-02-02T13:00:00+07:00,2.158,256.794,3.118,797.841,0,0,31.722,0,0.697,0,30.682,0,40.159,27.793,35.984,60.743,39.420,27.417,35.375,66.883,39.236,27.387,35.954,63.162,7.098,18.595,0.283,27.532,190.151,103.021,7.089,7.799,11.907,8.368,1.388,1.685,2.351,2.975,3.552,1.537,1.685,2.240,3.007,3.614,1.239,7.128,0.924,0.532,7.076,0.975,0.417,1.852,197.068,101.910
SYN-000783,2025-02-02T14:00:00+07:00,2.138,252.554,3.102,790.623,0,0,31.248,0,0,0,31.986,0,38.658,27.998,35.042,61.742,38.976,26.179,35.151,60.157,39.185,29.141,35.430,64.317,7.045,18.352,0.308,28.561,223.147,95.383,7.057,6.568,12.306,6.564,1.033,1.675,2.385,2.921,3.546,1.023,1.655,2.290,3.076,3.564,1.044,7.104,0.734,0.452,7.207,0.724,0.493,1.030,227.681,96.537
SYN-000784,2025-02-02T15:00:00+07:00,2.210,253.176,3.065,769.007,0,0,31.000,0,0.152,0,30.846,0,38.013,27.410,35.386,63.603,38.822,27.197,35.525,63.165,36.754,25.701,35.076,58.235,6.996,20.395,0.300,22.103,166.697,98.660,6.861,8.783,9.686,8.446,1.570,1.684,2.297,2.891,3.646,1.502,1.732,2.326,3.044,3.576,1.638,7.205,1.239,0.473,7.099,1.276,0.553,0.951,164.231,101.441
SYN-000785,2025-02-02T16:00:00+07:00,2.118,263.797,3.082,788.386,0,0,31.351,0,37.184,25.550,34.834,59.763,37.200,27.558,35.729,54.191,37.814,28.886,35.439,63.500,0,0,31.318,0,7.127,22.808,0.243,23.403,195.209,103.643,7.141,9.436,9.973,9.850,1.442,1.646,2.314,2.997,3.681,1.316,1.636,2.298,2.969,3.541,1.567,7.120,1.054,0.468,7.116,1.062,0.538,1.889,190.592,101.271
SYN-000786,2025-02-02T17:00:00+07:00,2.134,257.672,3.104,792.044,0.018,0,31.081,0,36.358,27.741,34.490,54.812,37.453,26.133,35.498,61.491,36.232,27.366,35.208,57.297,0.611,0,31.701,0,7.007,17.737,0.324,27.861,187.763,98.579,7.050,7.330,11.600,7.521,1.335,1.680,2.281,3.022,3.532,1.376,1.586,2.323,2.920,3.515,1.295,7.081,0.951,0.534,7.104,0.957,0.449,2.682,188.848,96.401
SYN-000787,2025-02-02T18:00:00+07:00,2.132,249.482,3.049,782.004,0.085,0,32.459,0,37.280,26.839,35.296,56.390,36.727,27.542,35.858,61.966,36.414,27.155,34.505,59.299,0,0,32.245,0,7.087,16.882,0.289,27.148,207.407,102.380,7.142,6.156,13.848,6.664,0.960,1.657,2.335,2.937,3.586,0.929,1.649,2.362,3.036,3.587,0.992,7.176,0.653,0.538,7.270,0.648,0.416,2.312,211.784,100.494
SYN-000788,2025-02-02T19:00:00+07:00,2.190,252.002,3.098,799.413,0.022,0,31.437,0,36.564,25.912,34.480,56.679,36.421,24.836,35.364,56.550,37.846,27.554,35.355,61.205,0.694,0,31.658,0,7.028,21.346,0.261,23.838,210.764,97.816,6.976,5.534,10.217,5.518,1.085,1.599,2.263,2.986,3.645,1.142,1.684,2.327,2.885,3.557,1.027,7.091,0.875,0.440,7.140,0.845,0.460,1.611,211.227,101.805
SYN-000789,2025-02-02T20:00:00+07:00,2.150,248.506,3.044,819.024,0,0,31.012,0,37.038,27.355,34.672,58.211,36.990,25.297,35.381,58.056,35.724,25.780,35.316,55.479,1.119,0,31.529,0,6.968,17.933,0.268,28.499,188.296,98.072,6.998,6.408,13.329,7.151,0.964,1.657,2.168,2.972,3.523,1.044,1.697,2.324,2.960,3.530,0.885,7.194,0.680,0.479,7.233,0.695,0.516,2.433,189.320,95.863
SYN-000790,2025-02-02T21:00:00+07:00,2.091,258.718,3.084,786.483,0.147,0,31.580,0,37.792,26.960,35.372,59.334,37.606,27.124,35.850,61.323,38.591,26.110,34.306,59.659,0.967,0,31.425,0,7.096,14.082,0.292,22.325,199.336,105.345,7.159,5.609,10.634,4.720,0.951,1.660,2.337,2.994,3.591,0.978,1.588,2.270,2.900,3.562,0.925,7.186,0.683,0.476,7.231,0.600,0.520,2.163,197.109,108.140
SYN-000791,2025-02-02T22:00:00+07:00,2.070,254.150,3.101,812.224,0,0,31.763,0,39.351,26.981,35.115,61.507,37.727,28.161,35.864,60.338,38.932,27.591,35.401,64.938,0.249,0,31.689,0,6.926,20.178,0.321,23.411,201.152,97.060,6.919,5.621,10.494,5.572,1.037,1.575,2.242,2.935,3.631,0.993,1.616,2.240,2.927,3.531,1.082,7.201,0.846,0.483,7.136,0.807,0.428,1.637,209.675,96.864
SYN-000792,2025-02-02T23:00:00+07:00,2.094,257.859,3.056,780.992,0,0,31.256,0,39.506,26.906,35.835,67.886,39.476,27.288,35.662,65.913,40.203,29.344,35.449,62.036,0,0,31.277,0,7.010,14.347,0.268,24.172,212.929,99.037,6.945,3.923,10.613,3.580,0.553,1.583,2.312,2.956,3.637,0.521,1.605,2.325,2.975,3.676,0.586,7.160,0.305,0.498,7.082,0.280,0.475,1.932,214.167,104.288
SYN-000793,2025-02-03T00:00:00+07:00,2.112,255.333,3.049,812.911,40.994,29.617,35.487,65.663,40.232,30.377,36.052,65.027,42.597,29.837,35.434,72.578,0,0,31.218,0,0,0,31.008,0,7.117,15.382,0.317,26.284,191.538,105.191,7.185,3.862,10.844,3.694,0.636,1.691,2.295,3.015,3.587,0.703,1.642,2.288,2.959,3.623,0.570,7.197,0.463,0.513,7.139,0.431,0.404,1.199,192.891,103.296
SYN-000794,2025-02-03T01:00:00+07:00,2.104,254.130,3.090,793.646,42.306,28.607,35.710,66.740,40.699,27.928,35.661,63.732,42.371,28.347,35.491,69.322,0.932,0,31.204,0,0,0,31.733,0,6.973,10.836,0.289,20.982,210.286,94.156,6.983,5.181,9.978,4.859,0.830,1.549,2.302,2.966,3.682,0.746,1.685,2.305,2.928,3.579,0.915,7.200,0.590,0.490,7.057,0.564,0.480,1.373,220.781,91.955
SYN-000795,2025-02-03T02:00:00+07:00,2.083,249.637,3.036,825.008,43.590,30.192,36.489,71.783,43.319,30.266,35.023,69.943,43.339,30.304,36.088,69.279,0.505,0,32.223,0,0.541,0,31.571,0,7.087,11.792,0.285,24.132,191.098,100.326,7.064,5.002,10.349,5.197,0.791,1.601,2.247,3.011,3.645,0.726,1.696,2.286,2.955,3.584,0.856,7.198,0.565,0.503,7.129,0.501,0.446,0.989,183.860,100.112
SYN-000796,2025-02-03T03:00:00+07:00,2.129,250.301,3.062,853.058,43.626,29.534,35.733,71.674,42.831,28.754,35.981,71.845,43.296,28.868,36.180,73.158,0.242,0,31.825,0,0,0,31.756,0,7.033,13.194,0.293,22.181,178.611,102.178,7.019,5.471,8.210,5.817,1.009,1.680,2.403,2.962,3.646,0.870,1.627,2.295,2.909,3.525,1.148,7.132,0.675,0.483,7.170,0.655,0.413,1.602,179.060,103.985
SYN-000797,2025-02-03T04:00:00+07:00,2.016,262.721,3.018,831.186,44.316,31.835,35.720,70.508,45.960,31.453,36.515,70.277,45.481,29.818,35.447,72.099,0,0,32.120,0,0,0,31.110,0,6.941,12.068,0.321,24.035,219.255,99.527,6.975,3.689,11.330,3.994,0.505,1.680,2.343,2.965,3.554,0.440,1.690,2.324,3.046,3.648,0.571,7.162,0.294,0.518,7.135,0.291,0.454,1.644,220.323,97.413
SYN-000798,2025-02-03T05:00:00+07:00,2.104,254.377,3.063,859.396,45.918,30.102,36.135,75.538,44.977,29.636,35.747,70.402,45.063,31.794,36.037,73.251,0,0,31.638,0,0.430,0,31.405,0,7.106,12.872,0.300,21.268,203.716,97.967,6.950,4.728,8.858,5.009,0.900,1.728,2.344,2.910,3.674,0.786,1.725,2.361,2.905,3.641,1.014,7.061,0.640,0.484,7.069,0.594,0.409,1.701,196.090,96.789
SYN-000799,2025-02-03T06:00:00+07:00,2.112,253.960,3.096,842.269,46.158,30.847,36.113,72.242,45.196,32.036,35.323,69.624,44.276,32.777,35.422,68.963,1.656,0,31.558,0,0.555,0,31.763,0,7.038,17.500,0.298,23.684,175.233,98.426,7.075,6.050,10.100,5.581,1.229,1.594,2.279,2.895,3.570,1.302,1.604,2.337,2.970,3.676,1.156,7.186,0.892,0.470,7.167,0.896,0.495,1.644,177.490,96.322
SYN-000800,2025-02-03T07:00:00+07:00,2.130,247.566,3.060,846.296,44.032,30.177,35.896,71.273,44.138,29.952,35.687,72.049,45.082,32.721,36.031,70.760,0,0,31.723,0,0,0,30.988,0,7.143,10.953,0.269,25.145,220.745,98.150,7.111,4.803,11.027,5.374,0.871,1.619,2.283,2.909,3.564,0.965,1.598,2.394,2.987,3.586,0.778,7.126,0.598,0.528,7.212,0.639,0.513,1.217,216.992,98.091
SYN-000801,2025-02-03T08:00:00+07:00,2.073,257.011,3.044,879.172,44.914,30.939,36.262,70.166,44.776,30.759,35.947,67.898,0,0,31.409,0,0.083,0,31.747,0,43.764,29.234,35.479,67.534,7.118,11.756,0.291,24.157,185.609,94.609,7.088,4.248,9.417,3.363,0.626,1.626,2.332,2.984,3.543,0.647,1.581,2.262,2.957,3.634,0.605,6.997,0.572,0.489,7.117,0.598,0.440,1.671,185.851,92.244
SYN-000802,2025-02-03T09:00:00+07:00,2.081,250.697,3.060,843.251,44.066,31.502,36.820,71.628,44.433,30.557,36.105,70.669,0.533,0,31.508,0,0.656,0,31.441,0,44.039,29.943,34.954,70.928,6.981,12.653,0.204,27.407,216.351,102.039,6.963,3.589,11.864,3.965,0.340,1.628,2.338,2.937,3.517,0.295,1.518,2.291,2.965,3.646,0.386,7.131,0.202,0.475,7.145,0.178,0.461,1.519,217.122,101.793
SYN-000803,2025-02-03T10:00:00+07:00,2.098,241.215,3.075,850.791,44.041,30.025,35.777,72.324,43.563,30.833,36.110,71.620,0.140,0,31.387,0,0,0,31.959,0,43.227,29.430,35.908,66.750,7.152,12.867,0.360,24.347,183.260,110.498,7.122,5.369,11.457,4.706,0.835,1.566,2.228,2.974,3.592,0.703,1.627,2.326,2.984,3.589,0.967,7.114,0.533,0.526,7.183,0.492,0.445,2.415,185.552,112.552
SYN-000804,2025-02-03T11:00:00+07:00,2.115,244.963,3.037,801.879,43.123,29.961,35.588,68.911,42.736,29.408,35.794,68.003,0,0,31.224,0,1.429,0,31.087,0,42.131,27.139,35.730,66.720,7.052,21.503,0.266,27.451,192.565,94.085,7.080,7.071,11.128,7.753,1.197,1.690,2.370,2.923,3.577,1.136,1.695,2.378,2.974,3.576,1.259,7.181,0.899,0.473,7.164,0.979,0.441,1.853,192.354,92.221
SYN-000805,2025-02-03T12:00:00+07:00,2.133,256.279,3.070,837.534,41.223,26.997,35.891,65.958,39.710,28.175,35.469,67.633,0,0,31.686,0,0.691,0,31.658,0,40.666,28.147,35.701,67.284,7.096,18.671,0.289,27.153,214.190,100.959,7.055,7.584,10.713,7.626,1.222,1.634,2.326,3.020,3.610,1.312,1.630,2.324,2.935,3.577,1.131,7.177,0.887,0.495,7.106,0.883,0.521,1.920,203.028,102.749
SYN-000806,2025-02-03T13:00:00+07:00,2.060,254.011,3.035,785.603,39.297,27.921,35.468,63.578,40.063,30.260,35.535,62.710,0,0,31.366,0,0,0,31.486,0,39.095,27.138,35.997,59.287,7.148,18.410,0.274,24.214,205.666,94.193,7.171,5.889,10.614,6.163,1.024,1.706,2.288,2.951,3.575,0.814,1.606,2.287,2.854,3.536,1.234,7.092,0.674,0.493,7.203,0.595,0.510,2.388,198.392,92.557
SYN-000807,2025-02-03T14:00:00+07:00,2.072,247.710,3.059,797.744,39.644,28.111,36.388,67.922,37.371,26.907,35.662,58.684,0.181,0,31.989,0,0,0,31.261,0,39.464,26.985,35.126,62.742,7.017,16.859,0.302,22.941,193.106,98.285,6.909,4.580,10.166,4.250,0.755,1.652,2.283,2.980,3.634,0.847,1.646,2.352,2.878,3.532,0.663,7.066,0.575,0.531,7.085,0.573,0.450,1.492,187.585,99.830
SYN-000808,2025-02-03T15:00:00+07:00,2.128,246.179,3.067,795.702,37.865,27.596,34.676,57.879,38.749,28.405,34.872,62.785,0.218,0,31.450,0,0,0,31.300,0,38.574,26.531,35.947,61.628,7.169,15.831,0.248,24.992,187.745,96.078,7.143,5.872,11.903,6.221,0.978,1.546,2.237,2.911,3.606,0.965,1.668,2.314,2.927,3.649,0.991,7.050,0.743,0.470,7.153,0.723,0.476,1.271,179.115,92.689
SYN-000809,2025-02-03T16:00:00+07:00,2.100,247.762,3.050,797.303,38.486,27.260,35.302,60.284,0.218,0,30.503,0,0.621,0,31.935,0,39.128,26.463,35.765,61.459,37.896,27.985,35.136,58.221,7.085,14.427,0.279,23.023,203.567,98.107,7.125,4.973,10.000,4.194,0.737,1.630,2.290,2.930,3.633,0.504,1.634,2.323,2.929,3.630,0.970,7.180,0.519,0.425,7.134,0.456,0.432,1.686,206.424,99.201
SYN-000810,2025-02-03T17:00:00+07:00,2.109,245.359,3.083,770.726,38.050,30.823,35.631,62.634,1.008,0,31.870,0,0,0,31.492,0,37.239,26.580,35.973,59.968,36.561,25.351,34.190,53.934,7.040,12.262,0.241,24.138,224.644,106.907,6.995,3.644,9.147,3.691,0.668,1.620,2.318,2.936,3.665,0.576,1.747,2.346,2.966,3.590,0.760,7.197,0.554,0.495,7.178,0.522,0.527,1.644,231.071,110.455
SYN-000811,2025-02-03T18:00:00+07:00,2.128,248.938,3.055,757.370,36.064,27.781,35.132,53.440,0,0,31.622,0,0.072,0,32.003,0,37.959,26.605,34.878,58.307,38.108,27.465,34.982,58.111,7.141,15.655,0.317,24.321,185.553,101.353,7.205,5.753,9.887,5.698,1.050,1.655,2.327,2.932,3.589,0.975,1.626,2.322,2.874,3.628,1.124,7.119,0.726,0.522,7.124,0.763,0.502,1.229,180.054,102.588
SYN-000812,2025-02-03T19:00:00+07:00,2.187,244.559,3.070,775.214,37.804,27.195,34.516,58.853,0.110,0,30.856,0,0.999,0,31.559,0,37.941,27.920,35.054,61.089,37.403,28.167,35.265,60.864,6.988,12.412,0.275,19.688,177.630,88.824,7.104,3.465,9.095,3.468,0.595,1.770,2.168,2.969,3.627,0.464,1.577,2.176,2.958,3.636,0.726,7.100,0.466,0.473,7.099,0.515,0.486,1.586,171.470,89.225
SYN-000813,2025-02-03T20:00:00+07:00,2.136,241.977,3.055,803.761,38.533,27.598,35.277,61.995,0.007,0,31.774,0,1.044,0,31.956,0,36.982,27.114,35.522,58.164,38.776,26.167,35.690,60.617,7.067,13.182,0.263,25.141,222.691,102.475,6.995,5.074,10.173,4.546,0.970,1.689,2.348,2.928,3.599,0.894,1.601,2.325,2.938,3.553,1.045,7.128,0.678,0.484,7.208,0.652,0.441,1.740,221.373,105.454
SYN-000814,2025-02-03T21:00:00+07:00,2.124,241.307,3.106,771.537,39.495,29.872,35.437,64.041,0,0,31.463,0,1.412,0,32.137,0,39.820,27.086,36.518,66.393,36.910,27.560,35.601,54.953,7.094,15.192,0.273,27.090,176.200,105.541,6.991,5.751,12.693,6.337,1.039,1.648,2.307,2.935,3.517,1.096,1.679,2.233,2.938,3.534,0.982,7.021,0.791,0.458,7.163,0.763,0.325,1.428,174.108,106.861
SYN-000815,2025-02-03T22:00:00+07:00,2.117,245.414,3.089,780.967,39.444,28.341,34.466,62.414,0,0,32.146,0,0,0,30.820,0,39.665,26.409,36.423,61.895,39.024,28.465,35.800,60.630,7.151,10.264,0.256,28.438,212.326,106.017,7.206,4.044,12.217,4.203,0.553,1.671,2.303,2.934,3.574,0.583,1.681,2.371,2.909,3.612,0.523,7.079,0.379,0.457,7.171,0.340,0.473,1.434,210.918,106.531
SYN-000816,2025-02-03T23:00:00+07:00,2.180,245.828,3.129,805.299,41.340,28.905,35.209,65.790,0.049,0,30.867,0,0,0,31.658,0,40.428,28.368,35.792,67.635,40.372,29.513,35.776,66.950,6.942,14.626,0.291,20.332,207.991,100.553,6.993,5.699,8.689,5.907,1.047,1.666,2.292,2.977,3.560,0.990,1.584,2.207,2.928,3.613,1.104,7.086,0.750,0.457,7.152,0.741,0.472,1.451,202.534,100.524
SYN-000817,2025-02-04T00:00:00+07:00,2.173,248.355,3.085,806.374,0.860,0,30.746,0,0.320,0,31.742,0,42.374,29.463,35.091,69.026,40.962,27.376,35.465,68.956,40.939,29.275,36.452,65.822,7.133,13.549,0.281,22.821,226.215,100.754,7.184,5.277,12.061,4.985,0.878,1.718,2.275,2.889,3.595,0.825,1.725,2.263,3.012,3.606,0.932,7.080,0.656,0.531,7.131,0.662,0.383,1.829,234.297,100.888
SYN-000818,2025-02-04T01:00:00+07:00,2.115,247.139,3.085,797.541,0.116,0,31.691,0,0.130,0,31.445,0,39.904,28.753,36.270,66.336,41.522,28.611,35.784,67.020,42.072,27.464,35.687,66.953,7.026,16.227,0.291,21.401,186.042,100.109,6.945,2.838,9.369,2.690,0.508,1.637,2.288,2.896,3.580,0.230,1.685,2.327,2.951,3.557,0.785,7.125,0.417,0.382,7.046,0.373,0.490,1.981,182.926,100.603
SYN-000819,2025-02-04T02:00:00+07:00,2.184,236.921,3.099,818.163,0,0,31.881,0,0,0,32.566,0,43.561,30.732,35.345,66.348,42.507,30.281,35.720,67.970,43.886,28.162,35.493,72.801,7.081,18.543,0.213,27.013,209.840,98.392,7.167,8.156,13.302,8.163,1.443,1.684,2.309,2.937,3.619,1.444,1.636,2.291,2.943,3.620,1.443,7.127,0.935,0.521,7.132,0.929,0.534,3.232,219.455,98.783
SYN-000820,2025-02-04T03:00:00+07:00,2.178,241.886,3.084,808.761,1.105,0,31.286,0,0,0,30.925,0,43.070,30.750,36.259,70.389,43.164,28.620,35.226,69.672,43.868,30.843,35.538,65.481,6.978,14.635,0.303,26.446,190.193,86.806,6.923,4.718,11.586,5.201,0.750,1.678,2.274,2.950,3.558,0.741,1.747,2.281,2.921,3.623,0.759,7.120,0.432,0.492,7.106,0.413,0.428,2.019,188.791,86.687
SYN-000821,2025-02-04T04:00:00+07:00,2.188,238.852,3.101,824.079,0.293,0,31.772,0,0,0,31.425,0,44.250,29.901,35.502,73.626,45.596,32.188,35.564,73.020,44.270,31.223,35.863,71.886,7.193,19.011,0.282,25.763,194.808,95.727,7.193,6.912,11.086,6.771,1.242,1.639,2.364,2.961,3.640,1.233,1.647,2.280,2.920,3.613,1.251,7.215,0.808,0.533,7.057,0.724,0.455,1.901,196.722,96.765
SYN-000822,2025-02-04T05:00:00+07:00,2.239,238.928,3.116,856.444,0,0,31.147,0,0.507,0,31.337,0,44.349,31.461,35.641,72.612,45.194,31.280,35.336,71.151,46.067,31.170,36.324,76.000,6.959,18.267,0.293,25.028,197.768,97.671,6.821,5.713,12.590,5.509,0.845,1.604,2.286,2.931,3.609,0.743,1.643,2.295,2.911,3.613,0.947,7.198,0.656,0.513,7.110,0.569,0.456,1.613,201.758,94.388
SYN-000823,2025-02-04T06:00:00+07:00,2.252,244.376,3.085,847.301,0,0,30.922,0,0,0,31.659,0,46.081,32.486,35.920,74.290,44.771,32.031,35.415,69.689,45.196,30.559,36.229,73.098,7.079,14.778,0.287,22.902,193.252,95.961,7.095,6.104,10.678,5.785,1.059,1.691,2.232,2.918,3.600,1.030,1.564,2.303,2.973,3.695,1.088,7.193,0.756,0.437,7.109,0.833,0.415,1.958,190.004,92.366
SYN-000824,2025-02-04T07:00:00+07:00,2.252,236.951,3.169,846.167,0,0,31.432,0,0,0,31.482,0,44.284,31.105,35.825,72.281,44.941,31.753,35.933,68.935,45.903,31.534,35.991,69.885,7.144,16.085,0.283,26.437,194.895,93.760,7.142,6.302,10.936,5.619,1.011,1.592,2.377,2.931,3.547,0.994,1.709,2.366,2.912,3.658,1.029,7.231,0.904,0.481,7.335,0.960,0.367,1.267,193.252,94.668
SYN-000825,2025-02-04T08:00:00+07:00,2.289,235.616,3.120,882.702,0.136,0,31.680,0,43.640,30.064,35.651,70.177,44.919,30.395,36.507,67.948,45.054,31.098,35.298,72.894,0,0,32.315,0,6.948,17.352,0.306,25.702,176.646,96.929,7.009,5.850,11.715,5.442,0.954,1.614,2.326,3.007,3.572,0.905,1.719,2.276,2.949,3.613,1.003,7.193,0.636,0.501,7.107,0.667,0.444,1.571,177.509,97.594
SYN-000826,2025-02-04T09:00:00+07:00,2.229,240.658,3.125,837.781,0,0,30.309,0,44.000,32.934,36.051,67.552,43.592,29.088,35.696,70.225,45.612,32.081,35.154,69.956,0,0,31.320,0,6.941,18.270,0.201,26.152,224.060,93.787,6.896,6.975,11.778,7.250,1.111,1.708,2.258,3.029,3.613,0.937,1.646,2.314,2.997,3.709,1.285,7.225,0.815,0.477,7.148,0.825,0.420,1.970,228.077,95.265
SYN-000827,2025-02-04T10:00:00+07:00,2.270,230.100,3.173,823.837,0.923,0,30.909,0,43.779,30.680,36.332,67.312,43.155,30.071,36.343,69.436,42.386,30.963,35.526,65.962,0,0,31.420,0,6.849,14.426,0.276,22.973,197.694,95.413,6.898,5.203,11.173,6.143,0.841,1.652,2.317,2.905,3.653,0.737,1.699,2.292,3.059,3.600,0.945,7.201,0.628,0.476,7.276,0.618,0.407,1.911,199.255,94.030
SYN-000828,2025-02-04T11:00:00+07:00,2.385,243.290,3.128,804.696,0,0,31.749,0,41.174,29.064,35.407,66.054,42.209,29.748,35.369,66.429,43.225,31.378,35.679,66.694,0.058,0,31.780,0,7.133,17.804,0.199,27.623,217.952,104.685,7.197,3.579,10.560,4.011,0.501,1.670,2.316,2.966,3.574,0.466,1.652,2.310,2.960,3.643,0.536,7.112,0.403,0.484,7.213,0.467,0.495,1.097,222.582,100.270
SYN-000829,2025-02-04T12:00:00+07:00,2.341,234.917,3.102,798.988,0.689,0,30.953,0,40.874,29.378,35.107,63.271,41.088,28.794,35.722,66.145,41.984,29.716,35.208,64.609,0.545,0,31.466,0,7.167,13.165,0.280,22.356,210.999,100.518,7.177,6.160,9.748,5.793,1.121,1.636,2.286,2.980,3.546,1.062,1.634,2.475,2.997,3.667,1.181,7.198,0.794,0.508,7.032,0.756,0.506,1.797,218.565,100.768
SYN-000830,2025-02-04T13:00:00+07:00,2.336,233.544,3.161,797.914,0.493,0,31.530,0,39.411,28.042,35.084,58.332,40.647,27.370,35.881,64.226,39.687,27.617,35.423,64.515,0.904,0,31.707,0,6.715,16.572,0.250,26.455,217.889,87.288,6.603,3.975,10.945,3.083,0.656,1.629,2.342,2.946,3.550,0.515,1.651,2.242,2.923,3.648,0.798,7.207,0.516,0.460,7.089,0.493,0.412,1.641,224.214,90.419
SYN-000831,2025-02-04T14:00:00+07:00,2.309,247.341,3.157,754.799,0.004,0,31.276,0,39.405,29.580,35.235,63.542,40.367,26.437,35.131,63.607,38.697,26.118,34.917,64.999,1.571,0,31.061,0,7.037,15.515,0.258,27.852,217.343,104.333,6.991,4.918,12.420,5.619,0.812,1.691,2.248,2.894,3.583,0.634,1.638,2.379,2.924,3.664,0.990,7.094,0.567,0.513,6.859,0.571,0.490,2.944,211.528,105.453
SYN-000832,2025-02-04T15:00:00+07:00,2.310,228.333,3.167,786.509,0.553,0,30.631,0,38.094,27.729,35.232,60.481,38.155,25.854,35.611,60.867,36.861,24.904,35.480,63.327,0.210,0,31.604,0,7.077,14.277,0.273,24.766,191.190,88.850,7.099,3.623,10.532,3.335,0.391,1.571,2.355,3.056,3.621,0.418,1.625,2.275,2.934,3.658,0.364,7.213,0.284,0.487,7.229,0.268,0.510,2.022,193.843,89.358
SYN-000833,2025-02-04T16:00:00+07:00,2.336,230.211,3.150,776.836,37.275,26.085,35.547,59.228,36.253,27.027,35.648,56.538,35.466,23.855,35.045,56.608,0.470,0,31.574,0,1.125,0,32.022,0,7.023,14.042,0.244,22.310,173.696,93.925,7.054,4.805,8.361,5.260,0.798,1.554,2.297,3.031,3.550,0.949,1.631,2.289,2.909,3.574,0.647,7.082,0.681,0.441,7.165,0.669,0.516,0.520,170.519,91.802
SYN-000834,2025-02-04T17:00:00+07:00,2.369,235.332,3.151,787.605,37.268,26.610,34.868,57.085,36.537,25.421,35.211,59.909,38.910,28.606,35.092,61.854,0.367,0,31.288,0,0,0,31.405,0,7.140,18.715,0.210,25.692,217.567,93.385,7.185,5.870,12.162,6.536,0.951,1.636,2.384,2.924,3.681,0.981,1.590,2.278,3.055,3.749,0.921,7.216,0.667,0.485,7.020,0.629,0.419,2.380,216.921,97.999
SYN-000835,2025-02-04T18:00:00+07:00,2.341,238.024,3.148,766.611,37.800,26.138,35.161,62.603,37.296,27.260,35.625,59.489,35.764,26.842,34.913,57.341,0.359,0,31.612,0,0.923,0,31.443,0,7.116,10.530,0.227,25.164,226.645,99.557,7.134,4.473,10.260,4.118,0.736,1.614,2.341,2.918,3.696,0.563,1.679,2.374,2.961,3.587,0.910,7.181,0.499,0.510,7.175,0.561,0.451,1.759,230.227,98.961
SYN-000836,2025-02-04T19:00:00+07:00,2.306,232.233,3.174,775.480,37.104,25.567,34.963,58.640,36.501,25.802,35.189,60.257,36.829,24.571,35.194,62.021,0,0,31.126,0,1.263,0,31.812,0,6.907,20.528,0.286,29.640,208.439,102.613,6.933,7.230,12.695,7.136,1.275,1.587,2.328,2.936,3.641,1.246,1.578,2.237,3.019,3.582,1.303,7.232,0.835,0.480,7.274,0.851,0.468,1.855,207.270,105.380
SYN-000837,2025-02-04T20:00:00+07:00,2.433,240.697,3.207,776.288,37.224,27.049,34.910,56.270,37.324,28.568,34.920,62.816,37.905,27.001,34.531,64.389,0,0,31.541,0,0.080,0,31.389,0,7.176,12.585,0.229,22.414,207.749,98.218,7.238,3.824,8.381,4.554,0.716,1.580,2.256,2.990,3.653,0.738,1.708,2.331,2.946,3.594,0.694,7.188,0.549,0.409,7.097,0.504,0.447,1.877,214.614,97.335
SYN-000838,2025-02-04T21:00:00+07:00,2.377,228.882,3.183,778.768,37.744,26.333,35.320,57.994,38.006,25.776,34.819,56.538,38.598,25.692,35.150,63.003,0,0,31.738,0,0.824,0,30.904,0,7.042,19.044,0.319,25.148,174.257,96.775,7.097,9.281,11.305,9.875,1.533,1.597,2.323,2.857,3.549,1.396,1.639,2.205,3.000,3.608,1.670,7.185,1.140,0.499,7.199,1.141,0.539,1.902,179.011,94.765
SYN-000839,2025-02-04T22:00:00+07:00,2.464,236.362,3.207,817.373,39.187,29.895,36.020,61.311,39.669,29.360,34.969,63.794,37.728,26.396,36.218,58.100,0,0,31.672,0,0,0,31.481,0,7.162,17.430,0.285,26.702,201.428,95.459,7.067,6.508,10.795,7.430,1.022,1.672,2.329,2.939,3.531,1.076,1.702,2.281,2.930,3.611,0.967,7.128,0.805,0.487,7.064,0.820,0.379,1.574,206.386,93.169
SYN-000840,2025-02-04T23:00:00+07:00,2.412,232.817,3.172,820.127,40.314,28.361,35.313,64.051,38.983,29.708,35.396,65.455,39.951,27.402,35.894,64.702,0,0,31.806,0,0.027,0,31.734,0,7.156,17.887,0.270,28.185,204.514,91.324,7.152,8.847,12.089,8.722,1.513,1.647,2.302,2.924,3.607,1.623,1.716,2.390,2.952,3.663,1.403,7.130,1.099,0.459,7.124,1.041,0.499,2.251,208.694,90.256
SYN-000841,2025-02-05T00:00:00+07:00,2.517,232.716,3.210,823.033,40.452,28.814,36.298,61.656,40.473,28.401,35.861,63.742,0.742,0,30.550,0,0,0,31.622,0,41.882,29.603,34.895,69.336,7.158,20.188,0.266,27.090,181.424,96.144,7.114,6.196,13.507,6.012,0.788,1.702,2.258,3.012,3.550,0.689,1.657,2.338,3.013,3.580,0.888,7.174,0.537,0.490,7.233,0.484,0.514,1.529,184.750,94.082
SYN-000842,2025-02-05T01:00:00+07:00,2.499,235.832,3.157,822.026,42.168,30.624,35.557,66.708,42.674,29.569,35.112,68.168,0,0,31.698,0,0,0,31.860,0,41.923,29.681,36.351,68.312,7.140,19.071,0.255,25.838,224.396,102.717,7.038,5.484,11.338,5.920,0.820,1.624,2.267,2.860,3.580,0.807,1.665,2.341,2.974,3.619,0.832,7.197,0.432,0.472,7.183,0.390,0.450,1.775,221.109,101.328
SYN-000843,2025-02-05T02:00:00+07:00,2.453,238.390,3.217,841.295,43.502,30.153,35.340,70.943,42.696,29.150,36.095,69.501,0,0,31.299,0,0,0,31.800,0,42.058,30.331,34.638,63.533,6.930,24.276,0.235,27.613,178.598,94.864,6.854,7.841,12.347,8.103,1.229,1.522,2.270,2.910,3.579,1.292,1.643,2.330,2.940,3.611,1.166,7.173,0.828,0.487,7.172,0.792,0.432,1.396,181.768,92.635
SYN-000844,2025-02-05T03:00:00+07:00,2.497,230.078,3.242,853.016,45.278,30.318,36.018,69.045,43.883,29.262,36.529,70.903,0,0,31.310,0,0,0,31.683,0,45.251,30.756,35.634,71.817,6.971,21.102,0.292,26.702,187.551,87.171,6.876,7.023,11.561,6.839,1.121,1.576,2.354,2.952,3.584,1.076,1.642,2.304,2.965,3.571,1.166,7.243,0.767,0.516,7.118,0.806,0.520,1.235,182.618,87.884
SYN-000845,2025-02-05T04:00:00+07:00,2.547,234.161,3.232,835.385,44.239,31.291,35.788,72.550,44.549,30.422,36.282,72.818,0.554,0,31.594,0,0,0,32.215,0,45.021,30.898,35.989,73.620,6.979,17.852,0.291,22.725,210.682,102.992,6.960,5.395,9.169,5.680,0.930,1.628,2.321,3.026,3.633,0.997,1.611,2.312,2.991,3.641,0.863,7.054,0.766,0.454,7.017,0.765,0.428,2.041,206.999,103.469
SYN-000846,2025-02-05T05:00:00+07:00,2.463,222.552,3.196,836.321,44.045,29.682,35.668,69.219,45.503,30.426,36.968,72.634,0.486,0,31.467,0,0.199,0,31.290,0,45.543,33.166,36.058,73.739,6.958,17.631,0.336,27.169,193.736,100.951,6.982,5.668,12.107,5.605,0.870,1.704,2.296,2.964,3.564,0.965,1.662,2.295,2.966,3.679,0.776,7.107,0.612,0.507,7.103,0.582,0.503,1.606,188.847,103.925
SYN-000847,2025-02-05T06:00:00+07:00,2.515,238.432,3.239,835.874,44.092,29.184,36.680,68.845,44.369,30.823,35.653,71.439,0,0,32.348,0,0,0,31.767,0,45.080,32.732,35.688,71.863,7.085,20.995,0.274,23.641,229.254,106.083,7.075,7.226,11.675,7.361,1.126,1.663,2.283,2.987,3.613,1.029,1.633,2.277,2.900,3.550,1.223,7.163,0.706,0.459,7.053,0.709,0.495,1.576,230.006,103.111
SYN-000848,2025-02-05T07:00:00+07:00,2.570,234.143,3.210,839.702,44.589,30.972,36.357,71.240,44.369,29.869,35.572,73.732,0.158,0,31.459,0,0,0,31.889,0,44.313,30.881,36.297,71.579,7.057,17.870,0.245,23.814,197.901,102.394,7.006,7.974,9.434,8.122,1.264,1.643,2.282,3.009,3.542,1.169,1.719,2.330,2.947,3.658,1.358,7.232,0.970,0.498,7.138,0.966,0.527,1.277,205.575,101.527
SYN-000849,2025-02-05T08:00:00+07:00,2.572,226.063,3.264,802.653,44.652,31.325,35.547,73.532,0.568,0,31.204,0,0.690,0,30.839,0,45.351,31.415,34.960,73.478,44.974,30.433,36.541,73.588,7.073,15.517,0.268,24.543,202.811,92.906,7.039,6.969,9.758,7.386,1.044,1.582,2.345,3.001,3.545,0.987,1.690,2.334,2.966,3.526,1.100,7.115,0.789,0.535,7.113,0.784,0.485,1.849,205.466,88.561
SYN-000850,2025-02-05T09:00:00+07:00,2.561,229.458,3.210,827.296,44.648,28.855,35.458,67.809,0,0,31.555,0,0,0,31.911,0,44.295,30.416,36.277,70.672,43.020,29.127,35.651,68.761,6.864,25.228,0.249,28.182,197.236,91.416,7.001,8.496,12.767,8.218,1.243,1.535,2.281,3.021,3.617,1.416,1.694,2.321,3.050,3.596,1.070,7.152,0.949,0.448,7.123,0.877,0.486,2.344,202.627,92.804
SYN-000851,2025-02-05T10:00:00+07:00,2.587,222.478,3.179,833.458,43.538,28.962,35.703,67.899,0,0,31.418,0,0,0,30.764,0,43.247,29.439,35.444,68.879,43.805,29.645,35.323,67.378,7.009,19.262,0.284,25.389,208.875,103.019,6.969,6.018,9.042,6.677,0.980,1.662,2.327,2.966,3.604,0.875,1.633,2.291,2.943,3.600,1.085,7.132,0.679,0.478,7.152,0.629,0.518,2.104,211.410,102.460
SYN-000852,2025-02-05T11:00:00+07:00,2.550,233.714,3.221,835.060,40.185,28.591,35.294,62.487,0,0,31.049,0,0.424,0,31.025,0,41.453,30.607,35.270,65.356,42.618,31.759,35.947,63.621,7.132,19.271,0.326,25.504,212.681,99.140,7.006,8.399,10.734,8.179,1.382,1.672,2.340,2.919,3.651,1.195,1.655,2.243,2.915,3.530,1.568,7.180,0.999,0.510,7.091,1.008,0.428,1.617,217.653,96.476
SYN-000853,2025-02-05T12:00:00+07:00,2.574,225.188,3.272,833.329,40.779,28.185,35.197,65.255,0.270,0,31.249,0,1.277,0,31.773,0,41.979,31.318,35.835,66.791,40.665,29.135,35.981,63.515,6.942,19.272,0.282,27.546,182.358,89.222,6.994,7.331,12.525,6.612,1.269,1.643,2.289,2.907,3.620,1.213,1.659,2.294,2.967,3.618,1.326,7.143,1.017,0.430,7.049,1.029,0.474,2.524,181.023,91.022
SYN-000854,2025-02-05T13:00:00+07:00,2.609,234.455,3.241,806.303,39.337,28.618,36.015,61.323,0,0,31.456,0,0,0,31.115,0,39.113,26.833,36.288,64.067,39.033,27.475,35.156,63.314,7.151,18.632,0.285,24.739,212.215,92.552,7.195,5.357,12.300,5.746,0.841,1.675,2.283,2.979,3.575,0.819,1.585,2.342,2.950,3.627,0.862,7.290,0.802,0.482,7.170,0.821,0.449,2.025,211.106,90.525
SYN-000855,2025-02-05T14:00:00+07:00,2.661,225.516,3.281,780.338,40.769,28.363,35.600,66.408,0,0,31.799,0,1.090,0,31.581,0,39.533,29.431,35.876,64.485,38.917,28.942,35.413,61.772,6.902,25.740,0.307,30.658,170.477,95.944,6.971,9.317,12.853,9.504,1.473,1.581,2.260,2.956,3.550,1.280,1.630,2.299,2.915,3.622,1.665,7.141,1.032,0.484,7.113,1.003,0.414,1.877,173.365,98.473
SYN-000856,2025-02-05T15:00:00+07:00,2.625,231.949,3.300,791.755,38.029,25.161,35.221,61.825,0,0,31.662,0,0.531,0,31.248,0,37.930,27.177,34.876,61.050,37.363,26.146,34.821,58.535,7.224,20.552,0.290,25.474,176.554,98.628,7.178,6.135,11.564,5.874,1.040,1.642,2.226,2.913,3.602,1.207,1.624,2.255,2.921,3.586,0.873,7.122,0.865,0.449,7.194,0.915,0.517,2.419,169.100,96.188
SYN-000857,2025-02-05T16:00:00+07:00,2.686,235.973,3.349,779.934,0.339,0,32.417,0,0,0,31.347,0,38.065,27.448,34.788,59.601,37.114,26.413,35.312,58.232,36.464,27.387,35.058,59.308,7.114,22.081,0.305,25.887,218.844,99.039,7.211,9.077,10.782,8.443,1.495,1.634,2.316,2.873,3.602,1.487,1.690,2.304,2.951,3.649,1.503,7.181,0.999,0.519,7.080,1.051,0.468,1.845,218.940,98.759
SYN-000858,2025-02-05T17:00:00+07:00,2.616,219.734,3.265,792.050,0,0,31.162,0,0,0,31.346,0,36.384,27.095,34.815,58.805,37.068,25.789,34.428,59.984,37.405,25.086,34.531,57.785,7.159,19.058,0.341,25.216,207.838,105.467,7.141,8.167,10.554,8.011,1.254,1.633,2.385,2.909,3.683,1.390,1.606,2.299,2.954,3.543,1.117,7.155,0.917,0.507,7.092,0.851,0.498,2.246,212.461,109.205
SYN-000859,2025-02-05T18:00:00+07:00,2.657,227.410,3.296,778.605,0,0,31.845,0,0,0,31.267,0,36.822,26.651,35.311,57.007,37.596,27.349,35.185,59.642,36.763,24.447,35.016,63.103,6.886,27.013,0.301,29.368,192.624,93.624,6.885,9.347,12.669,8.908,1.579,1.630,2.164,2.960,3.664,1.587,1.746,2.371,2.954,3.591,1.571,7.177,1.131,0.497,7.193,1.111,0.400,1.279,188.037,93.181
SYN-000860,2025-02-05T19:00:00+07:00,2.685,233.628,3.285,764.760,0,0,32.076,0,0,0,31.742,0,36.633,26.765,35.342,58.014,37.893,27.577,35.532,63.180,37.066,27.235,35.572,55.857,7.043,23.307,0.282,23.564,177.683,92.361,7.033,9.650,9.266,9.290,1.509,1.623,2.269,2.914,3.664,1.418,1.670,2.329,2.979,3.568,1.601,7.156,1.047,0.479,7.129,0.988,0.438,0.835,180.758,92.389
SYN-000861,2025-02-05T20:00:00+07:00,2.727,222.886,3.292,775.756,0.208,0,31.041,0,0,0,32.092,0,36.933,24.683,34.985,62.998,37.493,25.822,35.683,57.725,36.775,25.447,35.474,54.334,7.172,23.961,0.345,27.118,197.228,86.118,7.191,6.760,12.934,7.017,1.180,1.661,2.386,2.933,3.577,1.291,1.649,2.246,2.968,3.613,1.070,7.189,0.846,0.487,7.147,0.852,0.505,2.066,197.068,85.611
SYN-000862,2025-02-05T21:00:00+07:00,2.717,216.775,3.297,790.163,0,0,31.637,0,0,0,31.683,0,36.717,26.169,35.419,54.227,36.876,25.757,34.671,60.093,38.134,26.870,34.919,62.194,7.105,21.887,0.314,27.261,199.424,100.198,7.170,7.712,11.973,7.816,1.305,1.735,2.279,2.866,3.566,1.248,1.608,2.226,2.933,3.567,1.362,7.182,0.997,0.531,7.108,1.088,0.407,2.339,208.435,98.432
SYN-000863,2025-02-05T22:00:00+07:00,2.717,230.838,3.325,781.999,0.590,0,30.843,0,0,0,31.661,0,37.552,27.949,34.887,66.033,40.477,29.246,36.183,65.427,39.165,28.999,35.296,63.315,6.966,22.416,0.278,28.128,192.941,89.129,6.942,8.231,12.414,8.121,1.308,1.679,2.235,2.982,3.600,1.368,1.666,2.279,2.896,3.667,1.247,7.198,0.873,0.475,7.117,0.887,0.421,2.587,194.422,89.411
SYN-000864,2025-02-05T23:00:00+07:00,2.731,232.129,3.321,809.814,0.136,0,32.134,0,0.277,0,31.695,0,40.238,26.956,35.284,64.503,40.588,28.202,35.956,63.130,39.672,28.786,35.519,62.514,7.127,21.627,0.352,28.365,184.771,103.633,7.039,9.199,12.298,9.932,1.595,1.670,2.317,2.913,3.602,1.560,1.640,2.282,2.933,3.632,1.629,7.134,1.155,0.500,7.185,1.155,0.493,2.499,181.560,100.998
SYN-000865,2025-02-06T00:00:00+07:00,2.734,233.927,3.259,821.087,1.746,0,31.913,0,39.465,27.556,35.676,66.180,40.868,28.185,36.322,64.309,40.956,27.978,36.175,65.400,0,0,31.623,0,7.052,25.683,0.296,29.137,192.588,87.698,7.087,7.447,11.255,7.496,1.124,1.620,2.286,2.963,3.590,1.217,1.628,2.307,2.952,3.673,1.031,7.203,0.736,0.499,7.023,0.791,0.492,1.445,189.657,84.878
SYN-000866,2025-02-06T01:00:00+07:00,2.692,226.115,3.269,819.162,0.345,0,31.933,0,41.961,29.055,36.213,66.260,42.957,31.263,35.621,68.374,42.765,28.505,35.207,66.476,0,0,31.975,0,6.963,23.321,0.295,27.772,164.203,102.922,7.020,8.966,13.049,9.407,1.399,1.674,2.320,2.922,3.588,1.197,1.642,2.278,2.959,3.641,1.602,7.151,1.026,0.516,7.183,1.083,0.508,2.489,173.354,99.870
SYN-000867,2025-02-06T02:00:00+07:00,2.789,236.327,3.298,818.571,0.751,0,31.873,0,42.752,28.980,35.190,66.279,42.994,31.323,35.585,69.057,41.712,29.159,36.288,65.932,0,0,31.546,0,6.842,25.585,0.252,27.130,217.671,99.016,6.834,10.152,12.792,10.694,1.402,1.579,2.235,2.912,3.626,1.184,1.672,2.198,2.905,3.613,1.619,7.128,0.913,0.464,7.133,0.907,0.507,0.975,218.509,99.806
SYN-000868,2025-02-06T03:00:00+07:00,2.788,232.045,3.326,847.664,0,0,31.204,0,43.742,31.690,35.487,69.722,44.636,29.933,36.870,68.981,43.739,29.901,35.778,70.517,0,0,31.271,0,6.902,23.410,0.248,30.700,205.834,98.949,6.992,8.817,14.268,8.549,1.471,1.698,2.170,2.894,3.694,1.464,1.635,2.293,2.992,3.638,1.477,7.259,1.121,0.542,7.020,1.104,0.487,3.023,215.418,97.502
SYN-000869,2025-02-06T04:00:00+07:00,2.777,230.036,3.299,837.833,0.837,0,31.961,0,44.740,31.661,36.404,71.011,43.984,31.164,35.840,70.620,44.292,29.153,35.429,69.195,0.517,0,31.663,0,7.069,19.823,0.286,27.069,200.822,94.254,7.031,7.223,9.192,7.665,1.137,1.620,2.328,2.929,3.621,0.997,1.669,2.328,2.961,3.679,1.277,7.166,0.722,0.423,7.124,0.710,0.509,1.626,200.814,94.295
SYN-000870,2025-02-06T05:00:00+07:00,2.715,223.070,3.344,856.971,0.408,0,31.089,0,43.504,29.902,35.708,67.383,44.589,31.036,35.835,72.002,45.086,30.090,35.596,73.181,1.348,0,30.850,0,6.959,20.272,0.302,27.703,193.500,90.508,6.997,7.474,10.576,7.017,1.083,1.700,2.295,2.950,3.623,1.212,1.653,2.340,2.941,3.523,0.953,7.209,0.767,0.475,7.049,0.735,0.469,0.912,192.059,87.183
SYN-000871,2025-02-06T06:00:00+07:00,2.758,217.671,3.329,858.945,0.562,0,32.058,0,45.613,31.265,35.288,69.651,44.246,29.807,35.619,68.499,44.546,30.676,36.385,70.251,0,0,31.822,0,6.985,25.075,0.243,28.128,203.119,94.900,6.936,7.104,12.375,6.972,1.156,1.679,2.291,2.934,3.594,1.230,1.563,2.271,2.905,3.574,1.082,7.189,0.847,0.498,7.088,0.813,0.438,1.545,201.226,99.080
SYN-000872,2025-02-06T07:00:00+07:00,2.829,229.265,3.329,850.207,0,0,31.482,0,44.372,30.299,35.874,69.342,45.052,30.675,35.577,69.167,44.999,31.584,36.900,73.485,0,0,30.952,0,7.038,22.401,0.262,27.618,211.276,103.309,6.980,8.159,10.557,8.459,1.208,1.695,2.319,2.960,3.578,1.271,1.516,2.326,2.918,3.541,1.145,7.243,0.846,0.504,7.175,0.853,0.446,1.095,216.677,104.406
SYN-000873,2025-02-06T08:00:00+07:00,2.758,226.179,3.323,846.829,45.675,30.298,35.863,71.699,44.134,32.159,35.615,69.503,44.010,31.798,36.917,68.593,0,0,31.649,0,0.007,0,31.564,0,7.013,21.925,0.296,24.843,197.463,88.114,6.972,8.350,10.455,7.668,1.466,1.691,2.259,2.966,3.637,1.395,1.606,2.350,2.996,3.573,1.537,7.088,1.074,0.526,7.220,1.124,0.467,1.655,194.552,89.722
SYN-000874,2025-02-06T09:00:00+07:00,2.761,232.705,3.323,838.850,43.663,27.293,36.191,69.480,43.072,29.901,36.274,68.700,42.849,30.314,36.417,66.709,0,0,31.803,0,0,0,32.220,0,6.959,25.669,0.248,26.621,192.787,98.634,6.936,8.002,12.974,7.671,1.354,1.687,2.192,2.894,3.619,1.312,1.646,2.346,2.966,3.634,1.397,7.171,0.904,0.479,7.044,0.911,0.429,2.021,191.070,98.034
SYN-000875,2025-02-06T10:00:00+07:00,2.800,229.455,3.345,819.210,42.467,28.717,35.264,66.829,41.142,31.244,35.227,68.565,42.766,30.199,35.909,69.413,0,0,30.714,0,0.104,0,32.065,0,7.157,23.781,0.281,24.874,218.553,101.347,7.136,6.340,11.469,6.576,1.019,1.681,2.337,2.913,3.598,1.140,1.627,2.355,2.998,3.604,0.898,7.163,0.716,0.462,7.099,0.738,0.424,2.067,215.953,101.081
SYN-000876,2025-02-06T11:00:00+07:00,2.802,223.853,3.277,833.718,43.275,27.682,36.031,72.157,41.922,30.614,36.109,68.184,41.539,29.819,35.189,65.662,0,0,31.654,0,0,0,31.828,0,7.136,21.503,0.266,29.871,186.521,94.711,7.142,4.914,12.235,5.418,1.013,1.628,2.418,2.911,3.640,1.038,1.690,2.321,2.936,3.585,0.989,7.151,0.697,0.501,7.067,0.750,0.484,2.275,183.315,97.749
SYN-000877,2025-02-06T12:00:00+07:00,2.835,217.573,3.373,845.386,41.458,30.933,35.602,67.218,40.758,27.891,35.192,67.460,41.353,29.439,35.654,64.981,0.176,0,31.451,0,0,0,31.483,0,6.980,22.419,0.285,27.231,210.433,96.936,6.943,5.957,9.844,5.656,0.919,1.604,2.367,3.088,3.582,0.659,1.638,2.319,2.970,3.585,1.180,7.148,0.595,0.445,7.033,0.600,0.502,1.614,205.440,100.137
SYN-000878,2025-02-06T13:00:00+07:00,2.769,219.534,3.332,793.695,40.757,28.781,35.785,67.276,39.636,27.893,35.796,64.937,40.264,29.015,35.488,63.194,1.289,0,31.882,0,1.117,0,31.283,0,7.084,26.223,0.318,30.245,198.657,91.077,7.100,9.529,12.565,9.871,1.534,1.657,2.341,2.956,3.588,1.699,1.523,2.313,2.933,3.685,1.370,7.182,1.040,0.474,7.112,1.105,0.407,2.270,203.412,91.328
SYN-000879,2025-02-06T14:00:00+07:00,2.709,223.437,3.304,784.611,38.566,28.223,35.580,61.605,39.171,28.778,35.396,62.597,39.154,27.668,35.642,58.654,0.489,0,31.754,0,0.932,0,31.479,0,7.121,27.009,0.259,27.424,199.826,98.928,7.060,8.493,12.057,8.880,1.380,1.673,2.250,3.051,3.591,1.179,1.639,2.337,2.957,3.587,1.581,7.233,0.890,0.448,7.121,0.832,0.447,3.053,188.059,100.398
SYN-000880,2025-02-06T15:00:00+07:00,2.840,229.494,3.313,785.522,39.267,27.899,35.325,64.872,38.671,26.899,35.171,60.333,38.217,28.724,35.534,59.035,0.697,0,32.599,0,0,0,31.191,0,7.016,23.981,0.303,26.654,200.569,92.197,7.004,8.300,13.715,8.061,1.499,1.721,2.303,2.854,3.569,1.515,1.626,2.272,3.009,3.635,1.483,7.150,1.038,0.474,7.185,1.063,0.465,2.767,196.733,90.905
SYN-000881,2025-02-06T16:00:00+07:00,2.833,234.396,3.339,763.154,37.348,27.654,35.121,58.356,37.297,25.289,35.530,56.634,0.415,0,31.093,0,0,0,31.410,0,37.427,26.697,35.356,63.098,7.088,27.643,0.253,28.945,184.717,92.733,6.976,9.121,12.326,8.790,1.400,1.682,2.318,2.946,3.625,1.281,1.642,2.298,3.006,3.605,1.518,7.083,1.053,0.438,7.222,1.028,0.422,1.801,190.857,92.342
SYN-000882,2025-02-06T17:00:00+07:00,2.806,226.085,3.368,800.690,38.088,26.767,34.695,61.351,37.260,27.381,34.535,62.452,0.130,0,31.693,0,0.269,0,31.636,0,37.236,26.673,35.024,58.551,6.860,25.093,0.251,31.419,185.261,103.619,6.862,10.287,13.856,10.888,1.826,1.631,2.223,2.912,3.615,1.684,1.657,2.265,2.936,3.596,1.967,7.152,1.330,0.504,7.139,1.339,0.483,2.924,196.718,104.638
SYN-000883,2025-02-06T18:00:00+07:00,2.848,218.540,3.363,781.399,36.659,26.432,35.322,55.265,36.384,26.680,35.105,58.551,0,0,31.063,0,0,0,31.170,0,36.085,26.780,34.886,57.679,6.941,26.154,0.304,26.291,200.105,98.262,6.974,11.541,12.637,11.884,1.787,1.635,2.271,2.980,3.616,1.612,1.673,2.318,2.946,3.593,1.963,7.243,1.234,0.475,7.173,1.196,0.466,1.768,201.977,100.089
SYN-000884,2025-02-06T19:00:00+07:00,2.785,236.414,3.369,767.382,37.736,27.368,34.569,58.783,36.329,25.897,35.518,57.388,0,0,31.348,0,0.823,0,31.496,0,38.089,27.732,35.528,58.505,6.931,27.823,0.244,28.664,200.931,102.054,6.919,11.617,12.456,11.470,1.932,1.608,2.277,2.916,3.624,1.881,1.651,2.272,2.879,3.526,1.982,7.244,1.365,0.511,7.150,1.374,0.413,2.209,197.474,99.486
SYN-000885,2025-02-06T20:00:00+07:00,2.759,235.971,3.324,773.030,37.108,26.843,35.592,59.295,38.321,28.185,36.011,57.199,0,0,30.673,0,0.120,0,31.401,0,39.083,27.068,36.046,60.992,6.848,27.699,0.226,31.807,186.613,92.521,6.832,10.301,15.263,10.526,1.701,1.694,2.328,2.944,3.596,1.594,1.633,2.351,2.981,3.578,1.809,7.127,1.097,0.449,7.136,1.049,0.409,1.564,188.153,91.123
SYN-000886,2025-02-06T21:00:00+07:00,2.841,236.092,3.327,771.978,37.468,25.759,35.289,57.810,38.104,28.685,35.009,59.969,0,0,30.957,0,0.125,0,31.033,0,38.190,28.600,35.768,61.005,7.092,30.454,0.325,29.920,221.919,98.267,7.131,12.261,11.704,12.757,1.773,1.635,2.314,2.907,3.569,1.847,1.579,2.296,2.946,3.662,1.699,7.250,1.299,0.480,7.125,1.248,0.381,1.790,221.705,100.628
SYN-000887,2025-02-06T22:00:00+07:00,2.850,235.725,3.363,785.230,39.110,25.330,35.208,59.494,38.332,28.326,36.334,57.717,0.099,0,31.549,0,0,0,31.187,0,39.156,27.284,34.323,60.575,6.992,28.551,0.264,31.716,220.454,103.424,7.016,9.987,13.737,10.208,1.667,1.675,2.261,2.874,3.582,1.672,1.699,2.280,2.904,3.646,1.662,7.146,1.309,0.446,6.996,1.291,0.420,2.644,210.074,104.854
SYN-000888,2025-02-06T23:00:00+07:00,2.810,231.035,3.310,804.167,39.468,28.466,35.122,63.342,40.486,27.693,36.241,64.995,0.275,0,31.376,0,0,0,32.213,0,40.788,27.375,35.440,66.085,7.055,26.566,0.301,26.483,196.772,101.053,7.067,9.674,10.349,9.756,1.716,1.657,2.240,2.983,3.573,1.597,1.656,2.325,2.978,3.624,1.834,7.135,1.269,0.510,7.153,1.279,0.436,1.839,188.472,101.994
SYN-000889,2025-02-07T00:00:00+07:00,2.829,235.960,3.379,779.798,41.314,29.531,35.583,66.289,0,0,31.413,0,0.162,0,31.022,0,41.407,28.331,35.163,67.191,41.832,31.627,34.908,66.285,7.170,28.285,0.300,30.481,218.500,94.191,7.158,11.434,14.612,10.481,1.926,1.632,2.365,3.005,3.548,1.735,1.738,2.266,3.003,3.634,2.116,7.235,1.409,0.491,7.235,1.449,0.487,3.113,219.817,90.889
SYN-000890,2025-02-07T01:00:00+07:00,2.714,240.043,3.315,828.312,42.319,28.536,35.733,70.016,0,0,32.545,0,0,0,31.577,0,42.722,30.289,36.258,67.980,42.396,30.751,35.737,67.318,7.084,27.419,0.281,31.805,206.844,100.474,7.143,9.549,12.358,10.077,1.510,1.617,2.304,2.882,3.652,1.526,1.557,2.341,2.922,3.588,1.495,7.095,1.036,0.468,7.122,1.051,0.497,1.859,198.719,98.622
SYN-000891,2025-02-07T02:00:00+07:00,2.766,240.497,3.324,854.932,42.687,30.830,35.593,69.562,0,0,30.914,0,0,0,30.951,0,44.437,30.425,36.462,71.303,44.402,31.059,36.694,65.968,7.084,23.922,0.310,29.148,197.775,108.727,7.118,7.415,12.113,8.121,1.128,1.609,2.387,2.964,3.593,1.113,1.644,2.331,2.904,3.528,1.144,7.112,0.869,0.493,7.070,0.882,0.430,1.939,201.094,111.371
SYN-000892,2025-02-07T03:00:00+07:00,2.741,235.799,3.344,840.161,45.544,31.901,36.424,71.694,0.192,0,30.547,0,0,0,30.988,0,41.909,32.438,35.727,67.157,43.132,27.896,35.188,69.377,7.045,29.209,0.318,31.807,199.097,104.973,7.044,10.929,13.010,11.120,1.797,1.633,2.304,2.928,3.594,1.774,1.600,2.314,2.920,3.610,1.820,7.154,1.190,0.436,7.058,1.174,0.479,2.402,197.094,104.075
SYN-000893,2025-02-07T04:00:00+07:00,2.781,237.602,3.311,846.186,44.311,31.297,35.779,69.056,0,0,31.018,0,0.174,0,31.066,0,43.846,30.753,35.672,71.264,45.561,31.792,36.032,73.295,7.108,25.570,0.328,27.999,197.459,97.275,7.153,7.643,11.331,7.865,1.183,1.587,2.357,2.969,3.646,1.233,1.644,2.331,2.908,3.529,1.133,7.159,0.860,0.491,7.161,0.775,0.450,1.713,200.991,98.683
SYN-000894,2025-02-07T05:00:00+07:00,2.771,237.563,3.312,825.222,44.528,31.392,36.019,73.048,0,0,31.631,0,0,0,31.809,0,44.462,30.457,35.681,69.771,44.727,32.634,36.372,75.614,7.074,28.778,0.302,30.210,188.045,95.026,7.187,10.766,14.093,11.430,1.761,1.677,2.340,2.948,3.577,1.709,1.633,2.328,2.935,3.559,1.813,7.138,1.219,0.509,7.185,1.194,0.433,2.278,188.693,96.655
SYN-000895,2025-02-07T06:00:00+07:00,2.719,241.027,3.313,852.497,46.294,31.223,36.166,72.287,0.298,0,32.192,0,0,0,30.854,0,45.667,31.642,35.721,72.325,43.947,30.362,35.396,69.514,7.041,29.193,0.250,34.518,202.588,98.813,7.129,11.105,13.638,11.243,1.786,1.600,2.363,2.907,3.620,1.581,1.726,2.197,2.916,3.654,1.992,7.237,1.246,0.502,7.121,1.191,0.450,1.676,195.417,101.429
SYN-000896,2025-02-07T07:00:00+07:00,2.750,235.625,3.296,819.041,44.323,33.022,36.041,71.367,0.562,0,32.111,0,0.013,0,31.942,0,44.204,29.271,35.694,66.774,45.974,32.192,36.362,73.018,7.113,35.115,0.278,32.160,211.194,97.956,7.128,13.327,14.036,13.415,2.318,1.604,2.312,2.901,3.583,2.237,1.598,2.325,2.954,3.590,2.399,7.037,1.714,0.421,7.105,1.628,0.469,2.379,221.022,99.417
SYN-000897,2025-02-07T08:00:00+07:00,2.772,234.934,3.289,839.674,0,0,31.229,0,0,0,30.835,0,44.095,31.177,35.619,68.399,44.651,31.173,35.535,72.687,44.557,32.307,36.222,69.500,7.032,30.324,0.247,32.152,198.535,95.653,7.064,11.938,14.590,12.256,2.014,1.689,2.309,2.970,3.574,1.880,1.748,2.327,2.872,3.605,2.149,7.225,1.356,0.485,7.124,1.404,0.406,2.297,203.271,95.033
SYN-000898,2025-02-07T09:00:00+07:00,2.755,242.924,3.320,855.910,0,0,31.633,0,0,0,31.483,0,43.732,31.098,35.565,67.452,43.073,30.174,35.701,67.967,43.025,29.572,35.877,70.614,6.944,26.822,0.200,30.783,197.895,109.895,6.931,8.336,12.082,7.981,1.307,1.711,2.299,2.971,3.649,1.240,1.576,2.387,3.000,3.612,1.375,7.196,0.951,0.529,7.122,0.992,0.438,1.867,200.790,112.041
SYN-000899,2025-02-07T10:00:00+07:00,2.759,230.151,3.270,859.195,0,0,30.769,0,0,0,31.255,0,40.909,28.773,35.426,63.672,42.795,30.952,36.074,69.394,42.737,30.506,35.692,68.536,7.024,29.523,0.260,30.715,215.326,99.090,7.054,9.887,13.930,9.636,1.506,1.680,2.279,2.972,3.611,1.599,1.637,2.269,2.932,3.598,1.413,7.148,1.052,0.462,7.280,1.092,0.432,2.039,220.261,101.371
SYN-000900,2025-02-07T11:00:00+07:00,2.763,232.588,3.293,802.995,0,0,31.100,0,0,0,31.081,0,40.600,28.473,36.328,67.112,41.431,27.899,35.959,67.267,42.408,29.518,35.245,70.267,6.952,32.061,0.301,31.631,174.833,99.013,6.929,10.917,16.740,10.074,1.861,1.605,2.284,2.939,3.557,1.757,1.630,2.322,3.006,3.546,1.965,7.134,1.253,0.463,7.198,1.222,0.464,2.060,172.188,96.228
SYN-000901,2025-02-07T12:00:00+07:00,2.722,236.807,3.315,820.015,0.710,0,31.649,0,0.436,0,33.000,0,40.773,26.932,35.609,66.386,40.439,28.180,35.074,65.512,41.651,31.019,35.689,67.734,6.924,29.376,0.254,30.184,187.602,97.778,6.953,9.488,11.948,9.170,1.500,1.543,2.348,2.947,3.573,1.293,1.584,2.246,2.852,3.594,1.708,7.078,0.999,0.483,7.189,0.960,0.472,2.070,185.486,98.257
SYN-000902,2025-02-07T13:00:00+07:00,2.732,240.347,3.323,792.620,0,0,31.276,0,0,0,33.140,0,39.159,28.827,34.722,62.090,39.354,27.131,35.163,62.375,41.630,28.136,35.939,66.444,6.931,24.970,0.284,27.748,175.751,97.635,6.989,8.758,11.048,8.560,1.469,1.748,2.365,2.911,3.567,1.370,1.600,2.349,3.037,3.558,1.569,7.225,1.004,0.495,7.152,1.016,0.454,1.098,173.824,101.946
SYN-000903,2025-02-07T14:00:00+07:00,2.697,238.196,3.305,804.691,0.881,0,32.146,0,1.286,0,33.280,0,38.735,28.794,35.448,63.085,37.692,28.524,35.297,58.000,39.365,29.138,35.424,60.558,7.251,30.465,0.258,27.505,224.116,99.465,7.249,11.355,12.738,11.920,2.002,1.554,2.246,2.981,3.612,1.776,1.662,2.301,2.959,3.592,2.229,7.127,1.392,0.439,7.142,1.340,0.454,1.444,222.273,99.660
SYN-000904,2025-02-07T15:00:00+07:00,2.677,243.733,3.306,809.708,0,0,32.174,0,0,0,33.420,0,37.865,28.665,35.349,57.798,38.455,26.664,35.551,63.718,39.079,27.596,35.807,62.375,6.946,31.306,0.240,33.015,204.558,99.596,6.975,11.486,12.813,11.095,2.008,1.657,2.279,2.942,3.617,1.929,1.656,2.297,2.973,3.553,2.087,7.200,1.354,0.518,7.207,1.402,0.420,2.441,206.489,100.355
SYN-000905,2025-02-07T16:00:00+07:00,2.638,243.881,3.273,788.290,0,0,32.609,0,37.093,26.803,33.560,57.475,37.208,26.279,34.943,54.167,37.662,27.291,35.090,59.476,0.197,0,30.899,0,6.960,33.532,0.307,30.151,186.900,88.177,6.924,14.575,12.414,14.967,2.305,1.610,2.333,2.947,3.564,2.064,1.617,2.362,2.944,3.607,2.547,7.210,1.647,0.463,7.229,1.669,0.439,2.218,182.769,85.455
SYN-000906,2025-02-07T17:00:00+07:00,2.673,239.879,3.237,782.326,0.728,0,31.271,0,35.842,26.699,33.700,54.404,37.936,27.449,35.172,62.027,37.769,27.012,34.599,57.909,0,0,31.059,0,7.044,29.733,0.333,30.509,185.986,97.307,7.016,9.784,13.679,10.473,1.639,1.615,2.260,3.004,3.628,1.669,1.671,2.304,3.007,3.613,1.609,7.177,1.107,0.495,7.197,1.085,0.445,1.915,190.188,97.160
SYN-000907,2025-02-07T18:00:00+07:00,2.654,239.296,3.289,746.810,0.326,0,31.523,0,37.014,26.647,33.840,60.182,36.827,25.797,34.919,60.472,37.326,27.274,34.765,59.947,0,0,32.000,0,7.037,31.652,0.276,32.478,206.514,95.594,6.894,12.552,14.257,11.765,2.014,1.648,2.251,3.076,3.525,1.974,1.664,2.351,2.935,3.582,2.055,7.147,1.479,0.587,7.114,1.437,0.445,0.902,203.984,96.543
SYN-000908,2025-02-07T19:00:00+07:00,2.628,241.268,3.295,768.111,0.386,0,31.526,0,37.435,28.333,33.980,58.368,38.161,27.206,35.500,61.527,36.483,26.651,35.186,56.128,0,0,31.728,0,7.042,31.480,0.295,32.774,190.012,100.607,7.108,12.618,13.187,12.435,1.980,1.622,2.350,3.002,3.662,1.901,1.683,2.311,2.898,3.565,2.059,7.145,1.479,0.457,7.183,1.420,0.498,2.728,187.594,100.686
SYN-000909,2025-02-07T20:00:00+07:00,2.665,239.297,3.278,753.678,0,0,30.771,0,38.494,27.583,34.120,60.583,37.677,28.182,34.846,58.691,37.650,27.882,35.003,60.957,0.253,0,31.888,0,7.037,29.740,0.313,28.560,216.955,106.094,7.067,12.231,11.510,13.106,2.044,1.668,2.237,3.020,3.485,1.909,1.643,2.321,2.963,3.553,2.180,7.119,1.416,0.502,7.093,1.428,0.410,1.985,217.869,103.857
SYN-000910,2025-02-07T21:00:00+07:00,2.649,244.359,3.303,770.764,0.601,0,31.222,0,37.012,26.692,34.260,57.245,38.887,27.674,34.901,61.117,37.717,28.569,35.974,63.521,0,0,31.183,0,6.983,27.022,0.273,31.213,205.706,96.114,6.905,11.923,12.296,11.734,2.054,1.588,2.269,2.873,3.570,2.069,1.703,2.260,2.922,3.671,2.039,7.067,1.433,0.420,7.095,1.420,0.475,1.376,207.483,97.988
SYN-000911,2025-02-07T22:00:00+07:00,2.624,247.006,3.255,813.851,0.752,0,31.774,0,40.578,28.890,34.400,65.896,39.089,26.561,35.795,61.297,39.329,28.980,35.205,65.788,0,0,30.593,0,7.139,25.212,0.241,27.332,205.762,102.772,7.066,11.651,12.143,12.143,2.003,1.656,2.307,2.964,3.572,2.038,1.595,2.333,2.892,3.542,1.968,7.127,1.488,0.476,7.146,1.452,0.503,2.469,208.692,103.473
SYN-000912,2025-02-07T23:00:00+07:00,2.596,242.420,3.282,794.912,0,0,31.375,0,40.022,29.465,34.540,63.424,39.324,30.638,34.461,64.822,39.818,29.976,35.569,66.175,0.597,0,31.004,0,6.966,29.884,0.227,31.994,199.849,99.257,7.029,10.982,12.817,11.814,1.709,1.666,2.298,2.940,3.604,1.805,1.704,2.345,2.924,3.652,1.613,7.199,1.137,0.527,7.121,1.096,0.519,1.380,198.433,102.100
SYN-000913,2025-02-08T00:00:00+07:00,2.576,242.952,3.260,830.052,40.756,30.159,34.805,67.462,40.801,27.651,34.680,66.058,40.669,29.254,35.638,65.943,0.330,0,31.242,0,0,0,31.521,0,7.299,27.053,0.241,28.880,203.075,98.427,7.327,10.183,11.954,9.844,1.546,1.656,2.382,2.972,3.610,1.502,1.646,2.218,2.956,3.572,1.589,7.113,1.143,0.509,7.114,1.122,0.439,2.189,205.328,97.140
SYN-000914,2025-02-08T01:00:00+07:00,2.569,246.120,3.285,850.844,42.339,28.578,35.834,69.944,41.450,30.009,34.820,68.022,42.565,29.857,35.177,68.156,0.322,0,31.498,0,0,0,32.028,0,6.938,30.975,0.222,28.904,224.429,87.954,7.016,10.975,13.060,11.217,1.763,1.646,2.270,2.956,3.618,1.674,1.647,2.268,2.982,3.685,1.851,7.120,1.238,0.505,7.077,1.146,0.501,2.379,228.178,87.254
SYN-000915,2025-02-08T02:00:00+07:00,2.521,250.372,3.213,813.647,43.111,28.741,35.480,64.879,43.572,30.390,34.960,68.318,42.718,29.374,36.085,68.737,0,0,31.441,0,0.354,0,31.670,0,7.172,33.426,0.302,32.189,209.298,95.460,7.204,12.333,14.293,13.632,2.009,1.633,2.297,2.923,3.592,2.012,1.682,2.297,2.855,3.648,2.007,7.172,1.519,0.410,7.100,1.462,0.482,2.210,213.347,96.440
SYN-000916,2025-02-08T03:00:00+07:00,2.583,245.035,3.201,823.613,44.119,30.662,36.601,75.217,44.806,27.864,35.100,71.586,44.017,30.719,35.786,68.175,0.731,0,31.086,0,0,0,31.317,0,7.114,28.406,0.334,30.103,200.284,105.697,7.048,11.111,11.575,10.922,1.922,1.699,2.252,2.929,3.650,1.792,1.641,2.361,2.940,3.572,2.052,7.165,1.450,0.455,7.201,1.418,0.485,1.214,198.650,107.195
SYN-000917,2025-02-08T04:00:00+07:00,2.576,239.893,3.206,841.652,44.880,32.282,35.474,72.849,45.168,31.622,35.240,74.020,44.284,32.175,35.674,65.839,0,0,31.506,0,0,0,30.441,0,7.000,29.439,0.304,30.784,177.987,94.751,7.008,10.024,15.258,9.776,1.653,1.697,2.365,2.856,3.586,1.574,1.649,2.267,2.891,3.637,1.732,7.181,1.169,0.473,7.144,1.152,0.504,2.811,184.209,97.320
SYN-000918,2025-02-08T05:00:00+07:00,2.535,249.375,3.229,836.724,44.429,29.506,36.304,68.999,43.631,30.646,35.380,70.483,45.119,31.254,35.459,75.557,0.723,0,31.646,0,0.238,0,30.794,0,7.109,27.783,0.283,31.518,197.783,100.720,7.196,9.858,11.409,9.993,1.466,1.636,2.274,2.966,3.607,1.431,1.649,2.282,2.898,3.556,1.502,7.173,1.134,0.474,7.083,1.129,0.413,1.345,197.669,100.981
SYN-000919,2025-02-08T06:00:00+07:00,2.568,244.920,3.271,851.802,44.451,31.681,35.564,75.296,46.288,31.936,35.520,71.895,44.900,31.189,35.862,67.978,0,0,31.037,0,0,0,31.305,0,6.916,28.522,0.298,32.954,213.205,94.869,6.783,11.030,13.975,11.367,1.768,1.611,2.348,2.973,3.591,1.741,1.709,2.274,2.945,3.576,1.795,7.188,1.302,0.494,7.178,1.269,0.417,2.096,221.126,94.658
SYN-000920,2025-02-08T07:00:00+07:00,2.496,240.475,3.198,845.650,44.123,29.728,35.472,71.902,45.382,31.448,35.660,70.352,43.882,30.020,36.583,68.198,0,0,30.146,0,1.363,0,30.812,0,6.958,28.395,0.233,29.774,184.005,100.330,6.957,7.922,13.720,8.421,1.311,1.757,2.277,2.936,3.561,1.309,1.659,2.306,2.950,3.597,1.313,7.179,0.844,0.510,7.114,0.872,0.476,2.229,193.802,99.631
SYN-000921,2025-02-08T08:00:00+07:00,2.476,247.405,3.199,852.028,43.909,29.633,36.028,71.856,45.407,31.439,35.800,73.644,0.557,0,31.395,0,1.392,0,31.264,0,43.540,29.024,36.086,71.169,7.186,30.288,0.278,28.649,215.527,104.392,7.148,9.537,12.684,9.561,1.617,1.662,2.390,3.021,3.615,1.389,1.623,2.297,2.928,3.622,1.845,7.188,1.153,0.520,7.162,1.109,0.444,2.555,224.269,103.297
SYN-000922,2025-02-08T09:00:00+07:00,2.512,245.562,3.210,821.229,44.691,31.822,36.020,72.321,43.786,30.279,35.940,67.187,0,0,32.030,0,0,0,31.341,0,43.866,30.054,36.150,72.346,7.066,33.361,0.303,28.157,235.185,98.059,7.143,13.251,12.836,13.069,2.437,1.620,2.230,3.001,3.654,2.410,1.630,2.357,2.890,3.588,2.463,7.123,1.782,0.543,7.220,1.779,0.481,2.649,226.918,97.041
SYN-000923,2025-02-08T10:00:00+07:00,2.445,249.276,3.203,842.882,42.865,30.575,36.006,67.343,42.865,30.155,36.080,66.069,0,0,31.998,0,0,0,31.393,0,42.852,29.173,35.991,70.413,7.022,31.278,0.238,30.135,190.585,95.164,6.969,11.324,11.720,10.623,1.925,1.625,2.268,3.088,3.647,1.728,1.650,2.275,2.967,3.562,2.123,7.111,1.332,0.540,7.083,1.362,0.409,1.922,196.723,97.432
SYN-000924,2025-02-08T11:00:00+07:00,2.500,257.691,3.151,831.227,41.807,28.733,34.712,67.862,41.428,28.729,36.220,68.341,0.588,0,32.050,0,0,0,32.198,0,42.240,31.034,35.630,61.585,7.076,32.414,0.295,33.947,194.694,91.947,7.049,11.496,15.284,11.654,1.768,1.694,2.345,3.000,3.601,1.526,1.581,2.280,2.923,3.587,2.011,7.177,1.393,0.472,7.176,1.481,0.449,2.683,198.452,92.972
SYN-000925,2025-02-08T12:00:00+07:00,2.392,244.015,3.213,789.319,41.617,29.890,35.881,66.432,40.813,29.006,36.360,66.958,0,0,31.378,0,0.840,0,32.506,0,40.855,28.095,35.551,66.182,7.042,31.660,0.297,32.474,207.031,99.096,7.068,11.942,13.269,11.884,1.945,1.601,2.273,2.995,3.530,1.781,1.626,2.258,2.897,3.556,2.110,7.180,1.468,0.483,7.292,1.461,0.457,1.877,201.675,100.777
SYN-000926,2025-02-08T13:00:00+07:00,2.364,249.385,3.202,794.902,39.091,27.122,35.224,63.857,39.498,27.724,36.500,65.992,0,0,31.625,0,0,0,31.354,0,39.185,26.931,36.084,60.989,6.826,31.410,0.261,32.389,209.182,90.619,6.872,10.582,13.505,10.686,1.701,1.673,2.343,2.988,3.618,1.637,1.721,2.358,2.985,3.617,1.764,7.134,1.144,0.477,7.203,1.140,0.462,2.734,206.650,91.981
SYN-000927,2025-02-08T14:00:00+07:00,2.476,237.598,3.192,810.817,37.878,27.908,35.279,60.506,39.876,29.683,36.640,62.337,0,0,31.623,0,0.398,0,32.052,0,38.799,29.376,35.661,62.383,7.000,26.906,0.295,33.962,225.492,103.987,7.072,9.508,15.335,9.376,1.438,1.652,2.369,2.929,3.585,1.420,1.681,2.245,2.889,3.536,1.455,7.183,0.990,0.497,7.261,0.953,0.448,2.925,224.733,105.004
SYN-000928,2025-02-08T15:00:00+07:00,2.422,257.763,3.184,773.533,39.257,27.919,35.554,64.940,38.170,27.564,36.780,62.534,0,0,31.240,0,0.523,0,31.898,0,37.632,25.353,35.190,57.924,7.059,29.196,0.344,28.819,190.257,94.010,6.997,10.006,14.294,9.840,1.626,1.765,2.315,2.989,3.623,1.625,1.682,2.345,3.051,3.581,1.626,7.150,1.144,0.454,7.210,1.115,0.480,1.916,187.342,94.164
SYN-000929,2025-02-08T16:00:00+07:00,2.373,252.728,3.215,788.624,37.822,26.726,35.633,59.588,0.050,0,36.920,0,0.424,0,31.933,0,38.124,27.557,35.990,61.569,38.514,26.640,35.359,65.663,7.116,29.934,0.309,32.072,226.586,94.403,7.217,10.509,14.257,9.911,1.532,1.713,2.312,3.012,3.608,1.482,1.642,2.374,2.930,3.606,1.583,7.171,1.079,0.497,7.178,1.048,0.459,2.315,226.791,93.810
SYN-000930,2025-02-08T17:00:00+07:00,2.373,251.690,3.188,784.993,36.982,28.896,34.969,60.398,0,0,37.060,0,0,0,31.120,0,37.723,26.432,35.285,62.583,36.773,27.269,35.790,57.947,7.063,29.912,0.284,32.737,202.928,99.078,7.025,9.559,14.324,9.150,1.569,1.678,2.347,2.990,3.540,1.420,1.603,2.388,2.982,3.638,1.719,7.139,1.148,0.505,7.225,1.124,0.477,2.637,203.672,99.586
SYN-000931,2025-02-08T18:00:00+07:00,2.388,249.990,3.160,753.928,36.788,26.086,35.055,54.845,0,0,37.200,0,0.905,0,31.483,0,36.828,27.861,35.251,61.416,37.546,26.085,34.683,59.849,7.069,33.035,0.334,33.654,185.633,88.669,7.105,13.277,14.532,12.585,2.251,1.620,2.297,3.041,3.640,2.015,1.584,2.301,2.914,3.593,2.486,7.165,1.683,0.440,7.085,1.743,0.476,2.901,180.684,87.999
SYN-000932,2025-02-08T19:00:00+07:00,2.348,252.800,3.128,790.841,37.669,25.438,34.598,62.007,0.118,0,37.340,0,0,0,31.778,0,37.137,26.170,34.997,62.077,36.303,26.786,35.175,56.782,7.077,32.116,0.299,32.687,193.908,94.753,7.086,10.532,14.022,10.266,1.636,1.632,2.333,2.928,3.679,1.408,1.672,2.218,2.906,3.576,1.865,7.120,1.195,0.498,7.135,1.155,0.397,2.788,185.305,97.862
SYN-000933,2025-02-08T20:00:00+07:00,2.381,262.166,3.189,777.910,37.825,28.115,35.257,61.404,0,0,37.480,0,0,0,31.623,0,37.036,24.955,35.765,63.131,36.607,26.188,34.923,59.696,7.144,29.413,0.289,31.734,196.358,99.075,7.097,10.086,13.359,10.576,1.689,1.610,2.317,2.946,3.591,1.881,1.634,2.280,3.036,3.640,1.497,7.182,1.354,0.491,7.181,1.427,0.527,2.049,203.046,102.665
SYN-000934,2025-02-08T21:00:00+07:00,2.396,253.903,3.146,779.859,37.481,27.408,35.283,61.515,0,0,37.620,0,0.019,0,31.718,0,37.627,29.104,34.532,61.395,38.513,26.957,34.940,61.503,7.112,33.035,0.307,34.995,189.733,96.911,7.094,11.716,14.537,11.776,1.840,1.654,2.351,2.978,3.532,1.809,1.622,2.333,2.999,3.593,1.872,7.222,1.392,0.415,7.073,1.378,0.411,1.941,194.372,101.897
SYN-000935,2025-02-08T22:00:00+07:00,2.326,251.442,3.140,805.811,39.040,28.187,34.598,62.076,0.061,0,37.760,0,0.201,0,32.237,0,38.566,28.366,36.122,62.904,38.919,27.971,36.041,64.022,7.000,32.318,0.308,32.620,202.378,99.920,7.020,13.315,15.328,13.840,2.101,1.697,2.329,2.936,3.621,1.996,1.631,2.289,2.920,3.526,2.206,7.155,1.468,0.462,7.156,1.543,0.491,3.035,203.946,99.730
SYN-000936,2025-02-08T23:00:00+07:00,2.312,247.225,3.119,825.637,40.510,27.407,35.417,64.051,0.591,0,37.900,0,0,0,31.668,0,38.481,28.052,35.281,60.548,39.671,28.446,35.793,63.375,6.919,28.903,0.284,27.527,201.831,105.487,6.920,9.945,11.327,10.070,1.570,1.517,2.339,2.948,3.613,1.520,1.652,2.300,2.870,3.655,1.620,7.216,1.162,0.498,7.100,1.090,0.462,1.736,193.571,105.515
SYN-000937,2025-02-09T00:00:00+07:00,2.280,247.647,3.147,812.211,0,0,31.410,0,0.794,0,38.040,0,41.341,29.302,35.474,64.790,41.905,28.891,35.660,68.055,43.118,29.080,35.717,67.970,7.114,33.080,0.304,34.307,209.880,104.302,7.049,12.837,14.712,12.288,2.161,1.632,2.256,2.939,3.698,2.118,1.613,2.313,2.918,3.628,2.204,7.162,1.469,0.495,7.111,1.532,0.439,2.264,206.828,103.808
SYN-000938,2025-02-09T01:00:00+07:00,2.352,260.891,3.082,814.950,0,0,32.041,0,0.269,0,38.180,0,42.504,29.839,35.789,70.958,42.340,29.562,35.639,65.138,41.519,28.780,35.246,65.342,7.078,33.363,0.263,35.315,188.816,105.168,7.058,12.719,15.144,12.632,2.062,1.643,2.262,2.863,3.563,2.052,1.625,2.229,2.952,3.671,2.071,7.129,1.473,0.479,7.052,1.389,0.447,2.883,189.335,106.310
SYN-000939,2025-02-09T02:00:00+07:00,2.300,257.584,3.129,815.290,0,0,31.684,0,0.105,0,38.320,0,42.230,30.403,34.980,67.589,43.415,31.577,35.782,74.095,43.945,30.389,36.157,66.824,6.907,31.933,0.352,30.603,195.261,99.383,6.846,11.386,12.823,11.207,1.994,1.580,2.339,2.917,3.643,1.789,1.635,2.227,3.008,3.669,2.199,7.089,1.458,0.502,7.208,1.444,0.456,2.635,190.987,102.755
SYN-000940,2025-02-09T03:00:00+07:00,2.279,256.153,3.167,828.347,1.317,0,31.503,0,0,0,38.460,0,44.268,29.538,35.597,68.444,44.667,30.467,35.844,71.661,43.827,31.376,34.785,71.711,7.027,28.271,0.273,31.374,189.965,101.880,7.051,8.352,14.213,7.568,1.474,1.630,2.285,2.918,3.649,1.454,1.617,2.336,2.938,3.671,1.493,7.150,1.171,0.437,7.266,1.133,0.491,1.704,188.405,100.674
SYN-000941,2025-02-09T04:00:00+07:00,2.254,262.076,3.139,827.135,1.000,0,30.861,0,0,0,38.600,0,44.306,27.824,36.707,73.622,44.635,31.744,35.596,69.082,43.633,32.642,36.081,67.505,7.033,27.367,0.302,25.493,202.700,101.809,7.151,10.110,10.118,10.338,1.608,1.675,2.246,2.973,3.584,1.453,1.680,2.267,3.010,3.519,1.764,7.155,1.176,0.445,7.172,1.125,0.510,1.069,204.469,102.262
SYN-000942,2025-02-09T05:00:00+07:00,2.223,256.233,3.128,874.798,1.421,0,31.427,0,0.796,0,38.740,0,45.046,29.394,36.093,71.238,44.239,28.527,36.595,72.572,45.334,31.720,36.735,70.819,7.141,30.769,0.231,27.208,219.962,107.600,7.187,9.930,11.886,10.064,1.715,1.699,2.279,2.982,3.590,1.587,1.716,2.288,3.043,3.574,1.843,7.068,1.275,0.531,7.056,1.343,0.500,2.491,226.815,108.747
SYN-000943,2025-02-09T06:00:00+07:00,2.209,266.428,3.150,827.237,0,0,31.027,0,0.310,0,38.880,0,46.021,32.139,36.221,72.857,44.439,28.290,35.990,70.681,46.367,31.859,35.920,76.488,7.160,29.103,0.297,31.648,195.457,89.049,7.135,9.663,16.333,9.676,1.863,1.666,2.320,2.940,3.648,1.713,1.637,2.283,2.938,3.548,2.014,7.156,1.403,0.489,7.069,1.348,0.445,2.028,202.196,81.909
SYN-000944,2025-02-09T07:00:00+07:00,2.219,252.902,3.096,864.819,0,0,30.949,0,0,0,39.020,0,45.035,29.539,35.686,70.007,45.205,30.667,36.830,73.640,44.454,30.756,36.234,68.425,7.032,28.141,0.228,25.476,199.281,103.101,6.911,10.782,10.325,11.037,1.886,1.681,2.313,3.020,3.598,1.814,1.640,2.276,3.011,3.592,1.959,7.174,1.303,0.462,7.175,1.253,0.454,1.621,203.329,103.849
SYN-000945,2025-02-09T08:00:00+07:00,2.166,260.844,3.149,819.873,0.657,0,31.664,0,44.857,31.377,39.160,72.905,44.754,29.979,36.329,68.877,43.520,29.819,36.094,71.699,0,0,31.936,0,7.081,31.305,0.235,29.923,207.858,86.438,7.121,11.767,12.857,11.908,1.818,1.611,2.326,2.938,3.616,1.680,1.649,2.226,2.913,3.522,1.956,7.185,1.235,0.488,7.142,1.280,0.457,2.181,209.928,86.338
SYN-000946,2025-02-09T09:00:00+07:00,2.257,260.642,3.142,821.747,0,0,32.101,0,43.811,30.864,39.300,68.626,42.256,27.943,35.573,68.393,44.858,30.643,36.477,76.398,0.895,0,31.850,0,7.077,25.402,0.306,30.082,205.557,98.878,7.155,10.519,13.200,10.216,1.818,1.675,2.347,2.975,3.574,1.636,1.658,2.347,3.034,3.591,2.000,7.154,1.292,0.534,7.165,1.287,0.410,1.982,211.115,95.981
SYN-000947,2025-02-09T10:00:00+07:00,2.178,257.347,3.142,810.898,0.872,0,31.116,0,43.502,30.071,39.440,66.974,43.100,27.334,35.184,68.350,42.452,30.698,36.130,68.143,0.535,0,32.084,0,7.025,32.415,0.262,34.721,190.865,101.171,7.006,13.880,16.126,14.206,2.244,1.634,2.279,2.915,3.530,2.248,1.590,2.271,2.963,3.574,2.240,7.123,1.576,0.409,7.083,1.520,0.435,2.975,193.910,101.482
SYN-000948,2025-02-09T11:00:00+07:00,2.233,271.342,3.115,816.146,0,0,31.099,0,42.048,28.888,39.580,67.723,42.312,29.345,35.964,70.816,42.277,29.563,35.858,68.829,0,0,31.119,0,7.288,31.430,0.282,28.225,198.479,96.151,7.338,13.302,10.669,13.612,2.173,1.643,2.269,2.998,3.636,2.125,1.659,2.302,2.844,3.593,2.222,7.254,1.582,0.489,7.135,1.565,0.460,1.830,199.568,99.183
SYN-000949,2025-02-09T12:00:00+07:00,2.216,263.637,3.050,820.454,0,0,30.957,0,41.028,28.919,39.720,64.171,40.810,28.185,35.082,66.052,41.128,28.895,35.181,65.970,0.031,0,31.662,0,7.090,23.702,0.296,26.460,197.392,93.440,7.211,9.225,12.109,8.803,1.525,1.634,2.223,2.948,3.627,1.550,1.710,2.287,2.831,3.597,1.501,7.147,1.189,0.512,7.164,1.170,0.381,2.186,197.042,94.916
SYN-000950,2025-02-09T13:00:00+07:00,2.198,269.624,3.116,803.982,0,0,32.166,0,40.493,29.453,39.860,66.530,39.729,27.367,35.224,63.325,40.384,27.105,35.443,63.781,0.116,0,31.315,0,7.024,30.873,0.269,31.057,181.258,97.222,7.052,9.522,14.121,8.896,1.613,1.624,2.320,2.884,3.592,1.467,1.729,2.284,2.902,3.645,1.759,7.079,1.106,0.401,7.221,1.180,0.504,1.850,185.366,94.643
SYN-000951,2025-02-09T14:00:00+07:00,2.140,272.079,3.055,774.718,0,0,32.149,0,38.681,26.905,40.000,64.068,39.491,25.188,35.358,62.714,38.683,27.051,34.975,62.321,1.103,0,31.177,0,7.028,31.019,0.285,31.012,211.184,90.429,6.970,11.989,11.958,11.882,1.899,1.610,2.326,2.962,3.596,1.888,1.712,2.291,2.849,3.567,1.911,7.104,1.397,0.507,7.070,1.421,0.456,1.499,208.638,93.292
SYN-000952,2025-02-09T15:00:00+07:00,2.143,262.537,3.081,790.124,0,0,30.863,0,38.459,26.401,40.140,59.397,38.096,25.980,35.768,60.367,37.461,27.231,34.420,62.105,0.366,0,30.985,0,7.034,31.255,0.252,29.960,198.767,101.177,7.000,10.166,14.037,9.836,1.687,1.729,2.278,2.973,3.603,1.592,1.649,2.277,2.880,3.596,1.783,7.117,1.175,0.489,7.169,1.141,0.392,1.816,198.858,96.615
SYN-000953,2025-02-09T16:00:00+07:00,2.165,269.572,3.125,772.325,37.277,28.326,35.830,59.160,36.963,27.824,40.280,55.413,38.287,27.185,34.632,58.915,0,0,31.447,0,0,0,31.791,0,6.914,23.977,0.278,26.421,215.237,105.303,6.856,8.485,10.424,8.784,1.488,1.650,2.254,3.030,3.591,1.245,1.659,2.280,3.022,3.628,1.731,7.169,1.047,0.501,7.177,1.076,0.445,1.281,202.935,104.249
SYN-000954,2025-02-09T17:00:00+07:00,2.151,261.457,3.056,800.590,36.366,25.991,34.475,59.858,37.753,26.261,40.420,60.578,36.996,26.433,34.457,58.300,0.935,0,31.683,0,0,0,31.179,0,7.059,26.007,0.232,30.492,225.319,94.895,7.114,10.638,14.036,10.309,1.769,1.686,2.326,2.910,3.583,1.793,1.666,2.236,2.845,3.611,1.745,7.157,1.253,0.534,7.137,1.251,0.427,2.338,237.559,93.565
SYN-000955,2025-02-09T18:00:00+07:00,2.107,273.166,3.089,777.867,37.973,27.769,35.002,55.397,37.289,25.572,40.560,60.882,36.850,26.270,35.468,61.270,0.395,0,31.636,0,0.067,0,31.388,0,7.130,26.441,0.246,30.929,202.369,98.239,7.166,8.436,11.375,8.658,1.513,1.728,2.311,2.921,3.613,1.378,1.624,2.292,2.898,3.608,1.649,7.263,1.164,0.492,7.201,1.072,0.391,2.021,195.742,98.295
SYN-000956,2025-02-09T19:00:00+07:00,2.177,263.465,3.062,769.595,36.848,25.747,35.433,54.336,37.530,27.677,40.700,60.936,37.097,27.377,35.020,58.709,0,0,31.735,0,0.043,0,32.034,0,7.070,24.186,0.270,24.308,222.060,100.408,7.053,8.621,10.232,8.315,1.385,1.550,2.266,2.938,3.520,1.396,1.646,2.287,2.998,3.566,1.375,7.104,1.065,0.477,7.166,1.142,0.426,2.512,217.501,101.554
SYN-000957,2025-02-09T20:00:00+07:00,2.133,265.307,3.046,791.410,36.880,26.461,35.204,58.196,36.588,23.772,40.840,58.902,38.135,26.722,34.987,61.619,1.717,0,30.950,0,0,0,30.871,0,7.043,30.719,0.252,28.527,217.775,89.181,7.017,12.715,13.821,12.421,2.007,1.625,2.334,2.968,3.543,2.021,1.699,2.231,2.929,3.570,1.994,7.143,1.444,0.426,7.168,1.455,0.499,1.407,221.893,90.674
SYN-000958,2025-02-09T21:00:00+07:00,2.127,273.175,3.071,792.948,37.471,27.235,35.385,62.056,38.583,27.469,40.980,60.511,38.881,26.869,34.764,59.406,0,0,30.815,0,0.779,0,31.058,0,6.987,28.623,0.283,33.159,182.272,95.455,7.103,10.315,13.799,9.882,1.787,1.699,2.290,2.864,3.610,1.666,1.697,2.290,2.970,3.530,1.907,7.144,1.258,0.491,7.108,1.221,0.468,2.103,184.563,92.058
SYN-000959,2025-02-09T22:00:00+07:00,2.119,264.564,3.073,798.889,38.424,26.054,35.681,64.305,39.022,28.186,41.120,61.587,38.791,27.430,35.415,64.083,0,0,31.858,0,0,0,31.728,0,6.812,22.193,0.268,24.943,198.464,100.498,6.776,7.664,9.953,7.099,1.183,1.660,2.295,2.992,3.526,1.013,1.656,2.250,2.900,3.538,1.353,7.143,0.778,0.488,7.083,0.715,0.457,1.250,195.959,100.899
SYN-000960,2025-02-09T23:00:00+07:00,2.114,261.595,3.096,799.108,40.543,29.333,35.628,64.378,41.275,28.372,41.260,67.915,39.860,27.509,35.157,64.547,0,0,31.565,0,0.282,0,30.972,0,7.094,29.070,0.316,29.572,226.094,96.814,7.125,10.122,12.964,10.433,1.728,1.576,2.325,2.918,3.659,1.715,1.657,2.259,2.964,3.624,1.742,7.143,1.176,0.442,7.101,1.158,0.513,2.094,223.197,94.778
SYN-000961,2025-02-10T00:00:00+07:00,2.121,261.069,3.045,819.136,42.311,29.703,36.085,68.540,40.059,28.146,41.400,66.998,0.730,0,30.738,0,0,0,31.536,0,41.062,29.917,36.581,68.457,7.127,23.377,0.270,28.436,195.790,97.437,7.159,7.283,13.507,7.610,1.103,1.648,2.258,2.996,3.690,0.957,1.672,2.369,3.037,3.525,1.250,7.091,0.813,0.511,7.154,0.764,0.433,2.291,199.751,98.392
SYN-000962,2025-02-10T01:00:00+07:00,2.091,276.421,3.093,828.995,43.399,29.371,35.803,71.196,41.759,29.282,41.540,65.304,0,0,32.190,0,0,0,30.688,0,43.314,30.964,35.714,68.375,7.169,26.432,0.287,33.485,233.267,100.751,7.176,9.707,14.057,10.265,1.548,1.651,2.276,2.903,3.598,1.483,1.670,2.270,2.933,3.594,1.613,7.198,1.004,0.488,7.063,0.956,0.533,2.552,234.610,100.099
SYN-000963,2025-02-10T02:00:00+07:00,2.095,270.208,3.039,826.783,41.787,30.204,36.584,65.209,42.388,30.835,41.680,70.702,0.672,0,31.630,0,0.671,0,31.776,0,43.466,29.323,36.872,69.867,7.114,25.050,0.281,30.456,212.730,105.760,7.113,10.121,12.335,10.521,1.565,1.639,2.324,3.044,3.602,1.476,1.596,2.303,2.964,3.539,1.655,7.132,1.195,0.501,7.147,1.266,0.472,1.640,215.365,106.318
SYN-000964,2025-02-10T03:00:00+07:00,2.118,280.612,3.078,821.686,42.413,29.105,35.530,66.808,44.087,30.282,41.820,74.025,0.189,0,32.215,0,0.372,0,30.999,0,42.507,28.973,35.741,67.902,7.139,29.202,0.247,31.497,206.623,96.355,7.164,11.736,12.810,12.547,2.057,1.650,2.230,2.952,3.582,1.932,1.545,2.291,3.011,3.723,2.183,7.084,1.471,0.475,7.183,1.471,0.449,1.181,199.655,99.035
SYN-000965,2025-02-10T04:00:00+07:00,2.075,278.433,3.111,877.978,44.825,30.902,35.543,68.956,43.295,29.095,41.960,70.006,0.633,0,31.910,0,0,0,32.296,0,45.368,30.432,36.784,72.355,7.000,29.283,0.235,30.572,186.984,97.438,6.996,11.362,11.907,11.067,2.037,1.679,2.322,2.872,3.617,2.138,1.655,2.306,2.992,3.641,1.935,7.126,1.372,0.454,7.277,1.348,0.414,1.738,185.573,97.479
SYN-000966,2025-02-10T05:00:00+07:00,2.158,269.219,3.067,854.122,45.929,31.287,36.347,71.699,44.806,30.109,42.100,73.819,0.587,0,31.463,0,0.631,0,31.767,0,45.103,31.626,35.925,69.446,6.977,21.210,0.308,28.809,211.959,102.810,6.862,7.309,10.964,7.093,1.115,1.648,2.264,2.952,3.600,1.157,1.616,2.288,2.953,3.574,1.073,7.145,0.748,0.472,7.082,0.801,0.495,2.051,212.904,103.022
SYN-000967,2025-02-10T06:00:00+07:00,2.085,279.425,3.112,825.689,45.094,31.733,36.664,70.758,44.655,30.861,42.240,73.957,2.142,0,31.263,0,0,0,31.205,0,45.350,31.073,35.620,76.018,7.010,24.437,0.271,29.368,209.919,94.043,7.047,9.037,11.095,8.969,1.555,1.598,2.283,2.910,3.687,1.601,1.717,2.313,2.955,3.573,1.510,7.155,1.069,0.412,7.144,1.074,0.433,2.361,205.936,97.518
SYN-000968,2025-02-10T07:00:00+07:00,2.141,272.496,3.096,844.249,45.784,31.560,36.796,69.483,44.711,29.789,42.380,72.767,0,0,31.198,0,0.551,0,31.644,0,43.586,30.296,36.758,70.048,6.914,21.743,0.270,30.885,215.169,88.256,6.903,8.244,13.433,8.465,1.284,1.682,2.342,2.907,3.607,1.283,1.594,2.250,2.995,3.609,1.285,7.224,0.995,0.425,6.989,1.010,0.465,2.370,227.108,90.794
SYN-000969,2025-02-10T08:00:00+07:00,2.125,270.232,3.047,854.717,43.657,29.841,34.640,73.820,0,0,42.520,0,0.324,0,31.975,0,44.908,31.423,36.376,71.862,44.704,29.332,36.268,73.196,7.033,23.320,0.248,23.077,215.781,94.611,7.004,8.183,9.600,8.345,1.346,1.723,2.249,2.978,3.691,1.289,1.630,2.229,2.911,3.634,1.402,7.154,1.002,0.475,7.148,1.018,0.484,0.764,223.794,94.502
SYN-000970,2025-02-10T09:00:00+07:00,2.109,275.461,3.084,845.680,43.533,29.536,35.965,68.140,0,0,42.660,0,0,0,31.759,0,44.267,30.077,35.498,67.463,44.106,30.204,35.301,69.576,7.083,23.387,0.341,26.483,190.669,95.334,7.003,7.494,11.091,7.485,0.966,1.658,2.330,2.939,3.584,0.923,1.727,2.314,2.954,3.597,1.008,7.175,0.729,0.512,7.208,0.768,0.527,0.956,193.146,96.417
SYN-000971,2025-02-10T10:00:00+07:00,2.101,280.658,3.072,819.997,42.763,28.875,36.074,68.768,0,0,42.800,0,0,0,31.156,0,42.749,30.403,36.292,68.634,44.418,29.967,35.047,73.317,7.066,29.039,0.262,29.831,223.947,96.890,7.107,9.529,13.392,9.272,1.652,1.732,2.292,2.859,3.579,1.684,1.665,2.366,2.944,3.624,1.621,7.124,1.103,0.455,7.162,1.138,0.406,1.893,224.885,98.840
SYN-000972,2025-02-10T11:00:00+07:00,2.075,279.514,3.073,817.312,42.513,29.026,36.193,68.452,0.178,0,42.940,0,0,0,31.638,0,40.566,27.355,35.267,64.253,41.643,28.419,35.248,70.054,7.000,21.754,0.305,25.597,189.556,107.270,6.976,9.495,10.061,9.274,1.482,1.682,2.334,2.952,3.539,1.385,1.624,2.242,2.906,3.607,1.578,7.224,1.089,0.497,7.182,1.085,0.465,2.190,191.717,107.949
SYN-000973,2025-02-10T12:00:00+07:00,2.141,278.691,3.091,828.713,40.100,30.064,36.213,66.649,0.697,0,31.635,0,0.213,0,31.797,0,41.401,29.860,35.531,65.130,39.487,27.170,35.531,63.460,7.196,27.284,0.264,32.120,205.916,101.386,7.237,6.667,14.255,6.255,0.923,1.610,2.298,2.937,3.623,0.827,1.629,2.309,3.004,3.670,1.020,7.094,0.744,0.489,7.093,0.659,0.477,2.386,199.801,97.359
SYN-000974,2025-02-10T13:00:00+07:00,2.042,275.944,3.096,824.925,40.352,28.168,35.393,62.848,0.479,0,30.798,0,0.524,0,31.116,0,40.893,29.269,35.590,63.310,39.698,29.361,35.283,62.078,7.101,21.040,0.294,23.780,194.368,97.594,7.120,6.618,10.845,6.181,1.310,1.591,2.298,3.000,3.616,1.352,1.620,2.349,2.978,3.700,1.268,7.112,0.906,0.471,7.158,0.885,0.467,1.108,203.027,97.425
SYN-000975,2025-02-10T14:00:00+07:00,2.027,275.814,3.072,788.012,38.987,26.725,35.679,64.738,0.659,0,31.704,0,0,0,31.638,0,38.976,28.697,35.715,59.960,38.294,26.563,35.590,59.033,6.972,25.211,0.295,27.450,191.935,108.655,6.932,9.994,11.950,10.445,1.765,1.683,2.345,2.906,3.562,1.817,1.634,2.264,2.891,3.608,1.713,7.124,1.311,0.441,7.160,1.396,0.565,1.856,194.644,104.117
SYN-000976,2025-02-10T15:00:00+07:00,2.154,272.520,3.085,774.442,39.016,27.418,35.795,65.612,0,0,31.262,0,0,0,31.368,0,38.238,26.299,35.204,58.919,39.061,28.258,35.618,65.131,7.020,23.504,0.287,29.657,210.398,105.243,7.004,7.430,14.061,6.963,1.282,1.608,2.291,2.957,3.646,1.130,1.586,2.250,2.990,3.561,1.433,7.038,0.909,0.486,7.134,0.958,0.482,2.717,204.876,104.723
SYN-000977,2025-02-10T16:00:00+07:00,2.136,274.771,3.119,783.173,0.840,0,30.894,0,0,0,31.216,0,37.143,24.922,35.450,63.132,38.035,27.255,35.103,58.979,37.919,27.189,35.495,57.007,7.027,20.818,0.268,29.028,196.729,90.485,7.059,7.351,13.578,7.133,1.210,1.721,2.316,2.948,3.596,1.112,1.651,2.334,2.983,3.549,1.307,7.117,0.929,0.477,7.080,0.874,0.481,2.070,201.563,88.107
SYN-000978,2025-02-10T17:00:00+07:00,2.121,279.950,3.081,803.973,0,0,30.689,0,0,0,31.598,0,36.903,25.979,34.685,59.766,36.952,27.156,36.102,62.959,37.038,24.902,35.724,59.870,7.053,23.764,0.287,29.465,209.956,97.917,7.048,7.351,11.314,7.420,1.108,1.643,2.343,2.974,3.617,1.051,1.658,2.282,2.991,3.654,1.165,7.130,0.754,0.459,7.142,0.748,0.472,1.448,209.464,94.555
SYN-000979,2025-02-10T18:00:00+07:00,2.204,273.936,3.125,781.439,0.760,0,31.059,0,0.246,0,31.822,0,37.228,27.065,35.012,60.349,37.405,26.590,35.433,54.516,37.283,27.102,34.491,61.219,7.047,19.224,0.302,27.487,202.026,99.930,6.984,6.838,11.799,6.083,1.134,1.640,2.301,3.054,3.574,1.024,1.701,2.297,2.903,3.637,1.244,7.102,0.719,0.433,7.099,0.748,0.406,1.724,201.732,102.696
SYN-000980,2025-02-10T19:00:00+07:00,2.191,283.610,3.099,789.037,0.683,0,31.965,0,0.526,0,30.750,0,37.483,26.526,34.726,59.635,37.641,26.796,35.326,59.764,36.578,27.035,35.722,61.027,7.025,17.768,0.299,24.714,218.520,99.697,6.990,5.053,11.528,4.375,0.854,1.731,2.286,2.884,3.579,0.885,1.602,2.319,2.986,3.591,0.824,7.211,0.612,0.557,7.167,0.643,0.511,1.780,222.943,99.335
SYN-000981,2025-02-10T20:00:00+07:00,2.089,279.613,3.062,783.283,0,0,31.088,0,0,0,31.501,0,37.749,25.414,35.643,59.869,37.638,27.660,35.623,58.616,37.774,27.098,34.822,59.553,6.892,20.690,0.283,27.269,192.702,90.973,6.900,7.600,10.664,7.016,1.366,1.716,2.243,2.959,3.689,1.295,1.644,2.278,3.030,3.605,1.436,7.110,0.940,0.526,7.093,0.941,0.456,1.244,189.568,87.386
SYN-000982,2025-02-10T21:00:00+07:00,2.127,268.814,3.088,793.939,0.143,0,31.559,0,0,0,31.044,0,38.870,26.202,34.037,60.533,37.829,26.486,34.678,60.031,37.555,27.439,35.585,58.405,6.988,19.563,0.265,23.592,205.268,94.602,7.012,6.936,11.850,7.068,1.181,1.687,2.262,2.981,3.657,1.093,1.594,2.372,2.977,3.605,1.270,7.206,0.828,0.507,7.159,0.848,0.502,2.098,203.127,95.551
SYN-000983,2025-02-10T22:00:00+07:00,2.087,281.218,3.107,803.766,0.116,0,31.295,0,0,0,30.878,0,39.365,27.648,34.881,62.384,39.042,26.976,36.412,61.884,38.915,27.244,35.003,61.011,7.202,19.276,0.278,25.055,190.412,96.476,7.130,6.190,10.221,6.445,0.923,1.692,2.370,2.949,3.588,0.942,1.610,2.209,2.963,3.595,0.905,7.226,0.670,0.502,7.180,0.586,0.500,0.886,187.388,94.267
SYN-000984,2025-02-10T23:00:00+07:00,2.143,274.627,3.078,832.385,0,0,31.999,0,0.224,0,31.169,0,39.257,29.299,35.534,59.997,39.135,28.855,35.459,61.041,40.313,28.323,36.172,62.679,6.952,19.390,0.259,26.007,215.835,95.635,6.991,6.930,11.078,7.772,1.237,1.667,2.258,2.921,3.672,1.187,1.690,2.351,2.941,3.530,1.286,7.196,0.919,0.447,7.107,0.898,0.504,2.188,219.601,94.381
SYN-000985,2025-02-11T00:00:00+07:00,2.160,270.363,3.107,824.494,1.406,0,32.097,0,40.665,28.940,35.233,65.294,41.461,29.872,35.550,67.738,42.299,27.276,35.985,67.659,0,0,31.655,0,7.220,19.268,0.313,24.125,209.500,97.635,7.163,6.092,10.842,6.336,1.026,1.656,2.211,2.982,3.697,0.888,1.671,2.360,2.985,3.673,1.165,7.132,0.791,0.445,7.101,0.855,0.443,2.012,204.123,97.340
SYN-000986,2025-02-11T01:00:00+07:00,2.150,284.289,3.071,819.967,0,0,31.872,0,41.780,28.678,34.923,67.360,41.693,30.221,36.450,67.540,42.088,28.892,35.663,67.625,0.053,0,31.312,0,7.101,19.752,0.304,26.509,212.648,91.100,7.023,5.527,10.897,5.160,0.876,1.649,2.347,2.886,3.568,0.907,1.629,2.237,2.916,3.471,0.845,7.218,0.746,0.446,7.159,0.822,0.498,1.368,215.309,90.045
SYN-000987,2025-02-11T02:00:00+07:00,2.241,279.713,3.079,829.856,0,0,31.753,0,42.072,27.849,35.655,67.298,42.467,31.078,35.245,66.257,43.647,31.510,35.727,70.557,0.092,0,32.015,0,7.021,17.599,0.292,24.767,201.111,102.486,6.946,7.251,11.659,6.652,1.097,1.681,2.311,2.977,3.582,1.134,1.626,2.282,3.074,3.647,1.061,7.056,0.876,0.495,7.130,0.911,0.495,2.100,202.136,103.794
SYN-000988,2025-02-11T03:00:00+07:00,2.155,280.695,3.110,848.548,0,0,31.351,0,44.103,30.746,36.201,69.851,44.661,30.877,35.633,72.104,43.937,31.571,36.560,71.684,0.112,0,31.662,0,7.029,19.160,0.321,25.000,186.548,87.624,7.028,7.149,10.443,6.881,1.184,1.691,2.268,2.952,3.569,1.167,1.608,2.313,2.965,3.669,1.201,7.154,0.923,0.468,7.131,0.885,0.406,1.590,188.156,86.391
SYN-000989,2025-02-11T04:00:00+07:00,2.223,279.072,3.135,837.355,0,0,31.365,0,45.897,33.994,36.525,74.573,45.913,30.539,34.940,72.305,44.254,29.797,36.207,72.840,0,0,31.150,0,6.996,17.868,0.287,24.557,229.304,102.619,6.976,5.592,9.122,5.792,0.812,1.622,2.304,3.034,3.593,0.751,1.608,2.347,2.942,3.634,0.873,7.167,0.560,0.490,7.219,0.591,0.466,1.979,228.055,99.214
SYN-000990,2025-02-11T05:00:00+07:00,2.246,276.007,3.137,875.091,0.416,0,30.827,0,45.286,32.761,36.120,72.226,44.135,31.479,35.610,71.748,44.216,31.524,36.730,73.305,0.829,0,31.395,0,7.030,20.678,0.242,28.532,216.334,91.667,7.011,9.326,12.052,9.214,1.521,1.722,2.300,2.839,3.671,1.645,1.626,2.268,2.963,3.654,1.398,7.213,0.970,0.485,7.129,1.005,0.471,2.007,218.299,90.274
SYN-000991,2025-02-11T06:00:00+07:00,2.284,282.559,3.115,823.431,0,0,31.329,0,44.553,29.406,36.308,67.902,45.312,31.290,36.614,71.777,45.086,31.446,36.462,72.336,0.024,0,31.866,0,7.026,14.582,0.288,24.351,200.868,104.705,7.095,6.123,10.735,6.411,0.942,1.619,2.340,2.946,3.565,1.087,1.665,2.333,2.945,3.572,0.796,7.098,0.651,0.514,7.151,0.679,0.428,1.603,203.786,104.760
SYN-000992,2025-02-11T07:00:00+07:00,2.243,279.002,3.092,824.481,0,0,30.560,0,45.597,29.740,36.180,73.626,43.957,29.773,36.149,68.412,44.002,30.708,36.059,68.274,0,0,31.253,0,6.975,26.019,0.245,30.816,216.715,96.168,7.027,8.913,13.700,8.864,1.547,1.728,2.236,2.895,3.518,1.518,1.662,2.389,2.865,3.642,1.576,7.219,1.192,0.491,7.063,1.239,0.419,2.223,219.573,94.951
SYN-000993,2025-02-11T08:00:00+07:00,2.241,288.017,3.137,828.936,43.616,29.718,35.877,71.081,44.352,31.362,36.397,68.263,44.799,30.014,35.616,69.519,0,0,30.993,0,0,0,30.871,0,7.115,17.872,0.263,25.907,228.119,98.379,7.132,6.021,10.742,5.918,0.807,1.604,2.312,2.958,3.584,0.945,1.689,2.276,2.919,3.577,0.668,7.123,0.683,0.443,7.105,0.664,0.473,1.379,227.767,97.305
SYN-000994,2025-02-11T09:00:00+07:00,2.317,285.195,3.086,833.377,43.824,30.534,36.321,71.152,44.814,32.017,36.311,70.134,45.058,31.256,36.176,71.978,0,0,30.680,0,0.147,0,31.896,0,7.115,22.653,0.284,24.776,190.316,107.505,7.137,6.187,12.344,6.485,1.059,1.675,2.306,3.047,3.610,1.071,1.616,2.385,2.976,3.624,1.048,7.150,0.630,0.432,7.091,0.632,0.449,2.070,194.984,107.902
SYN-000995,2025-02-11T10:00:00+07:00,2.248,284.847,3.160,829.880,42.419,30.660,35.597,68.296,42.422,29.573,34.967,65.880,42.897,30.392,35.931,68.535,0,0,32.012,0,0,0,32.055,0,7.073,26.127,0.281,26.627,216.188,99.919,7.112,9.379,10.484,9.366,1.694,1.645,2.292,2.972,3.625,1.807,1.659,2.251,2.980,3.635,1.581,7.047,1.302,0.461,7.067,1.341,0.504,0.721,214.040,101.141
SYN-000996,2025-02-11T11:00:00+07:00,2.316,295.050,3.119,830.812,42.308,29.096,35.337,69.158,41.160,28.969,36.532,67.837,41.086,28.645,35.420,64.559,0,0,32.132,0,0.833,0,31.920,0,7.057,19.436,0.304,24.515,225.239,91.341,7.162,8.422,9.517,8.537,1.409,1.670,2.322,2.894,3.571,1.384,1.621,2.320,2.969,3.614,1.434,7.145,1.008,0.515,7.095,1.000,0.438,1.292,221.765,90.279
SYN-000997,2025-02-11T12:00:00+07:00,2.234,274.644,3.131,830.818,41.223,26.902,34.540,66.436,41.718,28.867,35.382,66.591,40.401,28.837,35.294,64.446,0.449,0,32.086,0,0.940,0,30.996,0,6.901,21.930,0.261,26.613,209.731,93.077,6.870,6.184,9.806,6.820,0.895,1.684,2.316,2.952,3.624,1.013,1.728,2.223,3.023,3.577,0.777,7.212,0.605,0.514,7.233,0.591,0.430,1.304,211.267,94.741
SYN-000998,2025-02-11T13:00:00+07:00,2.323,281.120,3.128,845.152,39.485,28.059,35.495,64.605,39.988,28.037,36.358,63.851,40.251,28.361,35.126,67.100,0,0,31.635,0,0.468,0,31.994,0,7.096,14.327,0.270,23.834,204.334,97.955,7.056,3.518,11.526,3.078,0.667,1.628,2.277,2.983,3.529,0.449,1.715,2.307,2.875,3.563,0.886,7.090,0.436,0.452,7.160,0.433,0.369,2.637,211.727,98.287
SYN-000999,2025-02-11T14:00:00+07:00,2.299,287.997,3.143,791.462,39.219,27.386,34.788,59.782,39.659,29.277,35.171,63.028,38.329,25.369,35.597,63.681,0.476,0,30.946,0,0,0,31.704,0,7.159,22.052,0.329,31.624,211.080,93.964,7.098,6.997,14.964,6.887,1.106,1.671,2.297,2.919,3.552,0.984,1.765,2.267,2.942,3.601,1.229,7.169,0.727,0.475,7.157,0.719,0.442,1.297,213.662,90.971
SYN-001000,2025-02-11T15:00:00+07:00,2.286,281.216,3.182,796.853,38.754,27.673,35.360,59.644,38.967,26.591,34.844,59.321,38.914,26.171,36.289,59.815,0.613,0,31.238,0,0.673,0,31.366,0,6.932,18.520,0.230,25.951,219.439,93.606,6.927,6.573,11.753,5.949,1.040,1.619,2.336,2.952,3.520,1.077,1.625,2.329,3.050,3.633,1.004,7.080,0.826,0.466,7.126,0.839,0.466,2.823,215.706,93.049
SYN-001001,2025-02-11T16:00:00+07:00,2.322,284.998,3.172,777.601,38.195,26.079,35.431,61.936,37.095,26.568,35.292,61.484,0.810,0,31.515,0,1.173,0,31.332,0,38.307,27.149,35.987,59.949,7.233,18.248,0.207,26.575,207.677,98.725,7.211,7.252,10.747,7.226,1.364,1.594,2.280,2.912,3.690,1.478,1.569,2.213,3.023,3.555,1.251,7.132,0.945,0.498,7.171,0.930,0.483,1.709,204.954,96.094
SYN-001002,2025-02-11T17:00:00+07:00,2.380,274.354,3.149,784.613,37.688,24.955,35.411,61.335,36.997,26.995,35.471,60.965,1.289,0,32.187,0,0.396,0,31.487,0,37.318,28.421,35.515,60.806,7.172,24.425,0.239,30.410,203.824,107.858,7.187,8.636,12.661,8.281,1.334,1.707,2.314,2.995,3.566,1.219,1.639,2.273,2.970,3.580,1.449,7.116,1.072,0.513,7.146,1.103,0.506,2.579,197.582,109.071
SYN-001003,2025-02-11T18:00:00+07:00,2.393,270.695,3.168,797.436,37.824,26.663,34.974,65.136,36.301,25.811,35.121,57.163,0.370,0,31.810,0,0.409,0,30.905,0,37.822,26.324,35.100,59.819,6.868,13.213,0.229,25.454,233.002,96.713,6.943,4.931,11.521,4.830,0.742,1.638,2.320,2.901,3.677,0.689,1.588,2.340,2.973,3.648,0.795,7.234,0.589,0.469,7.124,0.628,0.432,1.160,236.727,99.380
SYN-001004,2025-02-11T19:00:00+07:00,2.363,282.778,3.157,791.411,38.139,27.882,34.959,59.593,36.703,26.185,35.144,62.369,0,0,31.551,0,0,0,31.087,0,38.112,26.821,35.119,61.009,6.980,19.747,0.278,23.761,218.906,103.402,7.000,8.862,10.029,9.754,1.433,1.649,2.338,2.901,3.615,1.415,1.623,2.319,2.982,3.662,1.451,7.105,0.945,0.523,7.219,0.993,0.426,2.027,217.702,104.079
SYN-001005,2025-02-11T20:00:00+07:00,2.420,285.235,3.176,817.195,39.020,26.883,35.060,68.384,36.635,26.382,35.262,58.181,1.248,0,31.163,0,0,0,32.000,0,37.093,27.414,34.790,58.580,7.071,18.554,0.246,24.657,214.356,104.955,7.126,6.405,12.636,6.322,1.120,1.626,2.251,2.975,3.580,1.231,1.652,2.252,2.850,3.581,1.009,7.103,0.976,0.405,7.191,0.959,0.467,2.580,205.912,106.979
SYN-001006,2025-02-11T21:00:00+07:00,2.373,281.995,3.191,805.289,36.344,27.019,34.828,53.625,38.256,26.860,35.661,59.068,0,0,31.867,0,0,0,31.160,0,38.417,26.498,35.038,60.686,7.036,15.713,0.261,25.247,194.896,101.386,7.015,4.866,9.465,5.357,0.807,1.631,2.243,2.931,3.543,0.822,1.644,2.330,2.988,3.643,0.793,7.152,0.566,0.453,7.145,0.598,0.422,1.140,197.074,105.128
SYN-001007,2025-02-11T22:00:00+07:00,2.475,269.727,3.192,803.284,38.796,26.531,35.302,62.380,39.884,28.395,35.363,64.128,0,0,31.893,0,0,0,31.802,0,38.588,26.417,34.907,64.126,7.063,19.451,0.339,25.381,187.306,101.732,6.998,6.159,12.873,6.996,0.876,1.592,2.281,2.890,3.640,0.710,1.670,2.281,2.975,3.684,1.043,7.117,0.557,0.504,7.084,0.575,0.541,1.745,186.699,102.584
SYN-001008,2025-02-11T23:00:00+07:00,2.454,283.372,3.170,802.952,40.911,29.274,35.905,62.093,39.966,28.365,35.520,61.652,0.497,0,31.643,0,0.128,0,31.297,0,39.990,27.579,36.349,63.831,7.120,17.240,0.224,25.965,190.756,104.816,7.089,6.635,10.984,6.393,1.098,1.644,2.241,3.008,3.632,1.141,1.632,2.308,2.969,3.590,1.056,7.156,0.811,0.433,7.153,0.863,0.446,1.619,193.571,102.161
SYN-001009,2025-02-12T00:00:00+07:00,2.471,277.022,3.191,842.788,39.696,27.484,35.573,64.255,0.460,0,32.116,0,0.060,0,31.608,0,40.957,29.902,36.304,62.415,41.303,29.746,35.513,66.155,6.957,17.682,0.300,22.149,213.809,109.203,6.874,5.091,9.001,5.043,0.767,1.644,2.238,2.820,3.537,0.648,1.677,2.304,2.902,3.621,0.887,7.148,0.499,0.549,7.083,0.440,0.419,1.843,211.337,106.998
SYN-001010,2025-02-12T01:00:00+07:00,2.432,275.274,3.206,819.172,43.396,31.262,35.924,68.000,0.059,0,31.042,0,0.091,0,30.722,0,41.866,29.026,35.843,69.316,42.112,30.505,35.437,65.586,7.042,14.534,0.299,18.889,221.763,102.622,6.986,5.791,8.150,5.849,1.019,1.755,2.299,2.899,3.584,0.958,1.680,2.309,2.998,3.595,1.079,7.136,0.738,0.467,7.194,0.740,0.448,1.180,216.903,104.009
SYN-001011,2025-02-12T02:00:00+07:00,2.461,285.423,3.157,819.521,43.121,30.119,35.506,70.146,0,0,31.291,0,0,0,31.025,0,43.034,28.745,36.453,66.133,43.064,31.954,34.873,66.875,7.030,15.348,0.306,24.249,223.952,94.861,7.038,6.228,10.473,6.414,1.053,1.636,2.224,3.052,3.637,1.022,1.681,2.348,3.002,3.550,1.084,7.169,0.872,0.542,7.150,0.842,0.435,2.140,222.652,94.747
SYN-001012,2025-02-12T03:00:00+07:00,2.519,280.231,3.185,829.012,43.815,29.704,35.949,68.637,0.822,0,30.871,0,0.199,0,31.807,0,43.192,29.334,36.454,70.641,43.153,29.918,35.434,70.500,7.014,13.509,0.271,24.140,207.990,98.385,6.989,6.740,11.212,7.314,1.118,1.739,2.213,2.881,3.662,1.105,1.683,2.258,2.938,3.544,1.130,7.096,0.901,0.435,7.216,0.823,0.469,1.322,212.899,97.901
SYN-001013,2025-02-12T04:00:00+07:00,2.475,270.779,3.179,837.162,44.420,30.735,35.277,69.012,0,0,32.077,0,0.397,0,31.491,0,44.296,32.328,35.862,71.056,43.823,30.407,36.448,70.912,7.085,16.999,0.291,26.001,211.895,109.242,7.049,5.338,11.543,5.336,0.940,1.575,2.232,3.070,3.600,0.962,1.650,2.319,2.937,3.598,0.917,7.210,0.684,0.478,7.137,0.649,0.425,2.124,220.317,107.975
SYN-001014,2025-02-12T05:00:00+07:00,2.503,281.592,3.197,851.731,45.885,30.769,36.604,72.474,0,0,32.237,0,0.799,0,31.199,0,43.892,31.875,35.188,67.484,45.745,30.028,36.811,71.830,7.191,20.260,0.259,29.104,203.322,97.503,7.240,7.198,12.100,7.339,1.010,1.716,2.296,2.888,3.602,1.045,1.637,2.283,3.009,3.586,0.976,7.148,0.772,0.443,7.030,0.744,0.483,1.983,196.735,94.374
SYN-001015,2025-02-12T06:00:00+07:00,2.554,274.599,3.240,846.924,45.533,33.435,35.872,74.352,0.733,0,31.511,0,0,0,32.246,0,44.662,30.501,37.070,77.477,43.426,28.802,35.943,70.156,7.123,16.212,0.305,24.316,226.748,93.753,7.092,4.478,9.480,3.854,0.795,1.674,2.247,3.045,3.607,0.732,1.603,2.315,2.958,3.591,0.859,7.241,0.700,0.422,7.180,0.763,0.468,1.305,235.199,94.751
SYN-001016,2025-02-12T07:00:00+07:00,2.483,273.022,3.235,827.155,44.327,29.809,35.653,69.091,0,0,31.565,0,0,0,31.920,0,44.011,30.755,35.284,72.584,45.707,31.819,35.946,69.753,7.056,19.462,0.293,27.683,200.667,92.173,7.033,6.320,12.967,6.474,0.965,1.703,2.229,2.943,3.618,0.873,1.651,2.268,2.919,3.536,1.058,7.128,0.741,0.487,7.203,0.849,0.455,1.745,196.089,94.010
SYN-001017,2025-02-12T08:00:00+07:00,2.557,275.721,3.262,861.427,0,0,32.657,0,0,0,31.006,0,44.734,30.185,36.143,68.318,44.547,31.240,35.764,71.879,43.668,30.665,36.925,69.090,7.201,11.799,0.270,21.251,217.533,101.153,7.134,5.273,8.743,4.975,0.716,1.660,2.299,2.949,3.564,0.712,1.617,2.285,3.000,3.667,0.720,7.171,0.424,0.490,7.103,0.460,0.385,1.427,214.114,104.480
SYN-001018,2025-02-12T09:00:00+07:00,2.524,279.236,3.189,829.605,0.212,0,32.049,0,0,0,32.116,0,42.604,29.902,35.802,68.786,43.978,31.160,35.713,70.462,43.874,29.912,36.449,72.506,7.044,14.372,0.284,20.700,200.404,102.763,7.013,5.146,10.144,5.510,0.903,1.693,2.264,2.986,3.615,0.944,1.618,2.339,2.949,3.541,0.862,7.207,0.586,0.444,7.094,0.630,0.456,1.585,199.754,103.462
SYN-001019,2025-02-12T10:00:00+07:00,2.587,267.437,3.259,827.917,0.088,0,32.024,0,0,0,31.749,0,42.009,28.668,36.212,68.851,42.780,29.538,35.685,67.947,42.951,29.675,36.227,69.423,7.206,13.342,0.259,24.745,191.411,100.463,7.203,4.707,10.509,4.403,0.752,1.598,2.368,2.904,3.533,0.762,1.656,2.353,3.029,3.574,0.742,7.190,0.627,0.480,7.023,0.560,0.522,1.389,198.595,96.493
SYN-001020,2025-02-12T11:00:00+07:00,2.548,283.011,3.248,837.908,0,0,31.475,0,0.215,0,31.389,0,42.316,29.726,35.275,72.296,42.144,29.809,35.192,71.238,42.643,30.430,36.213,72.583,7.047,16.309,0.277,23.602,215.441,82.939,7.028,4.808,9.601,3.877,0.782,1.667,2.316,3.026,3.574,0.780,1.781,2.302,3.002,3.610,0.783,7.198,0.430,0.504,7.189,0.435,0.445,1.746,213.798,83.126
SYN-001021,2025-02-12T12:00:00+07:00,2.643,267.859,3.221,804.787,0,0,30.562,0,0.373,0,31.341,0,40.388,27.814,35.089,66.502,40.251,28.087,35.953,64.086,42.294,28.731,35.740,66.700,7.041,14.758,0.281,22.957,202.278,96.150,7.120,4.381,10.387,4.056,0.884,1.702,2.292,2.942,3.628,0.933,1.689,2.296,3.060,3.532,0.836,7.142,0.624,0.457,7.214,0.628,0.507,2.159,207.241,98.123
SYN-001022,2025-02-12T13:00:00+07:00,2.587,281.313,3.287,819.428,0.046,0,31.759,0,0,0,31.989,0,40.281,27.213,35.397,64.254,39.638,28.706,35.184,63.846,39.284,28.683,36.382,61.124,7.016,13.975,0.264,23.816,227.129,96.036,7.128,4.761,9.654,5.152,0.853,1.633,2.294,2.941,3.603,0.994,1.716,2.380,2.903,3.648,0.713,7.124,0.562,0.470,7.240,0.531,0.515,1.907,227.877,96.193
SYN-001023,2025-02-12T14:00:00+07:00,2.674,269.467,3.257,778.588,0,0,31.612,0,0.037,0,31.354,0,39.957,28.305,35.322,63.524,38.837,26.431,34.583,63.775,39.044,27.356,35.162,61.479,6.971,15.176,0.266,26.023,208.265,97.081,7.071,4.949,12.125,4.623,0.971,1.730,2.307,2.886,3.621,1.021,1.679,2.330,2.947,3.570,0.921,7.196,0.649,0.477,7.251,0.611,0.500,2.838,205.319,97.088
SYN-001024,2025-02-12T15:00:00+07:00,2.711,276.836,3.250,771.208,0,0,31.661,0,0,0,32.647,0,38.798,27.196,35.060,63.444,38.765,27.871,35.267,62.075,38.602,26.844,35.563,60.045,7.012,16.585,0.265,25.433,225.046,104.084,7.004,6.173,10.600,7.169,1.076,1.669,2.223,2.941,3.589,0.977,1.598,2.212,2.967,3.644,1.174,7.139,0.788,0.452,7.263,0.802,0.475,2.136,234.366,100.175
SYN-001025,2025-02-12T16:00:00+07:00,2.620,281.512,3.290,784.895,0.506,0,31.317,0,37.347,27.955,35.788,58.649,37.024,25.945,35.758,57.986,37.241,27.171,35.400,59.489,0.369,0,31.311,0,7.106,12.135,0.269,18.992,206.232,102.267,7.083,3.576,7.918,3.267,0.586,1.635,2.299,2.907,3.516,0.547,1.619,2.269,2.905,3.600,0.625,7.159,0.334,0.477,7.092,0.245,0.492,1.311,200.237,100.610
SYN-001026,2025-02-12T17:00:00+07:00,2.693,275.681,3.313,808.363,0,0,31.516,0,36.524,24.942,34.747,58.802,37.545,27.419,35.191,59.416,36.331,27.835,35.479,59.569,0.104,0,30.721,0,6.910,11.104,0.298,22.463,203.721,94.263,6.856,4.992,8.905,4.619,0.689,1.629,2.332,2.975,3.690,0.516,1.632,2.274,2.979,3.640,0.862,7.042,0.545,0.454,7.158,0.489,0.541,0.802,208.776,91.644
SYN-001027,2025-02-12T18:00:00+07:00,2.689,274.052,3.308,787.585,0,0,31.236,0,37.342,27.706,35.540,59.811,37.273,27.124,35.372,59.181,37.263,26.887,34.987,63.254,0.712,0,32.032,0,7.096,14.885,0.335,25.507,196.077,99.585,7.062,5.736,10.983,5.974,0.734,1.666,2.199,2.895,3.612,0.611,1.660,2.299,2.986,3.564,0.858,7.227,0.575,0.492,7.174,0.497,0.394,1.935,190.209,98.122
SYN-001028,2025-02-12T19:00:00+07:00,2.658,267.767,3.315,759.158,0.017,0,31.472,0,37.044,24.065,35.050,59.341,35.893,25.376,35.732,55.305,37.802,27.997,34.652,61.502,0,0,31.752,0,7.072,14.621,0.291,23.261,227.376,102.887,7.093,6.186,10.379,6.269,0.790,1.657,2.262,2.949,3.564,0.804,1.588,2.281,2.921,3.615,0.777,7.050,0.568,0.438,7.159,0.551,0.480,2.371,222.911,100.251
SYN-001029,2025-02-12T20:00:00+07:00,2.662,274.863,3.290,792.542,0.344,0,32.069,0,37.188,24.340,35.288,59.607,38.264,28.339,34.449,58.392,37.508,28.244,34.338,64.703,0,0,31.341,0,6.928,14.636,0.311,22.789,222.385,94.217,7.002,4.720,10.043,5.071,0.900,1.609,2.380,2.964,3.644,0.810,1.741,2.330,2.999,3.629,0.991,7.143,0.694,0.535,7.138,0.655,0.528,1.254,217.630,96.161
SYN-001030,2025-02-12T21:00:00+07:00,2.713,273.915,3.301,782.547,0,0,31.685,0,39.487,27.741,34.715,60.228,37.709,27.717,35.375,61.286,38.670,29.204,35.196,62.743,0.332,0,31.346,0,6.997,15.690,0.247,27.227,200.180,98.406,6.990,6.680,11.907,6.338,1.134,1.665,2.333,2.905,3.613,0.976,1.682,2.245,2.961,3.675,1.293,7.054,0.738,0.465,7.172,0.761,0.440,2.087,197.143,101.617
SYN-001031,2025-02-12T22:00:00+07:00,2.653,278.604,3.343,780.845,0.311,0,32.006,0,40.125,28.464,34.740,65.993,40.520,30.451,35.285,63.617,38.253,27.879,34.483,62.408,1.368,0,31.742,0,7.301,18.183,0.280,24.490,217.527,100.986,7.258,8.046,11.791,8.310,1.258,1.753,2.324,2.998,3.570,1.382,1.664,2.316,2.982,3.642,1.134,7.187,0.964,0.485,7.214,0.920,0.489,0.805,216.469,100.862
SYN-001032,2025-02-12T23:00:00+07:00,2.743,268.914,3.333,813.812,0,0,31.842,0,39.141,28.424,35.830,63.308,40.625,29.673,36.401,62.648,40.510,28.895,35.193,65.027,0,0,32.340,0,7.170,12.055,0.282,23.408,205.092,100.537,7.135,3.627,9.929,3.632,0.719,1.657,2.304,3.014,3.570,0.445,1.626,2.296,2.922,3.597,0.993,7.228,0.505,0.470,7.230,0.497,0.399,1.908,208.475,99.646
SYN-001033,2025-02-13T00:00:00+07:00,2.725,273.882,3.306,813.878,42.081,27.941,36.162,68.798,40.708,28.141,35.459,63.345,40.540,28.228,35.531,64.754,0.636,0,31.237,0,0,0,30.991,0,7.069,17.535,0.285,24.173,226.938,102.494,7.157,6.054,9.728,6.241,0.939,1.570,2.394,2.910,3.639,0.726,1.589,2.281,2.964,3.600,1.152,7.181,0.829,0.488,7.190,0.866,0.525,0.919,226.695,100.547
SYN-001034,2025-02-13T01:00:00+07:00,2.695,283.431,3.274,859.036,42.697,30.891,36.203,67.566,42.313,29.450,36.024,67.467,42.854,29.049,34.683,68.557,0.910,0,31.754,0,0,0,30.973,0,7.201,15.697,0.284,27.575,196.576,95.726,7.156,4.623,10.780,4.524,0.963,1.632,2.231,2.960,3.496,1.016,1.702,2.294,2.955,3.629,0.910,7.190,0.721,0.473,7.085,0.744,0.434,1.714,207.676,96.339
SYN-001035,2025-02-13T02:00:00+07:00,2.721,272.109,3.278,846.557,43.095,30.663,36.627,67.442,42.788,29.841,35.994,66.826,41.633,31.473,34.741,70.481,1.229,0,30.991,0,0,0,31.686,0,7.040,16.364,0.244,24.177,201.872,94.116,7.076,6.129,10.098,6.208,1.206,1.650,2.202,3.006,3.615,1.100,1.640,2.285,2.977,3.628,1.312,7.076,0.902,0.513,7.216,0.860,0.467,2.299,205.499,95.871
SYN-001036,2025-02-13T03:00:00+07:00,2.755,272.362,3.309,841.003,42.735,29.009,35.181,66.559,45.025,31.048,36.150,69.797,44.217,30.689,35.874,71.136,0,0,31.382,0,0.190,0,31.504,0,7.093,19.402,0.316,26.432,184.703,92.288,7.059,6.599,11.564,6.928,1.190,1.659,2.335,2.969,3.553,1.149,1.668,2.239,2.933,3.619,1.231,7.150,0.960,0.458,7.100,0.978,0.525,1.179,177.065,91.877
SYN-001037,2025-02-13T04:00:00+07:00,2.770,273.518,3.312,850.217,44.377,31.462,36.311,70.120,45.621,31.555,35.978,71.518,44.691,31.371,35.984,75.005,0.484,0,30.902,0,0.197,0,32.310,0,7.018,18.524,0.282,24.643,216.541,100.388,7.194,6.107,10.681,6.222,0.938,1.662,2.342,2.919,3.596,0.850,1.758,2.294,2.924,3.622,1.026,7.121,0.802,0.496,7.050,0.841,0.383,1.598,219.065,100.302
SYN-001038,2025-02-13T05:00:00+07:00,2.755,275.157,3.321,826.107,45.450,31.842,36.275,69.762,45.879,32.475,36.424,74.159,44.841,30.324,36.093,73.191,0.232,0,30.991,0,0,0,31.686,0,7.222,15.433,0.327,24.080,198.478,88.862,7.144,6.264,10.846,6.098,0.982,1.648,2.388,2.990,3.534,0.973,1.576,2.322,2.932,3.552,0.991,7.162,0.691,0.462,7.094,0.624,0.497,1.349,194.166,91.897
SYN-001039,2025-02-13T06:00:00+07:00,2.737,274.887,3.334,874.456,46.366,31.419,36.612,77.081,45.521,33.245,36.127,68.974,45.012,29.266,35.377,68.389,0,0,31.019,0,0,0,30.951,0,7.104,9.860,0.232,20.545,217.360,88.682,7.081,3.196,9.978,3.242,0.515,1.647,2.312,2.960,3.551,0.270,1.621,2.276,2.969,3.622,0.761,7.134,0.415,0.497,7.246,0.430,0.463,1.924,225.063,87.780
SYN-001040,2025-02-13T07:00:00+07:00,2.822,269.125,3.322,841.233,45.427,32.870,35.233,73.234,45.156,30.224,35.890,76.332,44.917,29.619,36.083,73.281,0,0,31.587,0,0.568,0,30.476,0,7.213,11.985,0.296,21.759,207.442,103.198,7.162,3.651,10.479,3.373,0.556,1.647,2.294,2.999,3.651,0.593,1.585,2.270,2.946,3.551,0.519,7.111,0.381,0.477,7.095,0.368,0.468,2.004,205.828,101.103
SYN-001041,2025-02-13T08:00:00+07:00,2.737,274.643,3.298,821.492,43.631,29.732,35.148,68.681,45.763,31.540,36.322,71.975,0.510,0,31.427,0,0.647,0,31.077,0,44.763,31.146,35.131,69.265,6.986,18.469,0.251,27.378,220.981,96.664,7.046,7.911,12.876,7.578,1.219,1.669,2.315,2.926,3.624,1.278,1.629,2.288,2.937,3.542,1.160,7.097,0.795,0.489,7.094,0.810,0.464,1.826,221.853,96.602
SYN-001042,2025-02-13T09:00:00+07:00,2.810,273.940,3.322,837.412,42.528,29.094,36.868,67.486,44.445,30.802,35.567,72.609,0,0,31.882,0,0,0,31.281,0,42.807,31.164,35.700,69.647,6.997,16.877,0.281,23.159,206.851,96.362,6.963,6.257,11.582,5.898,0.937,1.715,2.283,2.928,3.622,0.865,1.692,2.232,2.941,3.602,1.010,7.123,0.706,0.499,7.223,0.685,0.490,0.698,203.249,96.886
SYN-001043,2025-02-13T10:00:00+07:00,2.804,269.786,3.316,819.151,44.100,32.869,34.866,69.225,42.848,29.864,35.436,68.315,0,0,31.807,0,0.487,0,31.048,0,42.728,28.213,36.214,70.909,6.988,17.249,0.303,24.433,214.631,97.864,7.045,7.334,9.842,7.533,1.173,1.647,2.349,3.023,3.591,1.247,1.673,2.244,2.977,3.553,1.099,7.137,0.856,0.477,7.242,0.912,0.456,0.764,217.800,99.460
SYN-001044,2025-02-13T11:00:00+07:00,2.754,274.334,3.326,839.903,42.011,28.605,36.640,66.601,41.823,29.979,35.446,63.830,1.345,0,32.051,0,0.006,0,30.619,0,43.880,30.454,36.553,71.707,7.130,16.109,0.275,26.322,219.172,101.100,7.131,6.089,13.547,6.189,1.188,1.664,2.330,2.906,3.629,1.242,1.607,2.295,2.950,3.537,1.134,7.152,0.801,0.478,7.070,0.778,0.432,2.497,211.498,103.839
SYN-001045,2025-02-13T12:00:00+07:00,2.752,276.153,3.347,834.851,40.736,29.989,35.828,62.303,40.786,28.283,35.398,61.550,0,0,31.486,0,0.199,0,32.097,0,40.730,29.112,35.857,64.027,7.171,19.746,0.343,25.310,187.409,99.390,7.271,6.439,11.935,6.507,0.900,1.658,2.321,2.976,3.590,1.039,1.646,2.260,2.998,3.607,0.760,7.162,0.494,0.494,7.151,0.482,0.444,2.592,193.621,101.583
SYN-001046,2025-02-13T13:00:00+07:00,2.825,266.803,3.335,820.392,41.123,27.808,35.458,69.548,41.119,28.584,36.271,61.200,0,0,31.888,0,0,0,31.845,0,39.964,25.690,34.992,62.293,7.085,12.309,0.297,22.185,207.143,97.915,7.099,4.558,11.279,4.186,0.642,1.631,2.252,2.933,3.655,0.825,1.653,2.322,2.994,3.587,0.458,7.208,0.524,0.462,7.093,0.495,0.455,1.137,208.805,99.225
SYN-001047,2025-02-13T14:00:00+07:00,2.725,270.303,3.330,795.065,37.868,27.193,34.912,58.938,40.180,28.591,34.940,69.459,0,0,30.603,0,0.208,0,31.706,0,39.380,26.534,35.170,64.184,6.790,17.456,0.290,27.803,206.622,94.851,6.599,6.329,12.774,5.636,1.068,1.708,2.217,2.910,3.635,0.987,1.631,2.279,3.013,3.634,1.149,7.149,0.791,0.489,7.144,0.865,0.477,2.844,203.263,95.719
SYN-001048,2025-02-13T15:00:00+07:00,2.843,278.781,3.309,773.655,37.859,27.309,35.355,57.251,37.252,27.511,35.459,57.357,0,0,31.833,0,0,0,31.580,0,37.437,27.713,34.851,62.925,7.108,15.843,0.282,24.480,217.004,93.796,7.146,5.931,10.268,6.014,0.878,1.665,2.323,2.804,3.523,0.961,1.739,2.306,2.945,3.673,0.796,7.155,0.730,0.453,7.166,0.731,0.490,1.471,213.511,94.219
SYN-001049,2025-02-13T16:00:00+07:00,2.830,270.128,3.358,777.893,37.930,25.880,35.083,62.097,0.422,0,31.196,0,0.160,0,31.939,0,38.015,27.495,35.140,62.899,37.372,26.755,34.867,58.875,7.165,17.550,0.266,25.878,202.715,104.132,7.053,5.909,9.858,7.347,0.895,1.662,2.340,2.913,3.594,0.791,1.663,2.270,2.922,3.588,1.000,7.192,0.585,0.451,7.171,0.551,0.398,1.757,211.206,105.833
SYN-001050,2025-02-13T17:00:00+07:00,2.811,271.783,3.343,766.170,37.100,25.762,35.120,61.874,0.438,0,31.741,0,0.743,0,31.671,0,37.872,28.886,35.279,61.976,36.982,24.672,35.903,58.187,7.150,18.518,0.296,28.503,197.814,94.299,7.137,8.033,12.137,8.049,1.429,1.671,2.307,3.025,3.692,1.495,1.613,2.234,2.972,3.557,1.363,7.122,1.046,0.486,7.115,1.044,0.412,1.364,199.485,94.729
SYN-001051,2025-02-13T18:00:00+07:00,2.792,281.217,3.357,764.708,38.315,28.215,34.928,61.030,0.232,0,31.620,0,0.814,0,31.170,0,36.745,27.150,35.081,60.504,37.207,26.367,34.507,56.325,7.132,19.862,0.301,29.223,207.520,94.563,6.999,5.993,12.306,6.161,1.132,1.700,2.292,2.920,3.599,1.141,1.645,2.294,2.988,3.607,1.123,7.078,0.781,0.496,7.147,0.767,0.398,1.574,209.108,91.833
SYN-001052,2025-02-13T19:00:00+07:00,2.767,270.826,3.352,767.038,37.015,25.513,35.427,57.373,0,0,31.606,0,0,0,31.296,0,36.350,25.244,34.627,56.431,36.286,25.900,34.918,58.745,7.094,17.700,0.257,24.055,213.839,95.194,7.073,4.219,11.339,3.815,0.682,1.739,2.309,3.009,3.598,0.668,1.701,2.233,3.015,3.586,0.696,7.200,0.455,0.530,7.028,0.436,0.425,2.017,218.988,98.318
SYN-001053,2025-02-13T20:00:00+07:00,2.737,272.621,3.356,786.287,38.152,28.062,35.322,65.196,0.512,0,30.576,0,0,0,31.401,0,38.140,25.504,35.417,59.028,38.275,26.391,35.010,56.704,6.979,16.715,0.332,26.925,206.239,102.433,6.887,6.356,11.315,5.834,1.049,1.699,2.328,2.906,3.653,0.862,1.610,2.404,3.016,3.688,1.235,7.132,0.773,0.517,7.129,0.786,0.551,1.868,208.999,102.955
SYN-001054,2025-02-13T21:00:00+07:00,2.749,278.324,3.311,792.270,37.644,25.396,34.868,61.353,0,0,31.945,0,0,0,31.599,0,37.868,27.883,35.284,62.304,37.792,29.061,35.662,57.891,7.260,16.902,0.291,25.528,218.334,106.014,7.184,5.883,10.321,5.089,1.026,1.592,2.325,2.906,3.512,0.807,1.632,2.328,2.979,3.535,1.245,7.222,0.802,0.464,7.080,0.779,0.450,1.795,217.293,105.332
SYN-001055,2025-02-13T22:00:00+07:00,2.813,274.164,3.314,801.339,39.701,26.807,34.771,63.190,0,0,32.372,0,0,0,31.571,0,38.906,26.234,35.810,64.510,38.348,31.834,35.496,65.545,7.057,16.748,0.241,23.912,204.687,98.579,7.098,7.619,9.815,8.781,1.440,1.722,2.276,3.013,3.567,1.343,1.639,2.269,2.986,3.538,1.538,7.115,0.995,0.487,7.126,0.969,0.402,1.781,202.199,98.249
SYN-001056,2025-02-13T23:00:00+07:00,2.804,265.890,3.350,801.789,40.073,28.647,35.177,62.478,0.015,0,31.777,0,0.375,0,31.545,0,40.359,27.530,35.371,64.403,39.550,28.779,35.204,62.996,6.984,17.050,0.217,25.546,210.299,93.612,6.923,4.944,10.464,5.417,0.777,1.740,2.327,2.962,3.639,0.674,1.618,2.230,2.981,3.643,0.881,7.132,0.555,0.496,7.187,0.586,0.503,1.382,207.477,93.572
SYN-001057,2025-02-14T00:00:00+07:00,2.807,263.350,3.321,810.924,1.886,0,31.698,0,0,0,31.696,0,40.225,28.252,35.610,63.229,41.106,28.160,34.950,69.643,41.326,28.355,35.794,64.189,7.083,18.808,0.226,25.470,208.730,92.209,7.068,6.953,11.962,6.279,1.206,1.652,2.291,2.942,3.556,1.242,1.646,2.278,2.907,3.546,1.169,7.158,0.919,0.499,7.237,0.908,0.414,1.256,209.745,90.036
SYN-001058,2025-02-14T01:00:00+07:00,2.768,268.765,3.310,833.828,0.550,0,31.710,0,0.334,0,32.108,0,42.627,29.400,35.965,68.672,41.948,29.149,35.949,66.481,41.577,31.689,36.130,65.599,6.983,18.127,0.250,26.542,239.100,95.850,6.992,5.832,12.448,5.474,0.919,1.649,2.336,2.927,3.515,1.057,1.689,2.335,2.914,3.597,0.781,7.093,0.631,0.484,7.104,0.543,0.431,2.358,238.806,95.266
SYN-001059,2025-02-14T02:00:00+07:00,2.764,259.931,3.324,803.947,0,0,31.719,0,0.303,0,31.985,0,42.690,30.425,35.721,69.953,43.881,30.032,35.995,71.597,42.748,30.732,36.069,68.999,7.170,18.786,0.266,28.420,222.963,99.029,7.219,7.165,12.623,6.662,1.235,1.608,2.364,2.975,3.587,0.898,1.583,2.196,2.929,3.535,1.572,7.179,1.007,0.432,7.147,1.045,0.445,2.213,223.762,103.336
SYN-001060,2025-02-14T03:00:00+07:00,2.784,265.915,3.291,855.312,0.131,0,32.139,0,0.516,0,31.158,0,44.621,32.680,36.299,72.942,42.017,29.060,36.090,68.630,43.914,30.263,35.483,70.786,7.061,17.783,0.256,24.403,220.677,103.992,7.165,7.472,11.123,7.513,1.345,1.694,2.385,2.922,3.597,1.272,1.680,2.295,2.965,3.584,1.418,7.108,1.072,0.435,7.154,1.084,0.438,1.862,214.460,104.296
SYN-001061,2025-02-14T04:00:00+07:00,2.758,264.811,3.288,857.049,0.437,0,31.543,0,0,0,31.543,0,43.407,30.946,35.347,70.897,44.825,31.168,36.189,70.651,45.300,30.882,35.907,69.849,7.063,18.395,0.222,27.779,211.303,92.676,7.065,7.653,12.493,7.993,1.332,1.693,2.250,2.979,3.553,1.308,1.647,2.274,2.999,3.547,1.356,7.160,1.020,0.475,7.133,1.022,0.449,2.573,220.027,95.733
SYN-001062,2025-02-14T05:00:00+07:00,2.799,265.527,3.303,829.712,0,0,31.604,0,0.427,0,32.121,0,44.284,30.719,36.702,76.108,43.977,30.991,34.950,69.739,43.789,32.712,36.448,64.486,7.022,13.726,0.250,23.771,195.447,99.552,7.004,5.630,10.252,6.157,0.921,1.684,2.273,2.933,3.593,0.974,1.607,2.330,2.961,3.614,0.868,7.119,0.707,0.470,7.047,0.747,0.395,0.957,203.739,96.480
SYN-001063,2025-02-14T06:00:00+07:00,2.750,261.085,3.317,818.204,1.253,0,32.244,0,0,0,31.646,0,44.632,30.297,35.857,66.935,45.924,32.611,37.174,76.256,45.700,32.549,36.594,78.051,7.005,21.959,0.293,27.251,193.083,94.979,6.967,7.240,11.998,8.102,1.219,1.628,2.363,2.992,3.586,1.142,1.633,2.299,2.859,3.596,1.296,7.154,0.893,0.445,7.056,0.802,0.482,1.834,194.785,92.915
SYN-001064,2025-02-14T07:00:00+07:00,2.747,268.582,3.275,866.322,0.895,0,31.447,0,0,0,31.257,0,45.185,31.176,36.132,69.419,44.501,29.851,36.605,70.168,44.666,31.975,36.238,74.816,7.185,18.850,0.241,26.906,209.007,91.939,7.129,6.345,12.263,6.483,1.103,1.696,2.304,2.958,3.533,1.201,1.679,2.224,2.944,3.598,1.006,7.119,0.874,0.511,7.237,0.812,0.494,2.309,204.662,91.424
SYN-001065,2025-02-14T08:00:00+07:00,2.750,259.712,3.374,846.334,0.037,0,32.400,0,44.822,30.908,34.969,71.304,43.479,29.074,35.630,68.502,45.050,30.402,36.504,73.609,0.733,0,31.758,0,7.084,19.778,0.315,23.940,208.680,95.828,7.093,6.184,10.416,6.717,1.049,1.656,2.299,2.973,3.567,0.931,1.672,2.236,2.894,3.610,1.167,7.046,0.690,0.515,7.156,0.724,0.461,1.272,211.653,97.910
SYN-001066,2025-02-14T09:00:00+07:00,2.785,254.122,3.335,842.877,0,0,31.714,0,42.966,30.040,35.673,68.496,44.235,30.397,35.696,71.573,43.219,28.092,35.993,71.005,0.082,0,31.622,0,6.955,17.305,0.256,23.581,223.643,90.370,6.935,7.218,8.403,7.611,1.272,1.715,2.337,2.886,3.652,1.251,1.593,2.330,2.971,3.588,1.293,7.122,0.953,0.466,7.128,0.990,0.497,0.706,222.581,87.656
SYN-001067,2025-02-14T10:00:00+07:00,2.729,272.000,3.328,836.857,0,0,31.892,0,41.568,28.101,35.602,70.488,41.996,29.202,35.785,63.548,42.383,28.147,36.266,69.531,0,0,31.788,0,7.018,17.799,0.235,23.062,201.342,102.789,6.998,6.874,10.417,7.299,1.249,1.620,2.285,2.954,3.709,1.053,1.663,2.313,2.966,3.631,1.444,7.250,1.013,0.438,7.209,1.022,0.536,1.389,207.517,100.684
SYN-001068,2025-02-14T11:00:00+07:00,2.687,254.288,3.341,791.370,0.244,0,31.015,0,41.867,29.138,36.144,67.731,42.954,30.282,35.806,67.277,43.268,27.175,36.686,69.690,0,0,31.339,0,7.051,23.400,0.314,28.642,206.500,95.521,7.077,8.726,12.962,8.926,1.633,1.676,2.349,2.979,3.640,1.626,1.768,2.296,2.914,3.535,1.641,7.253,1.205,0.494,7.185,1.246,0.438,2.383,205.518,96.268
SYN-001069,2025-02-14T12:00:00+07:00,2.709,255.283,3.314,824.344,0.189,0,31.206,0,40.946,28.372,36.017,66.930,40.992,28.209,35.572,65.785,40.191,27.238,36.103,63.344,0,0,31.064,0,7.117,21.009,0.267,30.624,196.616,102.453,7.093,7.531,13.997,6.968,1.199,1.636,2.273,3.006,3.640,1.424,1.718,2.261,3.033,3.598,0.974,7.210,0.854,0.509,7.124,0.965,0.465,2.189,197.523,106.511
SYN-001070,2025-02-14T13:00:00+07:00,2.694,264.359,3.321,802.713,0.321,0,31.392,0,40.146,27.761,35.783,64.896,39.881,28.607,36.044,60.785,40.675,27.220,35.931,65.829,0.804,0,31.611,0,7.101,21.266,0.273,26.432,205.198,95.393,7.106,5.957,10.167,5.782,1.111,1.565,2.256,2.930,3.618,1.123,1.624,2.332,2.892,3.602,1.098,7.173,0.771,0.531,7.133,0.779,0.452,0.429,198.066,94.722
SYN-001071,2025-02-14T14:00:00+07:00,2.648,253.594,3.293,797.892,0,0,30.757,0,40.241,27.931,35.771,68.711,39.215,27.801,36.259,60.848,39.155,28.609,35.056,62.950,0,0,31.217,0,7.109,17.924,0.225,22.443,202.489,104.249,7.140,5.292,9.796,5.545,0.817,1.659,2.273,2.935,3.673,0.621,1.715,2.302,2.957,3.589,1.012,7.058,0.613,0.418,7.187,0.664,0.476,1.476,209.551,104.688
SYN-001072,2025-02-14T15:00:00+07:00,2.705,265.985,3.297,777.665,0,0,31.564,0,39.414,27.062,35.237,63.814,39.036,24.976,34.251,61.333,37.083,25.883,34.863,58.024,1.089,0,30.953,0,7.116,20.218,0.282,26.520,191.326,102.732,7.128,6.209,12.076,7.128,1.013,1.783,2.322,3.022,3.630,0.800,1.641,2.322,2.981,3.658,1.226,7.193,0.663,0.458,7.047,0.666,0.468,1.866,195.614,103.516
SYN-001073,2025-02-14T16:00:00+07:00,2.653,257.599,3.283,800.653,37.687,26.393,35.754,59.373,37.748,26.590,35.798,55.931,36.393,25.754,35.158,54.170,0,0,32.401,0,0,0,31.721,0,7.116,25.840,0.229,27.193,216.972,105.144,7.113,9.228,11.965,8.646,1.559,1.607,2.258,2.968,3.519,1.523,1.664,2.215,2.949,3.642,1.595,7.118,1.084,0.407,7.180,1.070,0.464,2.382,214.887,104.500
SYN-001074,2025-02-14T17:00:00+07:00,2.736,258.754,3.276,765.060,37.703,26.144,35.313,56.352,36.900,25.038,34.998,60.535,38.033,26.798,35.435,60.517,0,0,30.995,0,0,0,31.100,0,7.106,22.591,0.277,30.328,197.681,98.298,7.031,7.813,13.044,8.639,1.183,1.659,2.377,2.982,3.636,1.178,1.667,2.290,2.966,3.578,1.187,7.139,0.879,0.488,7.196,0.846,0.439,2.278,203.181,99.087
SYN-001075,2025-02-14T18:00:00+07:00,2.718,271.125,3.264,817.725,36.805,27.569,35.227,58.738,36.923,24.855,34.881,59.496,37.083,27.063,34.889,57.732,0.345,0,32.019,0,0.551,0,31.602,0,7.048,21.581,0.306,28.198,223.064,94.595,7.049,9.375,13.413,8.846,1.671,1.664,2.302,3.033,3.587,1.720,1.628,2.308,2.945,3.570,1.622,7.114,1.094,0.463,7.241,1.038,0.416,2.765,224.082,99.203
SYN-001076,2025-02-14T19:00:00+07:00,2.671,256.610,3.254,790.394,37.083,26.409,34.844,55.649,36.980,25.390,36.016,58.792,37.413,27.078,35.557,59.490,0.581,0,31.153,0,0,0,31.246,0,7.169,23.289,0.331,25.663,179.150,98.225,7.100,8.111,12.475,8.475,1.279,1.687,2.312,2.996,3.640,1.278,1.618,2.294,2.964,3.583,1.281,7.215,0.828,0.523,7.145,0.827,0.437,2.011,177.393,97.519
SYN-001077,2025-02-14T20:00:00+07:00,2.656,250.231,3.275,797.985,38.293,27.539,35.243,58.372,38.612,28.815,35.180,64.070,36.387,25.241,34.895,59.193,0,0,31.966,0,0,0,32.130,0,6.993,20.759,0.265,27.779,195.104,98.399,6.942,7.592,11.757,7.280,1.277,1.649,2.317,2.941,3.520,1.197,1.690,2.308,2.941,3.625,1.357,7.176,0.787,0.436,7.112,0.821,0.376,1.721,197.747,96.882
SYN-001078,2025-02-14T21:00:00+07:00,2.669,267.936,3.278,806.745,37.554,28.964,34.716,58.908,37.337,26.264,35.739,59.485,37.905,25.685,35.185,60.508,0,0,31.730,0,0,0,31.412,0,6.965,19.034,0.301,25.504,221.956,109.436,6.924,5.966,10.234,5.655,1.144,1.623,2.343,2.974,3.599,1.172,1.661,2.245,3.008,3.554,1.117,7.117,0.969,0.435,7.178,0.994,0.506,0.967,234.831,108.464
SYN-001079,2025-02-14T22:00:00+07:00,2.650,259.703,3.254,783.596,38.021,27.597,35.565,57.475,38.025,27.280,34.927,60.087,39.320,27.984,34.902,63.437,0.183,0,31.510,0,0,0,31.413,0,7.086,23.562,0.273,28.617,194.211,94.367,7.079,8.292,10.362,8.112,1.476,1.665,2.312,2.938,3.678,1.335,1.658,2.342,3.016,3.612,1.617,7.157,1.132,0.465,7.208,1.090,0.532,1.546,194.114,93.521
SYN-001080,2025-02-14T23:00:00+07:00,2.645,256.880,3.282,803.369,39.543,28.515,35.708,60.711,39.729,26.442,35.053,64.547,39.634,29.313,35.240,64.806,0,0,31.007,0,0,0,31.474,0,7.194,25.233,0.301,29.532,197.018,97.310,7.163,9.470,12.434,10.068,1.338,1.599,2.250,2.991,3.619,1.324,1.561,2.268,2.927,3.574,1.352,7.164,0.859,0.496,7.119,0.849,0.383,1.985,200.729,97.303
SYN-001081,2025-02-15T00:00:00+07:00,2.605,257.176,3.289,840.197,40.285,29.648,35.813,65.434,41.765,28.268,35.931,65.296,0,0,30.974,0,1.339,0,30.481,0,40.246,27.079,35.342,66.219,6.933,23.054,0.270,26.458,195.863,94.229,6.868,9.493,10.918,9.452,1.457,1.701,2.301,2.947,3.624,1.525,1.688,2.389,2.980,3.596,1.389,7.118,1.060,0.489,7.121,1.014,0.453,1.873,192.919,95.077
SYN-001082,2025-02-15T01:00:00+07:00,2.642,263.817,3.233,793.535,41.576,27.785,36.111,69.066,43.154,29.644,36.053,67.323,0,0,30.847,0,0.674,0,31.516,0,42.096,30.125,35.995,63.668,7.009,24.851,0.296,30.276,192.596,99.821,6.879,8.900,13.130,8.959,1.602,1.690,2.328,2.940,3.590,1.489,1.663,2.245,2.935,3.539,1.715,7.175,1.270,0.592,7.214,1.273,0.440,1.820,193.207,98.998
SYN-001083,2025-02-15T02:00:00+07:00,2.622,248.545,3.270,814.278,42.347,28.620,36.475,67.394,42.855,32.346,35.645,67.264,0.580,0,31.365,0,0.768,0,30.333,0,43.099,31.123,35.392,72.029,6.918,21.297,0.300,29.047,213.360,97.002,6.897,8.363,13.222,8.366,1.314,1.628,2.313,2.935,3.619,1.362,1.681,2.293,2.876,3.620,1.266,7.154,0.905,0.488,7.128,0.878,0.474,1.789,210.938,92.779
SYN-001084,2025-02-15T03:00:00+07:00,2.588,258.109,3.273,814.266,43.738,29.517,36.055,73.122,45.178,31.864,36.513,73.685,0,0,32.380,0,0.093,0,30.836,0,42.730,30.712,35.558,67.159,7.068,22.645,0.265,27.028,215.123,88.202,7.055,6.694,13.902,6.511,1.119,1.684,2.379,3.058,3.645,1.016,1.662,2.255,2.954,3.642,1.223,7.073,0.832,0.504,7.255,0.855,0.463,2.718,212.743,88.694
SYN-001085,2025-02-15T04:00:00+07:00,2.564,262.340,3.237,833.797,45.180,30.270,36.137,69.868,43.894,32.378,35.863,68.882,0.905,0,30.947,0,0,0,31.227,0,44.556,32.131,34.692,71.111,7.183,24.702,0.315,25.960,214.451,102.798,7.209,8.618,10.028,9.580,1.407,1.657,2.309,2.981,3.519,1.291,1.669,2.280,3.026,3.618,1.523,7.157,1.021,0.538,7.219,0.982,0.481,1.667,218.309,102.635
SYN-001086,2025-02-15T05:00:00+07:00,2.506,250.988,3.190,848.764,43.792,29.218,35.525,69.572,44.713,32.603,35.997,71.518,0.842,0,31.485,0,0,0,32.091,0,43.109,28.841,35.636,74.823,7.057,24.409,0.296,25.179,209.418,100.221,6.969,8.681,10.891,9.119,1.285,1.602,2.237,2.967,3.570,1.465,1.671,2.280,2.907,3.617,1.106,7.132,0.998,0.477,7.084,0.964,0.479,2.075,205.265,101.822
SYN-001087,2025-02-15T06:00:00+07:00,2.564,260.757,3.193,839.055,45.153,30.164,36.183,72.426,45.902,30.088,35.763,71.528,0,0,30.166,0,0.022,0,32.025,0,45.718,30.453,36.322,72.339,7.038,23.059,0.317,24.256,208.927,93.176,7.129,9.665,9.751,9.869,1.678,1.654,2.269,2.946,3.617,1.556,1.625,2.236,2.920,3.594,1.801,7.142,1.219,0.527,7.206,1.284,0.467,1.496,210.231,96.284
SYN-001088,2025-02-15T07:00:00+07:00,2.513,257.841,3.238,858.321,45.351,31.181,35.795,71.239,44.947,29.399,36.948,70.402,0,0,31.735,0,0.556,0,31.778,0,43.998,29.669,35.791,70.883,7.078,22.040,0.259,26.356,208.351,87.967,7.102,7.636,11.286,7.134,1.179,1.700,2.277,3.022,3.523,1.081,1.646,2.376,2.968,3.566,1.277,7.094,0.948,0.485,7.180,0.931,0.415,2.060,216.539,85.779
SYN-001089,2025-02-15T08:00:00+07:00,2.507,258.522,3.237,868.790,45.887,31.824,35.709,75.986,0,0,32.250,0,0.076,0,31.773,0,42.944,29.076,35.774,67.467,43.945,30.837,36.402,71.612,7.250,24.524,0.285,28.813,191.516,99.061,7.297,8.712,13.188,8.644,1.396,1.634,2.358,2.949,3.622,1.293,1.725,2.322,3.032,3.614,1.498,7.140,1.129,0.447,7.132,1.147,0.444,1.376,183.475,103.336
SYN-001090,2025-02-15T09:00:00+07:00,2.509,252.731,3.207,815.357,43.615,32.298,35.767,70.076,0.680,0,30.502,0,0.945,0,32.095,0,43.302,30.452,35.176,69.629,44.038,30.349,36.040,68.130,7.031,23.713,0.240,27.489,205.899,93.140,7.051,9.633,11.096,9.926,1.647,1.655,2.308,2.990,3.611,1.688,1.670,2.302,3.025,3.640,1.606,7.100,1.322,0.473,7.137,1.263,0.529,3.143,191.250,88.690
SYN-001091,2025-02-15T10:00:00+07:00,2.475,254.454,3.171,843.023,42.977,30.655,35.635,71.031,0,0,31.602,0,0,0,31.646,0,43.044,29.983,36.336,71.359,41.956,29.837,35.149,66.699,6.954,28.109,0.278,29.932,214.844,100.343,6.863,11.600,12.701,11.062,1.925,1.619,2.248,3.012,3.625,1.791,1.651,2.224,2.911,3.559,2.059,7.095,1.422,0.488,7.120,1.414,0.373,1.274,214.570,100.825
SYN-001092,2025-02-15T11:00:00+07:00,2.477,261.959,3.211,818.075,42.918,31.055,36.689,69.311,0.040,0,31.870,0,0,0,31.423,0,42.582,30.095,35.295,69.783,41.610,30.070,34.867,68.475,6.989,28.999,0.308,33.982,196.341,93.654,7.008,10.422,15.241,10.821,1.680,1.632,2.475,3.030,3.576,1.681,1.704,2.252,2.912,3.518,1.678,7.205,1.202,0.462,7.061,1.182,0.473,2.775,185.817,93.612
SYN-001093,2025-02-15T12:00:00+07:00,2.413,252.278,3.166,819.328,41.985,28.308,35.818,65.867,0,0,31.301,0,0,0,31.957,0,41.624,30.165,35.628,65.270,41.488,29.438,35.356,64.871,7.043,31.440,0.260,33.811,180.231,104.587,7.034,11.502,13.855,11.083,2.109,1.639,2.261,2.895,3.577,2.124,1.657,2.330,2.988,3.629,2.093,7.114,1.516,0.490,7.048,1.568,0.426,2.236,178.924,110.956
SYN-001094,2025-02-15T13:00:00+07:00,2.418,255.629,3.192,801.556,40.838,27.874,35.272,61.679,0,0,31.944,0,0.126,0,31.869,0,40.829,29.497,34.738,61.581,38.913,27.586,35.149,58.375,7.185,27.853,0.326,29.019,189.081,94.388,7.164,9.395,10.320,9.756,1.636,1.647,2.233,2.935,3.673,1.733,1.672,2.280,2.851,3.628,1.539,7.170,1.073,0.510,7.213,1.006,0.394,1.761,196.110,94.714
SYN-001095,2025-02-15T14:00:00+07:00,2.479,252.941,3.175,786.692,39.065,27.874,36.507,61.499,0,0,31.346,0,0.609,0,31.778,0,37.972,25.898,34.786,63.897,39.909,26.089,35.365,64.038,6.980,26.292,0.313,27.961,207.985,101.692,7.115,8.229,11.046,8.972,1.338,1.643,2.232,2.941,3.623,1.268,1.668,2.335,2.973,3.521,1.407,7.115,0.806,0.472,7.178,0.803,0.455,1.849,203.807,98.596
SYN-001096,2025-02-15T15:00:00+07:00,2.397,255.706,3.147,771.365,37.603,27.029,34.440,57.320,0.663,0,32.512,0,0.094,0,31.732,0,39.026,27.058,35.208,63.189,39.062,28.059,34.512,64.005,7.100,24.864,0.300,26.814,221.667,89.606,7.157,8.620,12.843,9.070,1.554,1.648,2.334,2.964,3.610,1.456,1.670,2.316,2.895,3.604,1.652,7.130,1.145,0.498,7.189,1.116,0.364,2.483,216.433,93.167
SYN-001097,2025-02-15T16:00:00+07:00,2.366,266.369,3.154,772.712,0,0,32.346,0,0,0,30.728,0,37.848,28.017,34.328,62.103,38.016,28.655,35.827,56.522,38.031,26.010,34.911,60.122,7.084,27.660,0.310,32.618,201.758,95.387,7.174,8.848,13.520,7.747,1.386,1.708,2.256,2.960,3.574,1.360,1.637,2.324,3.032,3.562,1.412,7.166,0.934,0.509,7.216,0.915,0.451,2.254,201.682,93.371
SYN-001098,2025-02-15T17:00:00+07:00,2.380,262.905,3.183,764.991,0.131,0,31.873,0,0,0,32.654,0,37.417,27.914,34.974,58.234,37.554,26.752,35.286,63.564,37.384,27.717,35.235,59.896,7.128,27.147,0.306,30.415,228.620,96.208,7.178,9.373,12.815,9.602,1.593,1.619,2.401,2.972,3.581,1.528,1.662,2.247,2.964,3.600,1.659,7.232,1.061,0.484,7.130,1.033,0.439,1.785,232.882,94.737
SYN-001099,2025-02-15T18:00:00+07:00,2.378,247.985,3.119,756.538,0.231,0,31.272,0,0,0,31.008,0,37.441,28.590,35.489,58.227,36.637,25.548,35.858,60.824,37.137,25.989,35.149,59.338,7.069,30.657,0.266,30.639,215.002,97.975,6.900,10.830,14.880,11.159,1.850,1.692,2.321,2.944,3.663,1.774,1.572,2.371,2.906,3.530,1.926,7.171,1.379,0.485,7.170,1.452,0.359,2.145,218.259,97.199
SYN-001100,2025-02-15T19:00:00+07:00,2.397,253.893,3.152,792.364,0.338,0,31.730,0,0,0,30.979,0,37.421,27.010,35.384,57.447,36.084,25.109,35.180,56.408,37.068,26.744,34.279,60.581,6.995,27.623,0.300,27.037,202.611,89.874,7.086,8.822,12.988,8.460,1.383,1.673,2.296,2.960,3.554,1.336,1.701,2.299,2.945,3.584,1.430,7.102,1.038,0.465,7.014,0.989,0.458,1.889,196.434,85.974
SYN-001101,2025-02-15T20:00:00+07:00,2.311,257.642,3.140,762.059,0.543,0,32.069,0,0,0,31.627,0,38.494,26.842,35.569,59.330,35.799,27.387,34.859,58.660,37.253,25.817,34.483,61.544,7.050,28.206,0.255,29.629,211.987,97.066,7.038,8.952,11.858,8.948,1.467,1.599,2.318,2.908,3.537,1.492,1.627,2.270,2.818,3.648,1.443,7.231,1.016,0.470,7.164,1.066,0.436,2.036,211.294,97.260
SYN-001102,2025-02-15T21:00:00+07:00,2.327,249.200,3.132,796.813,0,0,31.250,0,0,0,31.296,0,38.002,28.020,35.670,63.158,37.857,25.782,35.742,61.341,37.960,26.282,34.854,64.866,7.106,26.906,0.259,27.336,217.596,92.798,7.072,9.792,11.471,9.902,1.665,1.711,2.294,2.996,3.610,1.775,1.642,2.330,2.931,3.633,1.555,7.165,1.148,0.563,7.157,1.085,0.446,2.456,212.107,94.202
SYN-001103,2025-02-15T22:00:00+07:00,2.356,251.127,3.155,773.538,0.266,0,31.076,0,0,0,31.200,0,39.214,27.578,35.143,62.996,37.728,26.420,35.473,59.086,39.429,25.125,35.851,60.670,7.041,27.490,0.314,28.531,205.053,96.266,6.979,8.744,10.859,7.723,1.258,1.655,2.296,2.971,3.623,1.171,1.641,2.287,2.999,3.625,1.344,7.112,0.827,0.512,7.183,0.841,0.423,1.107,199.859,92.164
SYN-001104,2025-02-15T23:00:00+07:00,2.293,248.496,3.131,817.899,0.378,0,31.842,0,0,0,30.689,0,40.921,30.354,35.701,66.387,39.241,27.660,34.545,59.126,39.862,28.643,36.247,60.717,7.115,22.721,0.276,28.912,201.868,100.963,7.230,7.680,14.465,8.127,1.338,1.723,2.289,2.886,3.524,1.145,1.694,2.381,2.970,3.569,1.530,7.216,0.965,0.468,7.138,0.975,0.450,2.511,201.681,100.302
SYN-001105,2025-02-16T00:00:00+07:00,2.339,248.475,3.149,805.687,0.305,0,31.620,0,42.128,30.449,35.579,70.793,41.285,28.731,36.483,62.700,40.534,30.727,36.603,67.433,0,0,32.405,0,7.005,29.941,0.241,33.404,208.126,95.150,6.923,10.421,16.208,10.357,1.756,1.623,2.342,2.967,3.605,1.853,1.635,2.298,3.007,3.728,1.660,7.155,1.292,0.430,7.162,1.244,0.436,2.680,208.881,94.172
SYN-001106,2025-02-16T01:00:00+07:00,2.299,255.219,3.103,821.288,1.121,0,31.494,0,40.943,27.649,36.246,65.661,41.914,29.222,36.097,71.608,42.125,28.002,35.880,67.160,0.025,0,31.698,0,7.016,24.300,0.260,32.479,216.702,105.335,7.111,8.200,13.515,7.966,1.385,1.744,2.280,3.020,3.588,1.374,1.695,2.264,2.915,3.600,1.396,7.146,0.931,0.450,7.133,0.967,0.468,2.117,219.492,106.547
SYN-001107,2025-02-16T02:00:00+07:00,2.313,247.279,3.132,840.929,0.199,0,32.165,0,43.150,31.031,35.436,66.949,41.805,27.906,35.505,70.061,43.413,29.863,35.597,71.991,0.461,0,32.425,0,7.070,32.816,0.264,33.399,168.218,109.436,7.215,12.399,15.569,11.966,1.897,1.529,2.320,2.920,3.606,1.632,1.678,2.271,2.991,3.581,2.162,7.217,1.286,0.400,7.162,1.301,0.399,2.327,166.290,109.067
SYN-001108,2025-02-16T03:00:00+07:00,2.283,250.573,3.148,837.461,0.066,0,30.764,0,43.903,32.104,36.112,68.208,44.354,30.625,36.188,72.672,43.040,30.426,35.589,70.643,0,0,30.905,0,6.957,27.408,0.289,30.023,203.219,106.359,7.076,9.642,12.067,9.361,1.573,1.638,2.292,2.954,3.585,1.434,1.607,2.277,2.935,3.607,1.711,7.152,1.095,0.482,7.186,1.100,0.476,1.957,188.272,104.858
SYN-001109,2025-02-16T04:00:00+07:00,2.208,255.056,3.111,819.219,0.183,0,31.278,0,44.236,31.370,35.495,69.251,45.576,30.513,36.124,71.934,43.834,29.541,35.722,67.551,0,0,31.441,0,6.998,25.185,0.296,26.893,209.598,98.166,6.961,9.257,11.237,9.536,1.365,1.558,2.300,2.958,3.571,1.464,1.611,2.363,2.921,3.514,1.265,7.139,0.838,0.543,7.054,0.851,0.441,2.075,210.730,96.293
SYN-001110,2025-02-16T05:00:00+07:00,2.242,257.288,3.109,870.753,0.397,0,31.663,0,44.614,31.999,36.307,71.959,45.739,31.833,36.290,77.064,44.493,30.101,35.670,71.351,0,0,31.718,0,7.083,30.960,0.267,31.022,192.475,104.536,7.168,9.262,13.780,9.735,1.696,1.660,2.301,2.999,3.542,1.571,1.675,2.349,2.935,3.693,1.822,7.227,1.426,0.505,7.224,1.488,0.462,1.592,196.502,104.210
SYN-001111,2025-02-16T06:00:00+07:00,2.221,249.388,3.167,851.887,0.315,0,32.053,0,44.492,30.394,36.977,70.134,45.576,30.563,35.639,75.996,44.755,33.305,36.476,69.668,0,0,31.498,0,7.125,28.073,0.274,28.823,199.917,104.150,7.008,10.050,14.068,9.281,1.485,1.617,2.231,2.922,3.602,1.499,1.637,2.316,2.985,3.624,1.470,7.110,1.034,0.519,7.083,1.105,0.448,1.872,199.959,101.983
SYN-001112,2025-02-16T07:00:00+07:00,2.224,244.869,3.150,838.671,0,0,31.870,0,44.626,29.283,36.422,73.608,43.392,30.311,36.427,67.479,45.121,30.282,35.761,69.731,0,0,31.111,0,7.142,28.521,0.255,27.390,196.357,109.689,6.983,10.626,10.885,10.511,1.510,1.669,2.220,2.874,3.599,1.443,1.655,2.294,2.964,3.615,1.576,7.092,1.070,0.484,7.108,1.089,0.506,2.117,198.183,109.462
SYN-001113,2025-02-16T08:00:00+07:00,2.176,248.373,3.094,843.085,45.001,30.736,35.879,72.840,43.278,28.237,35.687,69.899,45.191,31.076,35.982,70.195,0.278,0,31.087,0,0,0,31.983,0,7.057,25.911,0.293,25.500,219.743,99.038,7.174,10.561,10.464,10.303,1.749,1.629,2.367,3.006,3.637,1.774,1.574,2.264,2.900,3.521,1.723,7.090,1.222,0.534,7.076,1.235,0.475,1.199,219.417,99.157
SYN-001114,2025-02-16T09:00:00+07:00,2.159,253.500,3.096,827.571,44.420,30.650,35.657,69.677,44.420,29.109,35.256,72.598,43.511,28.634,35.614,69.947,0,0,30.667,0,0,0,31.789,0,7.013,27.357,0.283,31.490,208.030,103.658,6.923,8.947,12.678,9.223,1.307,1.674,2.219,2.925,3.705,1.201,1.686,2.322,2.906,3.604,1.413,7.061,1.071,0.510,7.198,1.070,0.474,2.366,214.386,104.870
SYN-001115,2025-02-16T10:00:00+07:00,2.230,252.509,3.126,833.667,42.364,29.397,35.278,68.178,42.962,30.564,36.298,69.775,42.652,30.793,36.287,65.591,0,0,31.677,0,0,0,31.113,0,6.923,32.245,0.290,36.213,221.805,93.826,7.004,12.947,16.374,13.560,2.077,1.699,2.325,2.923,3.567,2.079,1.640,2.270,3.035,3.602,2.074,7.174,1.506,0.472,7.094,1.610,0.521,2.873,212.689,94.294
SYN-001116,2025-02-16T11:00:00+07:00,2.145,252.268,3.106,804.035,42.081,29.290,35.829,67.023,41.532,29.409,35.526,69.365,42.525,30.395,35.959,67.242,0.760,0,31.127,0,1.047,0,31.551,0,6.853,31.096,0.303,29.947,190.124,98.389,6.803,9.803,13.502,10.061,1.740,1.682,2.284,2.961,3.641,1.676,1.594,2.341,2.962,3.618,1.803,7.118,1.266,0.491,7.210,1.208,0.472,1.780,193.367,100.555
SYN-001117,2025-02-16T12:00:00+07:00,2.204,248.173,3.088,821.882,40.310,29.334,34.449,65.786,41.039,31.311,36.047,66.141,41.494,29.760,35.783,66.268,0,0,31.010,0,0,0,31.416,0,6.954,32.126,0.341,28.923,186.296,103.569,6.951,10.301,11.896,9.723,1.768,1.649,2.273,2.959,3.613,1.788,1.679,2.398,2.945,3.654,1.747,7.100,1.316,0.490,7.187,1.295,0.434,1.705,185.747,109.218
SYN-001118,2025-02-16T13:00:00+07:00,2.181,248.048,3.108,824.475,40.335,29.978,35.709,66.972,40.329,29.323,35.657,65.163,40.068,29.382,35.499,64.475,0.030,0,32.591,0,0.867,0,31.619,0,6.983,31.559,0.269,27.948,206.407,91.569,6.971,11.088,12.631,10.821,1.701,1.568,2.268,2.950,3.662,1.702,1.653,2.262,2.949,3.597,1.700,7.168,1.317,0.497,7.109,1.299,0.436,2.996,206.584,88.730
SYN-001119,2025-02-16T14:00:00+07:00,2.206,243.310,3.089,806.891,38.490,27.740,35.336,60.462,39.406,29.483,34.888,62.462,39.086,27.064,35.731,60.448,0.640,0,31.448,0,0.557,0,30.589,0,7.128,30.897,0.257,30.152,213.978,96.054,7.107,10.856,13.667,10.904,1.827,1.650,2.234,2.885,3.644,2.032,1.652,2.393,2.925,3.622,1.623,7.202,1.331,0.456,7.197,1.334,0.434,0.664,212.048,93.681
SYN-001120,2025-02-16T15:00:00+07:00,2.201,240.581,3.063,787.498,36.746,25.391,35.177,63.158,38.638,28.147,36.147,61.679,37.860,25.862,35.394,61.785,0,0,31.775,0,0,0,31.626,0,7.158,32.665,0.285,32.512,189.883,105.084,7.204,11.898,14.694,11.523,1.895,1.614,2.320,2.916,3.605,1.889,1.663,2.356,2.913,3.563,1.901,7.169,1.393,0.509,7.112,1.424,0.452,2.497,197.418,105.806
SYN-001121,2025-02-16T16:00:00+07:00,2.169,244.751,3.092,794.211,37.371,26.828,34.721,62.388,37.818,29.266,34.924,62.446,0,0,31.678,0,0.596,0,30.804,0,38.071,27.150,35.286,61.302,7.121,27.833,0.305,32.303,209.866,101.540,7.159,12.081,12.466,11.787,1.908,1.625,2.239,2.983,3.596,1.826,1.611,2.225,2.983,3.581,1.989,7.176,1.357,0.509,7.137,1.369,0.451,2.446,216.488,101.460
SYN-001122,2025-02-16T17:00:00+07:00,2.096,245.912,3.037,778.634,36.778,28.068,34.684,60.772,36.951,28.106,34.735,57.120,0,0,31.229,0,0,0,31.702,0,37.303,26.495,35.179,59.722,7.078,30.883,0.256,33.204,193.876,94.047,7.043,12.017,15.264,12.354,2.172,1.583,2.287,2.920,3.688,2.174,1.688,2.298,2.876,3.599,2.170,7.203,1.362,0.450,7.226,1.334,0.490,2.411,190.122,93.136
SYN-001123,2025-02-16T18:00:00+07:00,2.101,246.178,3.060,788.848,38.104,26.597,34.812,60.595,36.469,25.953,35.191,55.488,0.458,0,31.015,0,0.243,0,32.204,0,37.131,25.431,35.602,56.190,6.921,26.295,0.286,28.928,209.048,94.301,6.846,8.876,15.338,9.440,1.590,1.695,2.261,2.871,3.622,1.596,1.647,2.266,2.886,3.553,1.584,7.158,1.205,0.525,7.145,1.206,0.475,2.266,214.506,91.296
SYN-001124,2025-02-16T19:00:00+07:00,2.070,243.271,3.055,768.675,36.876,26.406,34.467,59.455,37.158,27.916,34.931,60.735,0.491,0,31.372,0,0,0,32.142,0,36.616,24.444,33.696,58.499,7.153,35.712,0.308,34.475,208.784,97.429,7.089,13.139,13.492,13.010,2.215,1.654,2.308,2.923,3.573,2.136,1.638,2.269,2.936,3.622,2.294,7.130,1.619,0.497,7.137,1.613,0.439,1.486,214.270,98.953
SYN-001125,2025-02-16T20:00:00+07:00,2.077,248.675,3.035,792.362,38.772,27.061,35.401,63.752,36.631,25.401,35.004,60.150,0.362,0,31.557,0,0.476,0,31.815,0,36.829,28.204,36.007,56.457,7.111,28.049,0.244,30.276,196.134,96.555,7.165,11.609,12.827,11.785,1.950,1.693,2.277,2.933,3.623,1.793,1.668,2.338,2.970,3.674,2.106,7.184,1.394,0.469,7.155,1.335,0.393,1.446,186.415,95.160
SYN-001126,2025-02-16T21:00:00+07:00,2.142,238.527,3.094,827.353,39.240,25.858,34.811,64.929,38.199,27.469,34.648,62.949,0.601,0,30.529,0,1.469,0,31.266,0,36.966,29.771,35.231,59.055,7.180,32.399,0.262,30.961,175.140,107.112,7.123,13.427,13.105,13.265,2.152,1.708,2.427,2.903,3.585,1.965,1.660,2.299,2.965,3.594,2.338,7.151,1.507,0.468,7.214,1.409,0.434,2.579,170.444,106.891
SYN-001127,2025-02-16T22:00:00+07:00,2.126,241.376,3.075,798.104,39.368,26.599,35.170,63.090,38.532,27.309,35.447,64.967,0,0,30.817,0,0,0,31.868,0,38.989,29.383,35.057,60.264,7.030,28.637,0.288,29.651,195.299,97.027,6.975,9.028,12.690,8.722,1.386,1.631,2.264,2.920,3.577,1.414,1.659,2.302,2.949,3.581,1.358,7.120,0.988,0.466,7.023,0.994,0.502,2.142,195.962,97.740
SYN-001128,2025-02-16T23:00:00+07:00,2.074,245.635,3.108,789.410,41.361,28.515,36.476,66.075,39.009,26.388,35.191,65.345,0.543,0,31.689,0,0.992,0,31.622,0,39.585,27.604,34.874,62.317,7.152,29.723,0.292,33.590,183.004,102.534,7.206,10.983,13.808,11.729,1.717,1.654,2.308,2.927,3.631,1.768,1.699,2.344,2.902,3.625,1.667,7.110,1.231,0.495,7.134,1.264,0.447,2.343,175.729,98.717
SYN-001129,2025-02-17T00:00:00+07:00,2.070,248.411,3.044,825.880,41.354,29.749,35.486,66.538,0.114,0,31.831,0,0,0,31.859,0,41.002,29.000,35.577,67.335,39.882,29.211,35.609,63.093,7.144,32.611,0.330,30.689,202.803,98.445,7.195,13.894,12.803,13.955,2.213,1.625,2.277,2.900,3.518,2.272,1.599,2.403,2.938,3.643,2.154,7.254,1.533,0.506,7.103,1.561,0.480,1.417,201.281,101.865
SYN-001130,2025-02-17T01:00:00+07:00,2.096,246.464,3.062,811.529,41.552,29.332,36.265,63.163,0,0,32.004,0,0.596,0,31.428,0,41.691,30.130,35.466,68.451,41.235,30.054,35.188,66.658,7.058,32.503,0.286,30.159,203.896,100.353,7.016,11.430,12.703,11.193,1.826,1.696,2.342,2.958,3.650,1.795,1.629,2.286,2.933,3.564,1.858,7.121,1.411,0.462,7.168,1.370,0.483,2.408,211.028,99.689
SYN-001131,2025-02-17T02:00:00+07:00,2.106,241.221,3.097,845.487,43.585,29.332,35.990,67.317,0.352,0,31.586,0,0.811,0,32.197,0,45.138,30.785,35.473,73.773,41.514,29.062,36.134,64.837,6.992,31.458,0.267,30.152,207.641,90.204,7.047,11.132,11.178,10.908,1.655,1.673,2.354,2.915,3.626,1.597,1.599,2.335,2.966,3.623,1.713,7.194,1.243,0.488,7.137,1.245,0.440,1.889,203.919,90.883
SYN-001132,2025-02-17T03:00:00+07:00,2.151,245.587,3.050,820.207,44.471,30.389,36.232,70.518,0.388,0,31.496,0,0,0,31.429,0,43.101,27.559,35.736,70.275,44.682,31.590,36.259,73.557,7.033,27.922,0.324,31.925,191.503,95.912,7.028,11.412,13.064,11.008,2.042,1.620,2.213,2.927,3.547,2.016,1.615,2.261,2.919,3.568,2.069,7.122,1.542,0.496,7.087,1.480,0.428,2.286,197.794,95.485
SYN-001133,2025-02-17T04:00:00+07:00,2.153,244.639,3.043,850.478,44.379,29.321,36.419,69.215,0.451,0,31.451,0,1.279,0,31.662,0,44.884,33.328,35.569,73.876,44.101,29.328,35.736,73.281,6.977,33.229,0.289,31.769,201.242,107.354,6.983,11.423,13.680,11.021,1.828,1.573,2.217,2.962,3.654,1.740,1.641,2.343,3.025,3.631,1.915,7.125,1.243,0.540,6.985,1.271,0.386,2.475,196.830,108.324
SYN-001134,2025-02-17T05:00:00+07:00,2.074,238.945,3.016,831.831,44.349,31.020,35.840,72.387,1.058,0,31.604,0,0.199,0,31.587,0,43.714,30.098,35.333,71.087,45.773,30.587,36.411,76.422,7.078,29.704,0.258,32.614,202.275,85.732,7.054,11.305,14.161,11.920,1.833,1.703,2.355,2.938,3.606,1.771,1.572,2.305,2.960,3.671,1.895,7.143,1.303,0.412,7.035,1.226,0.467,2.114,197.371,86.095
SYN-001135,2025-02-17T06:00:00+07:00,2.112,239.175,3.079,838.107,44.345,32.339,36.929,71.169,0,0,32.133,0,0.322,0,31.021,0,46.053,32.031,36.831,69.394,45.398,30.306,35.541,72.898,7.256,33.339,0.246,32.039,211.312,103.838,7.295,13.430,17.441,13.407,2.127,1.657,2.280,2.937,3.591,1.927,1.663,2.270,3.037,3.613,2.327,7.198,1.499,0.465,7.127,1.532,0.484,3.161,209.897,105.413
SYN-001136,2025-02-17T07:00:00+07:00,2.127,239.273,3.048,840.449,44.423,29.674,36.081,68.834,0,0,31.428,0,0,0,31.545,0,44.462,31.183,36.226,72.626,44.884,30.886,36.515,70.669,7.072,29.927,0.283,33.013,205.542,92.067,7.017,11.448,11.986,11.258,2.004,1.677,2.263,2.962,3.634,1.988,1.594,2.285,3.067,3.584,2.020,7.165,1.358,0.495,7.045,1.329,0.424,2.311,204.547,92.762
SYN-001137,2025-02-17T08:00:00+07:00,2.125,235.357,3.051,860.468,0.372,0,31.852,0,0,0,31.283,0,44.816,30.383,35.302,75.284,44.063,29.315,34.972,70.962,44.356,32.194,36.129,68.917,6.972,31.681,0.294,31.506,188.802,93.342,6.903,12.607,14.135,12.369,2.048,1.680,2.281,3.062,3.577,1.919,1.702,2.287,2.914,3.642,2.178,7.160,1.482,0.439,7.090,1.416,0.427,1.779,187.189,91.245
SYN-001138,2025-02-17T09:00:00+07:00,2.141,234.510,3.051,814.996,0,0,31.540,0,0,0,31.066,0,43.354,27.487,35.816,70.979,43.692,31.512,36.319,70.667,44.024,32.109,36.025,73.511,6.972,28.526,0.323,28.495,207.904,96.672,7.032,9.800,11.665,9.579,1.797,1.686,2.318,2.938,3.636,1.794,1.614,2.290,2.935,3.621,1.800,7.211,1.339,0.455,7.185,1.361,0.453,1.840,206.736,95.564
SYN-001139,2025-02-17T10:00:00+07:00,2.109,233.183,3.040,820.344,1.241,0,32.326,0,0,0,31.605,0,42.991,30.796,35.602,67.660,43.935,28.834,35.913,73.397,43.168,32.694,35.881,68.235,7.024,32.249,0.295,33.949,175.852,99.596,7.061,9.706,13.379,10.246,1.499,1.614,2.323,3.011,3.565,1.463,1.660,2.269,2.893,3.528,1.534,7.100,0.938,0.423,7.225,0.922,0.447,2.867,176.904,97.388
SYN-001140,2025-02-17T11:00:00+07:00,2.070,245.691,3.066,814.553,0,0,31.295,0,0,0,31.134,0,42.071,29.385,35.632,66.953,42.180,30.362,35.719,67.644,42.027,31.795,35.421,70.907,7.005,32.227,0.289,32.902,174.922,104.038,6.957,10.572,14.147,10.921,1.744,1.639,2.273,2.981,3.564,1.681,1.703,2.247,2.964,3.616,1.808,7.120,1.281,0.559,7.077,1.252,0.428,2.228,168.191,105.209
SYN-001141,2025-02-17T12:00:00+07:00,2.180,235.401,3.081,802.211,0.414,0,30.865,0,0,0,30.929,0,39.820,27.361,35.603,64.404,41.443,29.044,36.173,66.846,41.261,29.737,35.834,65.221,7.090,28.532,0.279,30.722,184.174,92.493,7.005,10.202,13.627,10.423,1.600,1.624,2.262,2.921,3.620,1.660,1.674,2.312,2.875,3.584,1.539,7.182,1.067,0.482,7.171,1.024,0.457,1.971,189.547,95.207
SYN-001142,2025-02-17T13:00:00+07:00,2.106,230.443,3.097,810.046,0,0,32.432,0,0,0,32.068,0,40.864,27.160,35.510,66.067,40.068,27.155,35.089,64.485,40.224,27.436,35.470,61.597,6.967,30.150,0.330,31.539,202.964,95.720,6.912,8.356,13.647,8.551,1.306,1.646,2.284,2.906,3.609,1.469,1.624,2.301,2.975,3.682,1.143,7.219,0.884,0.522,7.166,0.865,0.483,2.096,209.494,95.774
SYN-001143,2025-02-17T14:00:00+07:00,2.077,241.850,3.052,782.712,0.521,0,31.357,0,0,0,31.454,0,38.186,27.101,35.257,63.984,38.528,26.757,34.764,60.481,39.366,28.380,35.379,63.887,7.162,27.904,0.289,26.678,203.266,102.638,7.141,11.068,11.711,11.174,1.634,1.640,2.342,2.973,3.580,1.563,1.702,2.280,3.030,3.584,1.705,7.078,1.122,0.502,7.116,1.141,0.442,1.968,197.138,104.288
SYN-001144,2025-02-17T15:00:00+07:00,2.166,242.314,3.123,797.036,0.409,0,31.883,0,0,0,31.239,0,38.017,28.355,34.711,59.912,38.239,27.476,35.657,60.976,37.341,25.383,35.257,59.596,7.159,30.364,0.277,30.927,202.550,101.367,7.209,10.695,13.919,10.417,1.856,1.610,2.347,2.873,3.635,1.908,1.619,2.301,2.915,3.579,1.804,7.144,1.369,0.502,7.153,1.358,0.440,2.336,198.470,99.029
SYN-001145,2025-02-17T16:00:00+07:00,2.113,239.538,3.056,777.509,0,0,30.809,0,37.205,24.948,36.336,58.472,37.209,26.493,36.297,59.362,37.560,26.193,35.039,59.446,0,0,31.282,0,7.194,30.296,0.310,30.420,194.965,104.297,7.149,12.292,13.085,11.795,1.863,1.583,2.266,2.927,3.642,1.860,1.614,2.328,2.914,3.635,1.866,7.190,1.340,0.487,7.147,1.282,0.479,2.021,191.737,106.081
SYN-001146,2025-02-17T17:00:00+07:00,2.159,235.769,3.090,776.810,0,0,31.594,0,37.870,27.887,35.547,59.370,37.790,25.966,35.230,59.449,36.651,26.591,35.215,59.758,0.482,0,30.657,0,7.004,28.481,0.302,28.464,192.380,99.294,7.011,9.219,13.530,9.786,1.658,1.606,2.261,2.923,3.675,1.634,1.569,2.293,2.928,3.595,1.681,7.180,1.196,0.452,7.304,1.215,0.486,2.625,187.043,97.273
SYN-001147,2025-02-17T18:00:00+07:00,2.117,236.725,3.045,788.126,0,0,31.677,0,37.274,28.229,35.460,57.958,36.602,26.403,34.971,63.218,37.043,25.835,35.839,61.529,0,0,31.701,0,6.944,26.988,0.286,26.354,207.534,91.739,6.935,9.456,11.823,10.367,1.470,1.627,2.322,2.908,3.596,1.477,1.642,2.213,2.934,3.510,1.462,7.177,0.964,0.396,7.136,0.891,0.478,1.978,198.215,90.991
SYN-001148,2025-02-17T19:00:00+07:00,2.122,235.221,3.077,796.079,0,0,31.774,0,36.436,25.880,35.138,58.730,37.148,25.902,35.604,58.606,38.723,27.446,34.703,58.886,0.845,0,31.154,0,6.877,30.671,0.247,29.788,216.801,90.537,6.893,11.742,14.676,11.792,1.913,1.657,2.168,2.985,3.660,1.703,1.637,2.301,2.998,3.631,2.122,7.216,1.505,0.449,7.167,1.565,0.449,2.466,218.730,87.826
SYN-001149,2025-02-17T20:00:00+07:00,2.179,232.682,3.099,773.479,1.001,0,31.595,0,38.213,26.087,35.734,60.324,38.138,27.308,35.773,64.864,37.796,27.750,34.803,63.019,0.637,0,31.564,0,7.077,31.790,0.272,28.856,198.754,103.159,7.120,10.541,12.769,10.407,1.943,1.707,2.316,2.940,3.640,2.018,1.639,2.292,2.975,3.569,1.868,7.091,1.390,0.489,7.080,1.381,0.412,1.480,195.117,103.121
SYN-001150,2025-02-17T21:00:00+07:00,2.144,244.338,3.074,800.611,0,0,31.863,0,38.092,27.158,35.119,61.433,38.161,26.865,34.610,57.824,38.017,26.878,34.651,65.324,0.325,0,30.439,0,7.005,34.202,0.285,34.521,221.899,98.492,6.976,11.888,14.057,12.174,1.890,1.637,2.310,2.923,3.606,1.771,1.637,2.366,2.899,3.603,2.009,7.135,1.363,0.469,7.076,1.348,0.506,2.259,215.542,97.427
SYN-001151,2025-02-17T22:00:00+07:00,2.167,244.164,3.102,810.312,0,0,31.672,0,38.873,29.700,34.943,61.419,39.081,27.479,35.075,61.972,38.670,27.636,35.064,59.949,0,0,32.050,0,7.038,29.865,0.254,32.276,217.186,92.958,6.981,9.203,12.282,9.569,1.490,1.644,2.275,2.943,3.537,1.480,1.572,2.282,2.957,3.587,1.501,7.081,1.121,0.495,7.217,1.074,0.525,1.935,224.864,94.691
SYN-001152,2025-02-17T23:00:00+07:00,2.146,238.097,3.079,783.392,0,0,30.639,0,40.415,26.323,35.839,62.328,38.921,27.816,35.017,63.375,39.026,26.736,35.833,60.792,0,0,31.665,0,7.105,30.058,0.262,31.223,195.581,89.326,7.170,9.567,13.155,9.272,1.463,1.710,2.303,2.888,3.600,1.305,1.676,2.231,2.985,3.602,1.620,7.179,1.077,0.459,7.092,1.173,0.536,2.227,189.158,91.567
SYN-001153,2025-02-18T00:00:00+07:00,2.208,233.156,3.140,811.635,41.155,28.387,35.589,64.697,41.144,28.923,36.360,65.441,41.569,27.577,35.252,63.572,0.543,0,31.984,0,0,0,31.579,0,7.024,30.991,0.300,31.602,190.258,99.635,7.063,13.372,12.899,13.584,2.171,1.617,2.352,3.004,3.518,2.019,1.606,2.305,2.903,3.556,2.324,7.143,1.523,0.496,7.135,1.507,0.478,2.355,187.860,100.205
SYN-001154,2025-02-18T01:00:00+07:00,2.224,234.018,3.093,815.321,42.551,29.145,35.852,69.091,41.949,28.188,35.176,65.662,42.627,30.030,35.896,65.015,0,0,32.267,0,0.515,0,31.944,0,7.041,27.515,0.272,30.538,213.922,96.964,7.013,12.285,13.376,12.065,2.084,1.614,2.353,3.011,3.626,2.126,1.607,2.314,2.956,3.674,2.043,7.278,1.437,0.431,7.201,1.431,0.448,2.517,212.044,93.788
SYN-001155,2025-02-18T02:00:00+07:00,2.166,229.751,3.099,835.700,43.454,30.504,35.823,69.776,42.646,30.079,35.509,70.502,43.601,30.387,35.840,69.792,1.406,0,31.271,0,0,0,32.330,0,7.152,29.071,0.312,29.684,209.113,95.944,7.237,11.223,10.827,12.003,1.890,1.656,2.282,2.969,3.635,1.933,1.596,2.313,2.975,3.658,1.847,7.111,1.461,0.435,7.153,1.449,0.475,2.065,201.899,95.677
SYN-001156,2025-02-18T03:00:00+07:00,2.219,228.021,3.113,848.493,41.884,27.660,35.719,65.106,43.083,29.668,35.723,69.378,43.308,31.399,36.336,68.305,0,0,31.608,0,0.374,0,30.895,0,7.055,27.009,0.295,27.852,189.046,94.625,6.967,8.410,12.088,8.460,1.389,1.629,2.215,2.957,3.589,1.339,1.612,2.340,3.016,3.510,1.439,7.135,0.957,0.485,7.159,0.959,0.417,2.325,184.767,95.793
SYN-001157,2025-02-18T04:00:00+07:00,2.230,231.117,3.103,826.575,45.270,32.036,35.573,72.328,43.718,29.994,35.294,72.953,44.779,31.557,36.987,74.529,0.288,0,31.706,0,0.859,0,32.219,0,7.080,35.419,0.243,32.737,195.863,100.328,7.052,13.845,13.480,13.263,2.396,1.708,2.350,2.866,3.589,2.404,1.545,2.316,2.982,3.584,2.388,7.094,1.766,0.461,7.137,1.819,0.357,2.431,193.118,101.744
SYN-001158,2025-02-18T05:00:00+07:00,2.270,241.420,3.079,851.325,44.951,29.661,35.412,73.234,43.343,30.954,35.518,69.457,46.294,32.447,35.782,71.447,0,0,31.288,0,0.827,0,31.732,0,6.950,31.739,0.280,30.573,223.698,97.278,6.959,10.279,12.789,10.546,1.706,1.630,2.321,2.940,3.522,1.773,1.632,2.277,2.988,3.551,1.640,7.173,1.135,0.460,7.213,1.174,0.438,2.181,221.624,97.539
SYN-001159,2025-02-18T06:00:00+07:00,2.173,230.759,3.117,835.387,44.985,30.323,36.146,71.459,44.796,30.457,35.915,70.476,44.806,29.860,36.664,67.541,0,0,31.114,0,0,0,31.387,0,7.031,27.966,0.311,29.022,195.375,102.154,7.062,9.917,13.488,10.166,1.723,1.772,2.305,2.953,3.642,1.797,1.616,2.305,3.018,3.597,1.649,7.216,1.270,0.468,7.140,1.224,0.467,1.921,195.310,101.375
SYN-001160,2025-02-18T07:00:00+07:00,2.220,233.059,3.084,848.567,44.995,30.453,36.299,70.921,45.933,31.159,35.583,73.786,45.386,31.495,36.337,70.053,0.011,0,31.158,0,0,0,32.345,0,7.074,27.217,0.233,31.176,195.630,93.883,7.272,10.806,13.094,10.330,1.926,1.629,2.311,2.964,3.565,1.879,1.679,2.218,3.054,3.634,1.974,7.160,1.402,0.555,7.190,1.417,0.467,1.964,203.983,94.352
SYN-001161,2025-02-18T08:00:00+07:00,2.264,232.621,3.099,824.161,45.296,30.846,35.640,72.433,44.623,30.564,36.475,69.800,1.157,0,32.059,0,1.401,0,30.888,0,44.881,32.302,36.028,70.500,6.998,29.417,0.303,31.932,185.939,99.304,7.068,10.363,13.456,10.247,1.815,1.668,2.280,2.943,3.605,1.753,1.663,2.295,2.915,3.551,1.877,7.161,1.429,0.531,7.167,1.380,0.459,1.854,176.474,99.183
SYN-001162,2025-02-18T09:00:00+07:00,2.233,241.294,3.133,819.234,43.409,30.141,36.544,70.610,44.377,32.039,36.395,71.870,0,0,31.155,0,0,0,31.682,0,43.654,31.664,35.516,70.320,7.066,27.700,0.304,29.377,189.408,92.061,7.029,10.036,13.434,9.846,1.527,1.698,2.307,2.942,3.585,1.325,1.643,2.316,2.934,3.570,1.729,7.193,1.085,0.393,7.098,1.044,0.487,2.674,192.793,91.235
SYN-001163,2025-02-18T10:00:00+07:00,2.261,227.998,3.103,830.897,42.033,27.744,35.260,66.797,42.554,30.608,35.109,68.532,0,0,31.615,0,0,0,31.053,0,43.642,30.782,36.500,66.623,7.012,25.154,0.277,30.399,213.263,92.892,6.921,9.446,14.376,9.685,1.542,1.655,2.271,2.972,3.616,1.213,1.662,2.252,2.992,3.620,1.871,7.140,1.111,0.447,7.125,1.087,0.428,2.287,217.956,95.384
SYN-001164,2025-02-18T11:00:00+07:00,2.276,233.819,3.156,856.633,42.091,30.790,35.930,63.475,40.936,30.094,35.190,66.859,0,0,31.507,0,0,0,31.622,0,41.062,28.644,36.079,64.126,7.000,27.065,0.241,28.818,218.310,103.385,6.991,9.245,12.752,9.991,1.357,1.657,2.342,3.093,3.496,1.241,1.630,2.221,3.028,3.493,1.474,7.091,1.046,0.514,7.089,1.034,0.555,2.384,221.029,103.460
SYN-001165,2025-02-18T12:00:00+07:00,2.277,234.951,3.145,813.426,39.843,28.835,35.788,60.291,42.599,29.539,35.725,67.673,0.395,0,31.693,0,0,0,31.367,0,41.894,30.110,35.071,69.082,7.037,26.711,0.234,24.575,192.969,103.074,7.061,7.938,11.991,7.192,1.409,1.609,2.394,2.961,3.689,1.225,1.593,2.283,2.938,3.589,1.594,7.128,1.019,0.442,7.063,1.037,0.424,2.043,200.133,102.077
SYN-001166,2025-02-18T13:00:00+07:00,2.350,231.613,3.147,809.434,39.266,28.547,35.510,64.549,38.681,28.887,36.364,65.133,0.021,0,31.184,0,0,0,31.267,0,39.630,28.571,35.659,63.144,7.038,26.003,0.253,25.305,205.507,105.486,6.999,8.905,12.342,8.607,1.503,1.678,2.270,2.986,3.646,1.413,1.651,2.251,3.044,3.578,1.593,7.197,1.152,0.466,7.170,1.097,0.481,2.304,201.385,105.923
SYN-001167,2025-02-18T14:00:00+07:00,2.348,230.731,3.178,791.896,39.320,27.898,34.961,61.406,39.070,28.701,35.094,62.500,0,0,31.386,0,0,0,31.989,0,39.346,29.273,35.356,63.150,7.109,31.423,0.295,30.639,200.999,97.600,7.231,9.959,13.187,9.875,1.571,1.662,2.280,2.861,3.612,1.419,1.536,2.273,2.898,3.551,1.723,7.213,1.128,0.478,7.241,1.151,0.484,2.151,208.224,97.681
SYN-001168,2025-02-18T15:00:00+07:00,2.389,234.449,3.165,808.504,37.848,26.310,35.019,61.286,37.923,25.757,34.977,62.128,1.063,0,31.475,0,0,0,31.817,0,39.083,27.367,36.184,63.551,7.113,24.922,0.330,33.645,198.403,99.097,7.198,8.504,14.209,9.537,1.213,1.663,2.253,2.927,3.680,1.302,1.641,2.325,2.971,3.548,1.123,7.124,1.012,0.521,7.169,1.025,0.536,1.799,203.901,98.087
SYN-001169,2025-02-18T16:00:00+07:00,2.309,231.259,3.149,789.688,36.464,26.564,35.066,56.904,0,0,32.429,0,0.365,0,31.225,0,36.164,25.606,35.698,59.656,37.492,28.117,35.674,59.275,6.927,25.415,0.260,25.564,187.862,106.026,6.907,8.371,11.480,8.976,1.388,1.671,2.259,2.950,3.654,1.374,1.610,2.272,2.978,3.545,1.403,7.082,0.902,0.448,7.114,0.846,0.409,1.718,192.060,108.440
SYN-001170,2025-02-18T17:00:00+07:00,2.400,234.804,3.189,805.779,36.092,25.490,34.416,55.703,0,0,31.425,0,0,0,31.469,0,36.894,26.932,34.864,55.432,36.625,26.436,34.651,59.748,7.170,28.161,0.283,32.330,203.133,98.344,7.102,8.085,14.217,7.804,1.256,1.581,2.321,3.000,3.585,1.195,1.667,2.296,2.977,3.589,1.317,7.129,0.929,0.502,7.227,0.924,0.446,2.456,200.856,96.439
SYN-001171,2025-02-18T18:00:00+07:00,2.381,240.822,3.150,776.336,36.665,26.133,35.443,60.555,0.327,0,32.190,0,0,0,31.877,0,36.214,26.824,35.044,59.174,37.493,25.273,35.207,59.261,6.968,29.246,0.319,30.773,218.783,96.345,6.931,10.430,13.417,10.852,1.631,1.703,2.280,2.975,3.672,1.684,1.666,2.225,2.971,3.587,1.579,7.148,1.089,0.490,7.103,1.091,0.507,1.843,216.420,97.182
SYN-001172,2025-02-18T19:00:00+07:00,2.349,224.800,3.161,791.951,37.073,26.746,35.454,61.034,0.984,0,31.492,0,0.397,0,30.851,0,36.363,26.150,36.065,57.510,37.342,27.289,35.577,59.302,6.982,27.429,0.270,33.739,209.630,98.494,6.980,8.853,14.552,8.701,1.535,1.710,2.361,2.918,3.660,1.396,1.653,2.268,3.011,3.568,1.673,7.083,1.180,0.402,7.213,1.190,0.482,1.898,207.634,93.788
SYN-001173,2025-02-18T20:00:00+07:00,2.356,232.773,3.180,782.855,37.603,23.697,35.325,62.279,0,0,31.325,0,0,0,32.624,0,36.803,26.494,35.303,60.134,38.048,26.564,35.703,61.189,6.989,21.395,0.288,29.868,192.738,94.351,7.046,7.440,12.940,7.263,1.076,1.680,2.219,2.982,3.606,1.030,1.650,2.222,2.937,3.586,1.122,7.206,0.801,0.499,7.155,0.761,0.503,1.344,192.635,96.246
SYN-001174,2025-02-18T21:00:00+07:00,2.423,232.779,3.194,802.504,38.264,27.082,35.115,59.937,0,0,31.763,0,0,0,31.924,0,39.183,26.940,35.676,63.451,38.256,25.705,34.907,59.991,6.987,24.758,0.285,27.611,181.964,104.307,6.903,8.351,11.893,9.055,1.566,1.730,2.372,3.005,3.589,1.361,1.724,2.306,2.999,3.618,1.771,7.190,1.089,0.496,7.097,1.093,0.436,1.662,179.644,103.751
SYN-001175,2025-02-18T22:00:00+07:00,2.433,235.986,3.199,813.070,39.603,29.005,36.522,65.894,1.485,0,31.632,0,0.393,0,31.871,0,39.384,26.302,35.323,62.936,39.054,26.421,35.426,61.351,6.887,28.037,0.269,32.265,201.811,106.110,6.969,8.690,15.080,8.584,1.327,1.587,2.237,2.985,3.614,1.316,1.593,2.371,3.005,3.615,1.338,7.105,0.965,0.499,7.144,1.075,0.387,2.253,196.354,106.582
SYN-001176,2025-02-18T23:00:00+07:00,2.471,232.567,3.210,828.876,40.577,28.197,35.467,64.415,0,0,32.027,0,0.068,0,30.860,0,40.538,27.437,35.571,64.150,40.793,28.630,35.304,66.270,7.153,23.629,0.303,26.426,224.907,97.519,7.126,10.477,11.914,10.567,1.614,1.637,2.323,3.015,3.526,1.576,1.670,2.309,2.927,3.613,1.652,7.139,1.145,0.528,7.068,1.178,0.492,1.632,230.261,93.640
SYN-001177,2025-02-19T00:00:00+07:00,2.424,231.425,3.223,795.934,0,0,32.058,0,0,0,31.030,0,41.464,28.794,35.026,67.851,40.085,28.725,35.124,66.361,41.221,28.247,35.538,70.091,7.090,25.086,0.263,31.733,188.349,98.827,7.023,9.906,12.724,9.883,1.476,1.533,2.293,2.956,3.589,1.400,1.656,2.235,2.983,3.559,1.552,7.208,0.961,0.471,7.223,0.948,0.475,2.112,185.088,100.772
SYN-001178,2025-02-19T01:00:00+07:00,2.447,235.792,3.186,841.334,0.391,0,31.066,0,0.679,0,31.653,0,41.904,28.713,35.283,65.804,42.552,32.341,35.752,68.841,42.059,29.424,36.452,66.682,6.862,25.570,0.314,29.226,211.073,98.697,6.875,9.352,11.523,9.872,1.431,1.720,2.302,2.939,3.628,1.526,1.644,2.292,2.958,3.535,1.336,7.204,0.925,0.469,6.949,0.928,0.434,1.482,207.943,97.367
SYN-001179,2025-02-19T02:00:00+07:00,2.508,223.371,3.239,817.234,0,0,31.590,0,0.555,0,31.151,0,43.891,28.672,35.385,69.226,43.086,30.325,36.157,70.390,42.587,29.641,35.188,69.687,7.068,25.633,0.251,31.094,181.283,93.116,7.134,10.055,14.068,10.645,1.636,1.669,2.277,2.936,3.578,1.526,1.659,2.325,2.945,3.582,1.747,7.146,1.187,0.463,7.147,1.148,0.478,2.012,188.137,94.638
SYN-001180,2025-02-19T03:00:00+07:00,2.535,227.001,3.248,844.994,0.925,0,31.253,0,0.772,0,31.597,0,44.502,29.359,36.575,71.643,43.167,30.482,35.440,67.999,44.533,30.946,36.140,71.743,7.115,23.204,0.238,24.681,172.365,97.724,7.079,9.710,9.936,9.509,1.633,1.627,2.362,2.951,3.576,1.588,1.663,2.343,2.903,3.600,1.679,7.130,1.112,0.431,7.140,1.123,0.478,1.549,169.533,98.485
SYN-001181,2025-02-19T04:00:00+07:00,2.493,229.166,3.209,812.298,0.615,0,32.136,0,0.530,0,31.270,0,45.345,29.616,35.852,74.686,44.256,32.025,35.362,68.835,44.333,28.835,36.509,71.432,7.021,29.133,0.304,29.888,183.151,94.026,7.165,9.990,12.352,10.724,1.642,1.712,2.286,3.008,3.689,1.530,1.653,2.244,2.923,3.668,1.753,7.136,1.198,0.457,7.140,1.134,0.454,2.478,184.353,92.365
SYN-001182,2025-02-19T05:00:00+07:00,2.531,226.644,3.221,839.230,0,0,30.990,0,0,0,31.447,0,45.278,30.101,35.662,69.692,45.234,31.351,36.003,73.369,44.465,30.879,36.384,69.459,6.997,27.350,0.289,30.774,205.832,93.573,7.073,10.579,13.208,10.639,1.775,1.614,2.279,2.960,3.641,1.811,1.658,2.271,2.824,3.582,1.739,7.203,1.328,0.464,7.248,1.339,0.483,1.152,210.061,90.561
SYN-001183,2025-02-19T06:00:00+07:00,2.517,230.212,3.195,832.463,0,0,31.845,0,0,0,31.134,0,44.809,30.430,35.870,69.637,45.772,32.079,36.594,74.812,46.151,32.626,35.723,76.040,7.114,25.043,0.310,29.739,210.159,110.484,7.188,8.802,12.759,8.583,1.338,1.680,2.322,3.048,3.608,1.534,1.608,2.335,2.864,3.640,1.141,7.245,0.983,0.430,7.060,0.958,0.400,2.456,216.150,108.463
SYN-001184,2025-02-19T07:00:00+07:00,2.540,232.779,3.254,860.656,0,0,32.350,0,0.982,0,31.697,0,44.716,30.775,37.140,73.603,45.040,29.845,36.323,74.389,44.900,30.754,36.417,71.235,7.155,24.243,0.301,27.173,219.410,96.083,7.161,10.254,9.829,10.095,1.651,1.656,2.310,2.993,3.669,1.720,1.688,2.268,3.077,3.512,1.582,7.142,1.136,0.469,7.160,1.156,0.458,1.308,216.102,95.436
SYN-001185,2025-02-19T08:00:00+07:00,2.585,230.510,3.242,839.317,0.383,0,31.230,0,42.829,31.073,35.394,71.344,43.356,30.492,35.890,71.338,44.975,31.001,36.125,73.489,0.513,0,31.080,0,7.109,24.059,0.270,28.941,224.918,103.333,7.006,8.641,9.639,8.858,1.563,1.678,2.309,2.969,3.622,1.663,1.680,2.265,2.922,3.641,1.463,7.153,1.167,0.455,7.151,1.144,0.382,1.300,235.265,102.069
SYN-001186,2025-02-19T09:00:00+07:00,2.607,228.777,3.242,856.341,0,0,31.193,0,44.399,30.594,36.333,71.242,44.429,32.582,35.875,69.493,43.787,30.467,35.269,73.816,1.226,0,31.594,0,7.087,21.067,0.270,22.986,191.929,96.834,7.095,6.347,11.994,6.118,1.143,1.669,2.413,2.921,3.641,1.251,1.584,2.256,2.901,3.560,1.036,7.173,0.849,0.476,7.135,0.860,0.427,1.697,193.156,93.041
SYN-001187,2025-02-19T10:00:00+07:00,2.512,230.508,3.258,827.666,0.184,0,31.340,0,41.998,29.294,35.553,68.575,43.576,28.621,36.271,71.421,42.151,31.477,36.001,69.003,0,0,30.714,0,7.075,22.796,0.336,30.669,216.706,96.023,7.017,8.264,13.280,8.018,1.450,1.584,2.233,2.916,3.557,1.373,1.569,2.314,2.937,3.712,1.527,7.079,1.199,0.472,7.148,1.121,0.441,2.637,213.694,94.089
SYN-001188,2025-02-19T11:00:00+07:00,2.597,239.952,3.270,815.428,0.231,0,32.700,0,42.169,28.378,36.164,64.525,41.904,30.763,35.824,67.141,43.003,30.059,35.944,67.857,0.296,0,30.619,0,7.049,25.599,0.278,28.288,202.191,96.232,7.117,10.076,10.651,9.734,1.695,1.673,2.228,2.912,3.570,1.498,1.664,2.293,2.970,3.563,1.892,7.144,1.215,0.512,7.118,1.126,0.440,2.138,199.206,96.036
SYN-001189,2025-02-19T12:00:00+07:00,2.646,232.023,3.308,835.582,0.507,0,31.648,0,41.086,29.921,35.488,66.251,41.267,27.612,36.286,63.373,41.092,29.289,36.056,66.711,1.273,0,32.210,0,6.981,24.362,0.252,27.095,224.825,92.861,6.890,9.405,11.852,9.674,1.345,1.606,2.239,2.953,3.617,1.418,1.693,2.296,2.961,3.629,1.273,7.192,0.938,0.517,7.197,0.945,0.460,1.761,224.700,93.461
SYN-001190,2025-02-19T13:00:00+07:00,2.585,237.148,3.217,771.448,0.470,0,30.773,0,38.836,28.712,35.781,58.974,40.436,28.707,35.573,67.086,40.006,27.315,36.512,61.587,0,0,31.004,0,7.146,20.667,0.281,28.239,179.383,102.661,7.131,5.980,10.752,6.156,0.822,1.701,2.344,2.944,3.598,0.883,1.741,2.342,3.020,3.579,0.760,7.059,0.490,0.428,7.203,0.443,0.460,2.404,183.701,103.410
SYN-001191,2025-02-19T14:00:00+07:00,2.618,236.241,3.307,794.107,0,0,31.891,0,40.812,28.205,35.196,64.342,38.929,27.343,35.132,64.254,37.669,26.367,35.435,54.076,0.579,0,32.202,0,7.026,24.713,0.264,30.915,194.353,95.220,6.990,8.926,14.384,8.667,1.259,1.631,2.287,2.914,3.586,1.298,1.676,2.297,2.896,3.597,1.220,7.111,0.828,0.442,7.088,0.787,0.475,2.250,175.095,91.771
SYN-001192,2025-02-19T15:00:00+07:00,2.640,232.064,3.270,748.545,0,0,31.151,0,37.846,26.157,35.695,57.179,39.184,26.799,36.133,66.899,37.411,24.457,35.966,59.020,0.649,0,31.665,0,7.266,24.440,0.280,30.514,183.260,99.625,7.349,7.467,13.062,6.067,1.249,1.641,2.332,2.807,3.618,1.138,1.630,2.359,3.000,3.585,1.359,7.149,0.917,0.511,7.149,0.894,0.454,1.593,183.579,98.609
SYN-001193,2025-02-19T16:00:00+07:00,2.652,238.610,3.286,769.251,37.710,25.321,36.048,64.387,36.619,25.197,34.955,57.526,36.800,26.663,35.097,59.381,0,0,31.504,0,0.124,0,31.762,0,6.896,28.494,0.193,30.241,194.161,99.031,6.788,11.122,14.641,10.742,1.780,1.584,2.350,2.970,3.631,1.622,1.619,2.263,3.050,3.630,1.937,7.100,1.197,0.525,7.200,1.133,0.476,2.544,186.972,104.139
SYN-001194,2025-02-19T17:00:00+07:00,2.653,227.299,3.275,771.968,37.728,26.383,35.237,58.784,37.471,26.704,34.885,60.374,37.262,26.720,34.897,56.646,0.382,0,31.276,0,0.282,0,31.033,0,6.977,18.554,0.303,23.971,180.282,100.053,6.934,6.911,9.856,7.011,1.044,1.667,2.392,3.038,3.600,1.182,1.688,2.327,2.955,3.559,0.907,7.274,0.638,0.507,7.167,0.613,0.462,2.332,180.919,98.886
SYN-001195,2025-02-19T18:00:00+07:00,2.676,237.770,3.284,776.504,36.819,26.426,35.071,57.656,36.914,26.701,35.528,58.349,38.808,28.077,35.256,60.748,0,0,32.044,0,0.183,0,31.471,0,6.918,21.629,0.304,27.356,204.586,105.953,6.929,8.432,13.241,7.745,1.289,1.669,2.373,2.960,3.589,1.070,1.658,2.302,2.908,3.579,1.507,7.099,0.886,0.468,7.194,0.811,0.410,2.165,204.737,108.867
SYN-001196,2025-02-19T19:00:00+07:00,2.696,225.250,3.248,769.647,36.107,26.806,34.706,58.905,36.700,25.642,34.774,60.711,37.258,27.739,34.774,62.141,0.594,0,31.649,0,0,0,32.072,0,7.002,18.167,0.273,21.446,198.101,99.880,7.106,6.273,9.716,5.832,0.853,1.659,2.331,2.898,3.604,0.769,1.650,2.398,2.896,3.660,0.937,7.137,0.576,0.485,7.058,0.557,0.485,1.638,202.524,97.038
SYN-001197,2025-02-19T20:00:00+07:00,2.675,231.303,3.272,805.657,36.051,25.208,35.097,56.112,38.343,25.932,35.646,59.785,38.390,25.673,35.409,59.235,0,0,32.263,0,1.121,0,31.183,0,6.966,23.378,0.306,28.054,174.345,95.440,6.945,8.427,13.268,7.898,1.417,1.724,2.338,2.932,3.551,1.473,1.693,2.298,2.840,3.631,1.361,7.160,0.959,0.466,7.220,0.972,0.487,1.902,178.555,97.476
SYN-001198,2025-02-19T21:00:00+07:00,2.683,222.720,3.233,786.599,38.300,25.272,35.159,62.723,37.128,27.041,35.136,57.411,38.410,27.125,35.004,57.463,0,0,31.743,0,0,0,31.441,0,7.083,19.907,0.299,27.736,194.761,96.808,7.050,7.199,11.324,7.330,1.312,1.690,2.220,3.008,3.575,1.212,1.696,2.331,2.897,3.636,1.412,7.133,1.047,0.493,7.166,1.037,0.495,1.639,194.921,95.488
SYN-001199,2025-02-19T22:00:00+07:00,2.703,223.668,3.292,825.608,39.655,27.407,35.575,65.134,38.448,27.532,34.808,64.315,39.650,27.548,35.869,63.163,0.478,0,31.705,0,0.087,0,31.565,0,6.970,22.121,0.284,26.696,207.171,105.293,7.023,8.437,11.812,8.674,1.268,1.606,2.288,3.004,3.650,1.114,1.617,2.284,2.922,3.595,1.423,7.087,0.971,0.479,7.143,1.016,0.441,1.995,213.759,101.879
SYN-001200,2025-02-19T23:00:00+07:00,2.712,235.391,3.302,783.988,40.215,27.032,35.687,63.703,40.068,28.310,35.082,65.521,39.597,27.571,35.901,66.002,1.335,0,31.009,0,0.586,0,31.341,0,6.987,17.319,0.227,25.987,193.323,97.936,6.925,5.839,14.230,5.719,0.927,1.674,2.344,2.956,3.606,0.741,1.656,2.364,2.948,3.643,1.113,7.176,0.717,0.477,7.153,0.643,0.464,1.635,194.244,99.581
SYN-001201,2025-02-20T00:00:00+07:00,2.683,233.677,3.310,827.080,42.171,29.331,36.153,70.792,40.952,28.506,35.524,63.953,0,0,30.634,0,0,0,31.514,0,41.269,30.409,35.422,67.539,7.071,20.555,0.283,26.541,194.088,92.254,7.123,5.572,11.181,6.021,0.800,1.630,2.293,3.007,3.569,0.616,1.651,2.344,2.923,3.555,0.984,7.126,0.500,0.446,7.158,0.503,0.489,1.766,196.232,95.364
SYN-001202,2025-02-20T01:00:00+07:00,2.721,236.306,3.283,819.643,41.596,28.651,35.823,72.442,42.051,29.292,36.358,68.153,0.633,0,31.082,0,0,0,31.911,0,42.145,31.409,35.669,68.757,6.919,21.217,0.293,28.168,191.659,105.318,7.036,7.820,11.246,7.518,1.197,1.640,2.184,3.030,3.648,1.049,1.635,2.276,2.929,3.614,1.345,7.078,0.897,0.457,7.107,0.924,0.445,1.472,181.855,106.741
SYN-001203,2025-02-20T02:00:00+07:00,2.742,232.278,3.333,818.605,42.420,28.868,35.637,67.540,42.866,29.952,35.864,69.194,0.441,0,32.706,0,0,0,31.731,0,44.789,29.508,36.172,71.028,7.211,21.213,0.292,24.998,208.467,92.918,7.263,7.764,9.068,6.470,1.229,1.666,2.327,2.910,3.685,1.234,1.632,2.284,3.015,3.676,1.224,7.066,0.850,0.391,7.026,0.820,0.520,1.663,211.201,93.389
SYN-001204,2025-02-20T03:00:00+07:00,2.766,238.740,3.294,822.158,43.021,30.794,35.686,72.231,44.254,30.568,36.395,71.342,0,0,31.606,0,0.269,0,31.117,0,42.991,28.511,36.183,64.347,6.961,25.465,0.274,27.729,191.962,105.411,6.949,8.229,11.351,8.692,1.287,1.642,2.349,2.894,3.626,1.043,1.676,2.467,2.939,3.616,1.530,7.161,1.063,0.477,7.154,1.017,0.500,1.935,192.352,106.351
SYN-001205,2025-02-20T04:00:00+07:00,2.731,234.439,3.321,829.164,44.568,29.860,36.047,71.136,44.406,30.389,35.355,69.179,0,0,31.498,0,0.465,0,31.572,0,43.976,29.312,35.954,74.018,7.004,18.655,0.290,25.399,205.266,89.424,7.025,7.164,12.454,6.306,1.220,1.611,2.301,2.940,3.533,1.146,1.632,2.253,2.992,3.582,1.295,7.180,0.839,0.499,7.175,0.832,0.443,2.331,210.492,92.505
SYN-001206,2025-02-20T05:00:00+07:00,2.780,232.041,3.331,826.604,45.990,31.703,35.609,72.650,44.692,31.259,36.688,69.781,0.343,0,31.130,0,1.126,0,31.425,0,45.293,33.048,35.877,72.586,7.109,20.117,0.293,30.820,206.374,103.725,7.127,8.694,14.806,9.672,1.470,1.632,2.252,2.966,3.644,1.389,1.690,2.296,2.938,3.591,1.550,7.175,0.991,0.575,7.156,0.983,0.493,1.932,210.437,107.815
SYN-001207,2025-02-20T06:00:00+07:00,2.788,227.931,3.273,873.917,44.992,31.258,35.795,73.211,44.754,32.806,35.314,73.949,0,0,31.052,0,0.336,0,31.237,0,45.268,33.407,35.676,73.580,6.877,16.763,0.299,25.311,174.820,93.695,6.885,4.657,11.287,4.615,0.784,1.618,2.290,2.912,3.636,0.806,1.725,2.257,2.930,3.630,0.762,7.196,0.485,0.554,7.135,0.520,0.406,2.121,179.216,90.780
SYN-001208,2025-02-20T07:00:00+07:00,2.741,226.776,3.310,835.660,45.927,30.791,36.778,75.306,44.829,31.179,35.773,72.344,1.309,0,31.480,0,0,0,31.630,0,45.026,31.795,35.704,69.286,7.029,17.507,0.268,23.541,179.993,97.191,7.061,4.723,11.157,4.532,0.677,1.620,2.310,2.989,3.524,0.775,1.583,2.180,2.900,3.537,0.579,7.219,0.391,0.513,7.226,0.367,0.454,1.481,183.008,96.037
SYN-001209,2025-02-20T08:00:00+07:00,2.717,233.780,3.341,822.878,43.511,30.343,36.456,68.674,0,0,31.791,0,0.021,0,31.426,0,44.844,30.833,36.035,70.699,44.717,31.716,36.148,70.527,7.065,18.988,0.321,26.536,201.985,95.454,7.032,6.434,10.537,6.200,1.165,1.705,2.335,3.052,3.616,1.106,1.576,2.265,2.923,3.623,1.225,7.150,0.903,0.481,7.131,0.856,0.506,2.524,205.981,95.563
SYN-001210,2025-02-20T09:00:00+07:00,2.784,246.759,3.308,840.263,44.594,31.061,35.488,70.192,0.234,0,31.002,0,0,0,31.822,0,43.427,29.343,36.208,69.633,43.096,28.739,35.596,70.566,7.105,22.652,0.271,29.700,202.165,103.607,7.107,6.700,11.756,7.679,1.258,1.646,2.278,2.978,3.537,1.275,1.648,2.305,2.907,3.563,1.241,7.144,0.860,0.507,7.091,0.811,0.456,2.057,198.693,104.945
SYN-001211,2025-02-20T10:00:00+07:00,2.809,244.071,3.324,854.817,42.766,28.978,36.003,71.326,0,0,31.431,0,0.072,0,31.577,0,43.588,31.717,35.721,73.067,43.352,29.165,36.126,71.295,7.111,13.920,0.245,24.932,207.399,101.673,7.207,5.873,10.827,4.681,0.920,1.689,2.287,2.969,3.587,0.872,1.628,2.265,2.926,3.551,0.968,7.215,0.742,0.508,7.200,0.775,0.435,1.699,217.825,101.819
SYN-001212,2025-02-20T11:00:00+07:00,2.853,240.699,3.362,798.481,41.156,26.673,35.507,67.674,0.297,0,31.590,0,0,0,31.439,0,42.710,28.622,35.950,67.731,41.911,29.773,36.072,65.069,7.143,16.748,0.261,22.583,183.158,101.720,7.057,5.745,12.281,5.668,1.011,1.609,2.312,2.944,3.534,0.850,1.687,2.315,3.033,3.587,1.172,7.157,0.797,0.488,7.056,0.875,0.585,1.870,172.953,102.374
SYN-001213,2025-02-20T12:00:00+07:00,2.806,240.207,3.282,801.822,39.880,28.228,36.107,63.037,0,0,31.422,0,0,0,30.963,0,41.849,28.869,35.886,66.694,40.022,28.326,35.660,63.522,6.942,22.031,0.271,27.356,201.187,101.633,6.957,7.382,13.111,7.350,1.200,1.713,2.313,2.969,3.600,1.142,1.621,2.255,2.965,3.620,1.257,7.176,0.757,0.427,7.116,0.700,0.450,2.738,192.848,101.733
SYN-001214,2025-02-20T13:00:00+07:00,2.786,239.240,3.315,794.761,39.462,26.084,35.432,63.169,0,0,31.644,0,1.132,0,31.501,0,41.118,28.925,35.939,65.723,40.603,28.517,35.352,62.698,6.903,16.810,0.239,24.697,205.628,92.922,6.942,3.182,10.460,2.974,0.654,1.726,2.269,2.972,3.606,0.768,1.660,2.353,2.929,3.655,0.539,7.135,0.648,0.485,7.171,0.633,0.435,0.857,208.738,91.972
SYN-001215,2025-02-20T14:00:00+07:00,2.828,236.465,3.334,792.791,39.406,27.717,35.764,60.154,1.825,0,31.545,0,0,0,31.560,0,38.722,27.034,35.276,62.737,38.970,29.228,35.844,59.994,6.990,20.134,0.281,24.814,212.825,105.039,6.906,6.737,12.142,6.647,1.161,1.716,2.310,2.901,3.569,1.264,1.703,2.343,2.921,3.639,1.058,7.187,0.861,0.453,7.259,0.847,0.436,2.410,211.837,105.922
SYN-001216,2025-02-20T15:00:00+07:00,2.840,246.591,3.329,796.590,37.113,26.626,35.406,59.583,0.112,0,31.368,0,0.307,0,31.208,0,39.100,28.938,35.798,66.202,36.948,26.052,35.294,60.140,7.070,17.240,0.338,23.141,235.589,90.336,7.083,4.305,7.550,4.644,0.680,1.616,2.266,2.937,3.557,0.623,1.678,2.380,2.932,3.674,0.737,7.188,0.301,0.490,7.096,0.291,0.508,1.954,241.693,89.129
SYN-001217,2025-02-20T16:00:00+07:00,2.790,234.415,3.335,807.463,0.175,0,31.546,0,0.221,0,31.573,0,37.805,27.538,34.803,57.987,36.732,26.352,35.064,54.114,37.887,26.068,35.664,64.244,7.074,22.337,0.280,25.833,201.353,101.550,7.094,8.623,9.864,8.398,1.636,1.651,2.302,3.052,3.616,1.280,1.651,2.272,2.944,3.617,1.992,7.208,1.190,0.497,7.138,1.228,0.437,1.718,199.584,101.979
SYN-001218,2025-02-20T17:00:00+07:00,2.831,233.769,3.350,785.773,0.044,0,31.087,0,0.924,0,31.773,0,36.539,26.016,35.201,56.874,38.236,26.974,35.181,59.934,36.898,26.650,35.685,61.798,6.930,14.001,0.226,23.934,213.125,95.183,6.735,4.692,12.060,4.952,0.896,1.670,2.365,2.942,3.599,0.875,1.608,2.345,2.869,3.622,0.917,7.061,0.622,0.498,7.118,0.597,0.505,1.296,212.378,96.652
SYN-001219,2025-02-20T18:00:00+07:00,2.801,231.626,3.317,784.955,0.092,0,31.706,0,0.338,0,31.761,0,35.910,26.789,35.822,53.687,37.507,27.609,35.477,59.094,37.590,27.705,35.750,59.027,7.145,18.797,0.280,28.578,193.201,84.867,7.197,6.409,11.215,7.174,1.205,1.599,2.254,2.967,3.550,1.281,1.596,2.283,2.882,3.536,1.128,7.171,0.821,0.483,7.165,0.811,0.415,1.777,188.558,86.618
SYN-001220,2025-02-20T19:00:00+07:00,2.820,236.485,3.303,784.173,0.280,0,31.138,0,0.875,0,31.799,0,37.114,26.708,34.626,57.983,38.309,26.573,34.352,60.855,36.827,27.564,35.822,55.872,7.058,18.802,0.277,25.162,201.109,97.737,7.036,6.558,12.034,6.603,1.097,1.711,2.359,2.912,3.563,0.919,1.619,2.308,2.977,3.566,1.275,7.099,0.809,0.456,7.068,0.814,0.462,1.448,201.123,95.678
SYN-001221,2025-02-20T20:00:00+07:00,2.787,237.218,3.370,794.794,0,0,31.902,0,0,0,31.736,0,36.946,26.695,34.623,57.379,38.929,28.376,35.223,58.847,37.709,25.817,36.332,58.938,6.926,19.709,0.232,27.601,213.606,97.510,6.951,6.086,13.566,5.956,1.072,1.698,2.350,2.878,3.578,1.125,1.650,2.296,2.940,3.632,1.020,7.160,0.704,0.502,7.127,0.733,0.489,1.777,216.321,99.107
SYN-001222,2025-02-20T21:00:00+07:00,2.804,233.868,3.330,791.783,0,0,31.165,0,0,0,31.977,0,38.311,28.284,35.642,60.842,37.568,26.936,35.363,60.867,38.618,28.720,35.886,63.569,7.069,20.860,0.303,28.045,202.472,97.072,7.063,6.688,14.042,6.617,0.952,1.647,2.312,2.969,3.606,0.979,1.672,2.278,2.911,3.601,0.924,7.093,0.681,0.487,7.196,0.667,0.445,2.880,206.967,96.700
SYN-001223,2025-02-20T22:00:00+07:00,2.848,241.999,3.327,794.866,0,0,31.390,0,0,0,32.138,0,39.263,27.730,34.728,62.108,39.560,27.208,35.102,61.915,38.409,25.387,36.059,61.959,6.974,17.367,0.269,28.054,193.607,93.417,6.816,6.060,11.799,5.979,0.922,1.711,2.270,2.972,3.573,0.968,1.677,2.302,2.958,3.507,0.875,7.123,0.651,0.443,7.221,0.664,0.474,1.448,180.021,94.473
SYN-001224,2025-02-20T23:00:00+07:00,2.709,236.504,3.357,794.467,0,0,31.324,0,0.887,0,31.015,0,40.636,27.741,35.848,63.450,40.991,29.967,35.908,64.684,38.940,28.056,34.785,63.162,7.064,16.925,0.255,26.650,183.844,95.081,7.016,6.530,12.579,7.152,1.076,1.693,2.322,2.988,3.584,1.010,1.661,2.258,2.955,3.597,1.142,7.128,0.690,0.446,7.177,0.724,0.439,2.813,175.473,97.802
SYN-001225,2025-02-21T00:00:00+07:00,2.782,243.554,3.305,782.205,0.649,0,31.724,0,40.963,29.741,34.466,67.496,40.086,28.191,35.366,66.082,41.110,30.328,36.299,66.264,0,0,31.182,0,7.083,11.388,0.288,19.543,206.648,105.627,7.083,3.788,9.388,3.333,0.466,1.593,2.226,2.913,3.603,0.566,1.630,2.277,2.884,3.615,0.367,7.133,0.287,0.524,7.054,0.351,0.482,1.058,207.614,107.292
SYN-001226,2025-02-21T01:00:00+07:00,2.769,236.855,3.322,831.445,0,0,32.202,0,42.816,29.841,36.254,68.824,41.473,29.373,35.744,68.282,41.821,28.803,36.777,63.072,0.460,0,31.195,0,7.067,18.176,0.300,22.464,185.123,105.390,7.069,5.674,9.409,6.064,0.872,1.650,2.260,3.014,3.580,1.008,1.645,2.334,3.003,3.598,0.735,7.178,0.652,0.451,7.053,0.630,0.456,1.303,183.263,104.605
SYN-001227,2025-02-21T02:00:00+07:00,2.773,245.601,3.288,826.924,0,0,31.686,0,41.878,30.462,35.570,66.054,43.302,29.922,36.769,68.318,44.534,29.070,34.688,70.228,0,0,31.844,0,6.902,10.493,0.294,23.771,182.007,91.474,6.763,3.344,10.623,3.393,0.423,1.668,2.249,2.925,3.625,0.415,1.637,2.335,2.890,3.653,0.431,7.220,0.219,0.485,7.067,0.232,0.475,1.194,182.866,90.114
SYN-001228,2025-02-21T03:00:00+07:00,2.810,246.877,3.336,833.664,0,0,31.264,0,43.882,31.196,35.847,67.832,44.301,29.597,36.110,68.249,43.641,30.933,36.155,72.298,0.599,0,31.137,0,7.153,17.109,0.262,21.784,217.113,98.209,7.244,6.502,8.931,7.267,1.143,1.596,2.331,2.942,3.620,0.931,1.720,2.300,2.942,3.636,1.355,7.213,0.890,0.522,7.130,0.924,0.444,0.789,226.421,96.840
SYN-001229,2025-02-21T04:00:00+07:00,2.789,250.742,3.353,853.718,0,0,31.421,0,43.051,28.861,34.619,66.324,46.199,31.960,36.366,74.180,44.227,30.385,36.164,69.369,0,0,32.075,0,7.189,14.274,0.262,24.595,214.374,96.013,7.230,5.497,9.716,6.105,1.009,1.674,2.253,2.920,3.593,0.977,1.630,2.292,2.870,3.689,1.041,7.156,0.674,0.479,7.131,0.640,0.463,1.567,213.448,91.953
SYN-001230,2025-02-21T05:00:00+07:00,2.785,245.680,3.335,842.340,0.311,0,31.296,0,44.381,33.396,35.804,69.831,45.793,30.378,36.446,74.132,44.129,28.248,35.609,72.005,0.654,0,32.080,0,6.981,16.428,0.288,27.818,179.518,103.171,6.986,6.595,10.495,7.474,0.955,1.630,2.395,2.992,3.507,1.224,1.674,2.339,2.971,3.654,0.687,7.233,0.695,0.534,7.159,0.732,0.466,1.214,183.186,102.272
SYN-001231,2025-02-21T06:00:00+07:00,2.693,254.311,3.282,839.940,0,0,31.096,0,46.221,32.332,36.616,71.727,44.429,30.716,36.080,71.782,43.932,29.179,36.191,71.201,0.147,0,31.509,0,7.124,15.799,0.292,25.333,203.358,102.529,7.150,4.559,12.423,4.437,0.739,1.681,2.272,3.017,3.599,0.749,1.582,2.210,2.985,3.623,0.728,7.215,0.652,0.541,7.072,0.621,0.422,1.879,201.616,101.074
SYN-001232,2025-02-21T07:00:00+07:00,2.771,239.873,3.293,857.288,0,0,31.309,0,44.576,29.776,35.028,71.662,44.571,32.393,36.541,74.974,46.065,31.977,36.930,76.416,0,0,32.250,0,7.300,18.957,0.311,25.362,211.536,93.385,7.275,4.195,10.756,4.878,0.785,1.646,2.309,2.966,3.554,0.802,1.667,2.337,2.957,3.621,0.768,7.213,0.444,0.467,7.241,0.422,0.469,1.924,209.677,94.390
SYN-001233,2025-02-21T08:00:00+07:00,2.755,243.881,3.286,840.976,44.932,31.975,36.516,73.965,45.078,30.944,36.709,69.123,43.514,29.233,35.099,70.728,1.382,0,31.793,0,0,0,31.802,0,7.129,19.196,0.326,23.431,192.888,99.235,7.040,6.667,10.829,6.582,0.972,1.609,2.230,2.951,3.520,0.780,1.702,2.406,3.006,3.598,1.164,7.170,0.654,0.476,7.220,0.653,0.503,2.077,185.347,101.928
SYN-001234,2025-02-21T09:00:00+07:00,2.759,239.259,3.280,814.007,43.721,29.918,35.799,67.833,43.759,30.962,35.331,69.094,43.660,30.660,36.065,70.423,0.738,0,31.236,0,0.095,0,30.956,0,7.115,13.122,0.247,22.721,199.334,87.771,7.138,5.529,11.325,5.580,0.954,1.619,2.296,2.960,3.527,0.835,1.659,2.360,2.973,3.572,1.073,7.112,0.733,0.494,7.201,0.793,0.409,2.092,207.358,86.489
SYN-001235,2025-02-21T10:00:00+07:00,2.752,237.935,3.318,858.928,42.847,27.963,36.382,70.361,42.882,29.416,35.751,68.775,43.583,30.385,35.611,68.731,0,0,31.225,0,0,0,31.754,0,7.129,11.701,0.290,21.042,207.238,86.493,7.023,2.989,9.465,2.924,0.355,1.709,2.231,2.969,3.574,0.242,1.638,2.312,2.953,3.601,0.468,7.228,0.267,0.510,7.184,0.248,0.498,1.897,207.114,84.612
SYN-001236,2025-02-21T11:00:00+07:00,2.713,246.239,3.331,827.744,41.869,30.720,35.107,66.248,43.474,30.760,37.087,70.209,42.443,30.131,36.093,66.249,0,0,31.834,0,0.700,0,31.757,0,6.876,17.269,0.276,27.057,199.346,97.926,6.981,6.440,10.140,6.250,1.350,1.676,2.287,2.868,3.584,1.171,1.655,2.336,2.955,3.628,1.530,7.106,1.055,0.419,7.208,1.051,0.403,1.614,194.115,97.581
SYN-001237,2025-02-21T12:00:00+07:00,2.738,241.041,3.317,803.241,41.422,31.002,36.300,67.067,40.029,27.244,35.835,67.333,42.286,29.645,35.846,74.228,0,0,30.841,0,0,0,31.621,0,6.939,15.923,0.276,25.566,195.326,97.552,6.909,6.237,10.731,6.123,0.941,1.548,2.273,2.968,3.598,0.844,1.684,2.287,2.981,3.601,1.038,7.173,0.567,0.473,7.083,0.572,0.473,1.871,213.937,98.398
SYN-001238,2025-02-21T13:00:00+07:00,2.746,243.920,3.314,818.987,40.831,27.276,34.561,68.182,40.267,28.173,36.148,65.043,38.673,27.976,35.090,64.375,0.342,0,31.335,0,0.818,0,31.355,0,7.109,17.998,0.274,22.374,214.970,95.159,7.112,7.301,10.198,7.831,1.122,1.656,2.317,2.985,3.540,0.973,1.632,2.211,2.951,3.719,1.272,7.103,0.869,0.488,7.164,0.851,0.438,2.237,207.526,93.912
SYN-001239,2025-02-21T14:00:00+07:00,2.743,240.594,3.313,809.786,39.834,28.346,35.347,62.436,40.088,29.125,35.992,66.625,37.821,26.166,35.722,59.499,0,0,31.066,0,0,0,30.561,0,6.934,13.747,0.275,23.156,192.578,100.006,6.920,6.011,9.492,6.069,0.943,1.679,2.286,2.937,3.641,0.989,1.703,2.330,2.949,3.629,0.897,7.204,0.663,0.500,7.079,0.758,0.411,1.788,190.367,102.706
SYN-001240,2025-02-21T15:00:00+07:00,2.718,255.967,3.267,814.571,38.524,27.391,35.429,66.179,38.434,27.511,34.470,60.626,38.719,27.244,34.657,63.211,0.204,0,31.649,0,0,0,31.973,0,7.096,16.907,0.314,26.108,206.407,94.273,7.082,8.014,11.023,8.452,1.597,1.591,2.234,2.877,3.579,1.488,1.623,2.299,2.980,3.511,1.706,7.156,1.071,0.476,7.120,1.029,0.522,2.759,208.245,94.969
SYN-001241,2025-02-21T16:00:00+07:00,2.656,254.722,3.230,787.281,37.042,26.284,34.536,56.067,37.218,26.093,35.390,60.206,0.873,0,30.932,0,0,0,30.936,0,37.786,26.447,35.342,57.488,7.122,10.680,0.280,23.640,234.164,105.806,7.111,1.895,8.979,2.441,0.350,1.567,2.327,2.969,3.510,0.179,1.711,2.270,2.903,3.602,0.521,7.086,0.328,0.408,7.171,0.319,0.411,1.691,231.967,105.489
SYN-001242,2025-02-21T17:00:00+07:00,2.699,250.716,3.278,775.697,36.999,26.653,34.769,55.553,36.662,27.911,35.684,56.355,0.242,0,30.832,0,0.245,0,30.373,0,36.562,27.776,35.164,56.366,7.203,18.624,0.314,22.854,220.180,103.256,7.192,8.135,8.673,7.906,1.440,1.648,2.278,2.984,3.607,1.295,1.634,2.244,2.985,3.593,1.586,7.172,1.048,0.471,7.160,1.058,0.468,1.237,216.258,106.400
SYN-001243,2025-02-21T18:00:00+07:00,2.662,248.204,3.294,751.362,37.313,26.220,35.139,56.779,36.181,27.232,34.460,58.094,1.651,0,31.987,0,1.291,0,31.589,0,36.355,25.722,34.703,57.084,7.059,17.918,0.258,26.459,195.313,95.074,7.107,6.959,12.508,6.065,0.998,1.660,2.321,2.895,3.618,0.980,1.599,2.322,2.880,3.561,1.016,7.140,0.590,0.493,7.114,0.532,0.450,1.946,192.967,93.832
SYN-001244,2025-02-21T19:00:00+07:00,2.681,257.294,3.283,804.985,38.093,28.466,35.601,61.997,36.968,27.549,35.609,59.392,0.471,0,31.361,0,0.260,0,31.778,0,36.776,25.070,35.339,59.440,7.107,17.184,0.289,22.722,194.136,100.468,7.116,5.660,10.775,5.812,0.837,1.615,2.258,2.977,3.657,0.955,1.631,2.253,2.912,3.613,0.718,7.175,0.562,0.515,7.201,0.609,0.495,2.037,191.150,102.618
SYN-001245,2025-02-21T20:00:00+07:00,2.601,255.763,3.266,789.644,37.507,26.597,36.037,59.204,36.347,27.219,35.688,58.085,0,0,30.808,0,0.064,0,30.300,0,37.349,27.258,34.966,60.550,7.046,17.259,0.259,25.341,193.579,96.026,7.012,4.639,9.471,4.603,0.757,1.651,2.340,2.942,3.582,0.832,1.651,2.364,2.991,3.575,0.683,7.167,0.535,0.492,7.080,0.572,0.421,1.873,188.829,96.181
SYN-001246,2025-02-21T21:00:00+07:00,2.632,253.560,3.266,773.820,38.175,29.078,35.669,64.618,38.707,27.480,35.146,64.704,0,0,31.916,0,0,0,31.445,0,39.654,29.067,34.947,61.864,6.995,11.509,0.311,23.050,202.934,94.992,6.969,5.499,10.228,5.512,0.922,1.564,2.344,3.011,3.564,1.106,1.757,2.308,2.946,3.556,0.738,7.109,0.670,0.489,7.155,0.650,0.405,1.186,196.555,94.041
SYN-001247,2025-02-21T22:00:00+07:00,2.590,246.612,3.231,801.255,39.615,26.638,35.184,63.280,38.667,29.747,34.741,63.175,0,0,32.341,0,0.852,0,31.020,0,39.339,27.991,35.502,59.610,6.890,14.456,0.253,23.713,182.948,95.474,6.896,2.573,8.134,1.948,0.407,1.650,2.352,2.957,3.593,0.237,1.706,2.300,2.917,3.693,0.577,7.144,0.251,0.502,7.057,0.228,0.462,1.819,176.528,96.987
SYN-001248,2025-02-21T23:00:00+07:00,2.607,247.749,3.277,804.798,41.216,28.901,35.440,63.995,39.336,27.990,35.509,61.140,0.289,0,31.647,0,0.684,0,30.956,0,39.450,26.763,35.847,61.248,7.086,19.513,0.287,25.026,205.359,89.306,7.127,6.153,9.610,6.477,1.055,1.661,2.281,2.932,3.646,1.236,1.623,2.314,2.955,3.636,0.874,7.114,0.771,0.503,7.084,0.761,0.499,1.573,202.867,90.387
SYN-001249,2025-02-22T00:00:00+07:00,2.581,251.600,3.260,827.012,41.204,30.028,34.985,65.576,0.300,0,31.927,0,0.817,0,31.287,0,40.474,29.062,35.651,62.529,39.455,26.874,35.954,63.664,6.947,14.268,0.254,25.016,209.751,92.209,6.917,5.222,10.827,4.544,0.705,1.660,2.288,3.018,3.621,0.595,1.636,2.316,3.015,3.553,0.815,7.112,0.508,0.501,7.139,0.510,0.520,1.426,214.506,90.836
SYN-001250,2025-02-22T01:00:00+07:00,2.565,247.303,3.270,836.427,42.427,28.951,36.466,66.817,0.085,0,30.985,0,0,0,31.159,0,41.558,28.849,35.912,67.149,42.265,29.147,35.684,68.666,7.009,12.563,0.253,19.764,204.098,98.927,7.132,5.363,8.905,5.252,0.951,1.616,2.236,2.878,3.538,0.947,1.640,2.369,2.972,3.592,0.954,7.166,0.596,0.517,7.118,0.571,0.455,1.004,204.621,100.405
SYN-001251,2025-02-22T02:00:00+07:00,2.542,251.278,3.234,802.646,42.052,28.083,35.851,66.536,0.617,0,31.297,0,1.230,0,31.394,0,42.854,29.918,36.221,65.563,41.573,29.442,35.897,68.795,7.182,,0.271,26.781,197.688,97.304,7.231,4.485,11.603,4.472,0.675,1.751,2.349,2.941,3.508,0.569,1.662,2.349,2.937,3.592,0.781,7.133,0.497,0.469,7.142,0.486,0.489,0.980,203.157,98.818
SYN-001252,2025-02-22T03:00:00+07:00,2.551,255.313,3.277,827.884,43.112,28.639,35.800,70.217,1.401,0,31.117,0,0.016,0,31.591,0,44.653,31.818,35.945,75.617,43.864,30.747,36.759,72.231,6.963,,0.343,27.073,229.894,95.533,6.925,6.893,11.598,6.731,1.247,1.653,2.285,3.002,3.633,1.388,1.637,2.248,2.905,3.576,1.105,7.194,1.073,0.488,7.154,1.019,0.456,1.796,232.256,99.275
SYN-001253,2025-02-22T04:00:00+07:00,2.531,256.298,3.236,835.558,45.235,31.661,36.805,72.817,0.053,0,32.511,0,0,0,31.628,0,43.236,29.074,35.708,65.334,44.979,31.337,36.446,72.272,7.093,,0.284,25.164,196.860,98.195,7.075,7.877,10.888,7.725,1.426,1.639,2.277,2.980,3.608,1.445,1.600,2.290,2.949,3.578,1.407,7.208,1.172,0.475,7.094,1.123,0.455,1.472,193.809,98.702
SYN-001254,2025-02-22T05:00:00+07:00,2.521,251.102,3.261,810.184,45.356,31.795,36.648,71.810,0.065,0,31.726,0,0,0,31.839,0,44.805,30.574,37.061,73.549,45.610,30.488,36.892,73.734,7.061,,0.298,26.485,197.721,85.505,7.111,3.686,11.410,4.747,0.476,1.695,2.276,2.935,3.575,0.478,1.637,2.396,2.955,3.651,0.473,7.206,0.346,0.460,7.216,0.228,0.460,1.447,206.301,86.744
SYN-001255,2025-02-22T06:00:00+07:00,2.468,257.778,3.255,856.696,43.671,30.780,35.276,67.925,0.790,0,30.957,0,0,0,31.754,0,45.213,32.496,35.952,70.147,44.931,31.583,35.854,74.753,6.925,,0.288,21.698,198.714,105.595,7.036,4.852,8.476,5.170,0.648,1.653,2.308,2.945,3.584,0.499,1.683,2.272,2.958,3.592,0.797,7.227,0.380,0.549,7.026,0.391,0.502,1.095,192.145,103.699
SYN-001256,2025-02-22T07:00:00+07:00,2.564,252.360,3.241,814.349,45.200,32.701,36.017,74.850,0,0,31.206,0,0,0,31.284,0,44.393,28.501,35.959,71.571,45.086,30.763,36.337,74.922,7.004,,0.267,22.760,227.752,101.363,7.127,5.066,12.473,4.884,1.009,1.635,2.365,2.932,3.581,1.110,1.683,2.354,2.923,3.626,0.908,7.161,0.612,0.477,7.189,0.663,0.411,1.553,232.400,102.799
SYN-001257,2025-02-22T08:00:00+07:00,2.479,256.127,3.192,834.341,0,0,32.414,0,0.672,0,31.098,0,44.233,29.787,36.197,70.811,44.854,30.547,36.459,70.821,44.576,31.154,35.959,71.264,6.991,,0.261,28.162,183.228,90.894,6.983,7.822,12.353,8.447,1.169,1.684,2.279,2.939,3.581,1.127,1.615,2.269,2.986,3.514,1.212,7.157,0.845,0.513,7.250,0.822,0.558,1.987,193.761,91.175
SYN-001258,2025-02-22T09:00:00+07:00,2.448,267.239,3.174,830.765,0.301,0,30.777,0,0,0,31.467,0,45.140,32.152,35.808,71.259,45.291,30.754,36.688,67.793,44.722,31.251,35.852,69.913,7.009,,0.245,23.131,218.651,93.300,6.988,3.001,9.271,3.656,0.572,1.715,2.395,2.956,3.635,0.602,1.677,2.216,2.991,3.593,0.541,7.185,0.365,0.542,7.069,0.367,0.462,2.031,211.893,93.113
SYN-001259,2025-02-22T10:00:00+07:00,2.466,261.810,3.203,845.451,0.940,0,31.830,0,0,0,31.045,0,41.824,29.154,35.484,68.609,43.654,29.443,35.715,70.229,42.934,30.107,34.967,66.723,6.915,,0.284,24.235,195.417,94.990,6.895,5.182,9.413,4.459,0.701,1.617,2.252,2.928,3.571,0.759,1.634,2.306,2.949,3.644,0.643,7.128,0.380,0.485,7.149,0.395,0.478,1.194,185.233,93.856
SYN-001260,2025-02-22T11:00:00+07:00,2.425,259.108,3.189,835.982,0,0,31.415,0,0,0,31.167,0,41.543,30.972,35.520,64.944,41.797,28.934,35.416,65.852,42.019,29.631,35.027,67.605,7.035,,0.303,19.682,215.181,96.908,7.119,3.174,10.053,3.278,0.661,1.642,2.328,2.969,3.554,0.790,1.612,2.338,2.977,3.566,0.533,7.128,0.523,0.549,7.216,0.498,0.420,0.855,218.581,98.948
SYN-001261,2025-02-22T12:00:00+07:00,2.420,255.971,3.214,786.615,0.102,0,31.385,0,0,0,31.214,0,40.442,29.100,34.562,66.010,40.790,29.602,36.231,64.870,42.412,29.698,35.415,70.342,6.960,19.779,0.273,27.414,199.332,105.388,6.946,7.394,12.375,7.139,1.024,1.703,2.289,2.941,3.568,0.884,1.670,2.223,2.901,3.621,1.163,7.242,0.665,0.504,7.174,0.666,0.446,2.034,203.264,107.948
SYN-001262,2025-02-22T13:00:00+07:00,2.427,264.886,3.146,784.942,0,0,31.711,0,1.072,0,32.186,0,39.484,25.961,35.172,59.910,39.167,29.041,35.597,64.495,41.068,28.863,35.465,65.686,6.985,16.830,0.287,24.672,229.563,92.699,6.961,3.924,10.389,3.649,0.631,1.615,2.348,2.869,3.601,0.661,1.665,2.276,3.008,3.600,0.601,7.047,0.410,0.441,7.129,0.393,0.402,1.638,235.664,95.666
SYN-001263,2025-02-22T14:00:00+07:00,2.450,250.996,3.183,800.484,0.264,0,32.099,0,0.641,0,32.017,0,38.384,25.840,35.492,62.225,39.529,28.724,35.186,66.053,38.890,27.546,36.252,60.841,7.062,12.734,0.267,22.281,202.042,105.465,7.047,3.096,8.847,3.583,0.563,1.720,2.258,2.986,3.604,0.571,1.544,2.255,2.921,3.586,0.555,7.156,0.451,0.504,7.131,0.439,0.464,1.244,199.636,106.495
SYN-001264,2025-02-22T15:00:00+07:00,2.461,265.206,3.174,794.262,0,0,31.675,0,0.861,0,31.548,0,37.455,25.726,35.618,61.148,38.527,26.498,35.480,62.234,37.942,27.650,34.492,59.870,6.905,20.085,0.318,25.737,209.863,90.413,6.982,9.013,11.771,9.360,1.418,1.641,2.399,2.975,3.580,1.341,1.544,2.317,2.950,3.619,1.495,7.137,1.055,0.486,7.137,1.160,0.426,1.549,209.407,93.098
SYN-001265,2025-02-22T16:00:00+07:00,2.384,261.071,3.183,777.580,0.119,0,31.631,0,36.917,26.643,35.091,59.084,37.351,27.624,34.460,57.608,38.016,27.324,35.591,60.179,0.408,0,31.484,0,7.214,17.516,0.332,26.682,204.257,94.267,7.186,5.529,13.556,4.579,0.713,1.675,2.258,2.979,3.593,0.715,1.742,2.282,2.883,3.638,0.711,7.199,0.535,0.510,7.158,0.550,0.472,2.584,201.668,98.889
SYN-001266,2025-02-22T17:00:00+07:00,2.424,264.395,3.164,796.525,0.972,0,31.578,0,37.496,27.749,35.259,59.544,36.665,26.337,34.961,56.681,36.844,26.176,35.298,56.760,0.472,0,31.386,0,7.134,11.842,0.311,20.434,210.691,96.819,7.138,5.142,10.495,5.166,0.779,1.707,2.322,2.900,3.526,0.999,1.747,2.265,2.966,3.590,0.558,7.192,0.482,0.475,7.027,0.446,0.482,1.335,211.536,95.811
SYN-001267,2025-02-22T18:00:00+07:00,2.445,257.758,3.154,814.818,0,0,30.682,0,36.907,25.826,34.739,58.876,37.607,28.286,35.332,62.141,35.350,25.558,35.433,53.778,0.080,0,31.568,0,7.115,16.220,0.303,27.220,194.380,99.589,7.135,6.525,11.064,7.174,1.083,1.710,2.301,2.941,3.529,1.155,1.622,2.342,3.040,3.630,1.011,7.098,0.825,0.471,7.109,0.772,0.451,1.560,197.310,101.342
SYN-001268,2025-02-22T19:00:00+07:00,2.360,255.267,3.174,799.159,0,0,31.840,0,37.746,26.147,35.711,61.267,36.969,25.455,35.588,61.439,36.206,26.818,34.746,58.281,0.144,0,31.533,0,7.026,18.663,0.255,25.120,196.692,94.947,7.035,5.952,10.012,6.175,0.832,1.642,2.332,2.915,3.642,0.760,1.656,2.345,3.039,3.531,0.903,7.114,0.506,0.468,7.235,0.549,0.451,1.956,201.115,93.551
SYN-001269,2025-02-22T20:00:00+07:00,2.336,266.440,3.172,765.428,0.275,0,31.218,0,37.548,25.796,35.116,59.777,36.725,25.057,34.178,63.144,37.339,25.304,35.042,60.786,0,0,31.662,0,7.028,19.975,0.320,24.962,205.690,103.142,6.959,6.882,10.745,6.671,1.084,1.683,2.348,2.933,3.638,1.216,1.653,2.305,2.976,3.669,0.951,7.141,0.783,0.506,7.198,0.818,0.496,2.052,201.595,102.600
SYN-001270,2025-02-22T21:00:00+07:00,2.303,258.651,3.142,791.955,0,0,32.143,0,38.689,27.346,35.724,62.183,38.568,27.583,35.319,65.789,38.461,30.676,35.000,61.515,0.102,0,31.848,0,6.995,21.460,0.283,28.912,206.078,99.738,7.013,8.854,12.705,8.563,1.339,1.633,2.344,2.972,3.650,1.438,1.654,2.277,2.968,3.610,1.240,7.154,1.038,0.469,7.169,1.019,0.432,1.967,207.821,103.307
SYN-001271,2025-02-22T22:00:00+07:00,2.292,265.529,3.161,802.016,0.190,0,31.626,0,37.562,27.287,35.814,64.006,39.893,29.751,34.764,60.699,39.819,28.493,35.922,64.173,0,0,32.203,0,7.050,16.416,0.281,23.675,189.688,98.322,6.938,4.745,7.997,4.538,0.668,1.657,2.308,2.949,3.655,0.589,1.687,2.205,3.005,3.625,0.748,7.181,0.496,0.536,7.106,0.444,0.427,0.515,188.771,100.185
SYN-001272,2025-02-22T23:00:00+07:00,2.317,260.793,3.164,799.238,0.337,0,31.675,0,39.691,27.164,35.619,66.035,40.752,29.186,34.661,65.021,38.999,27.353,36.210,60.647,0.256,0,31.481,0,7.129,19.394,0.254,22.746,225.728,102.825,7.107,6.842,8.665,6.771,1.068,1.650,2.278,2.972,3.626,1.021,1.640,2.342,2.988,3.617,1.115,7.174,0.791,0.522,7.154,0.807,0.533,0.991,221.405,99.453
SYN-001273,2025-02-23T00:00:00+07:00,2.257,268.560,3.173,828.398,41.568,29.821,35.547,67.495,40.545,29.692,35.694,66.740,39.495,28.682,35.490,63.095,0.391,0,32.172,0,0.366,0,32.083,0,7.009,16.592,0.238,26.054,214.594,105.870,7.048,6.595,11.873,6.261,1.240,1.673,2.281,2.907,3.608,1.134,1.667,2.345,2.973,3.573,1.345,7.178,0.723,0.567,7.080,0.788,0.490,2.586,207.455,103.888
SYN-001274,2025-02-23T01:00:00+07:00,2.232,276.009,3.116,807.883,43.061,29.574,35.801,70.856,41.432,31.901,36.048,68.264,43.131,29.908,35.815,68.879,0.188,0,31.882,0,0,0,31.525,0,7.001,14.236,0.292,20.307,209.553,96.232,6.961,3.601,8.608,2.782,0.610,1.691,2.301,2.979,3.615,0.715,1.636,2.332,2.943,3.509,0.505,7.171,0.374,0.447,7.126,0.396,0.413,1.707,216.717,97.185
SYN-001275,2025-02-23T02:00:00+07:00,2.255,259.841,3.111,816.159,42.009,29.988,36.135,67.518,43.728,32.262,35.759,72.200,42.727,29.925,35.530,71.114,0.248,0,32.396,0,0,0,31.052,0,7.099,17.705,0.330,23.916,198.566,93.995,7.104,5.456,10.791,5.181,1.078,1.643,2.321,2.985,3.598,1.148,1.597,2.361,2.965,3.647,1.007,7.226,0.669,0.478,7.216,0.662,0.454,2.199,203.566,94.845
SYN-001276,2025-02-23T03:00:00+07:00,2.261,275.890,3.126,845.584,43.952,31.083,35.905,70.085,43.960,31.308,36.652,71.723,44.233,30.261,35.610,68.986,0.014,0,31.029,0,1.533,0,32.062,0,6.868,21.128,0.224,25.553,210.127,97.330,6.879,7.451,10.556,7.054,1.256,1.696,2.349,2.966,3.519,0.950,1.650,2.268,2.848,3.632,1.561,7.242,0.957,0.494,7.181,0.918,0.484,2.304,211.022,98.922
SYN-001277,2025-02-23T04:00:00+07:00,2.239,269.441,3.116,872.103,44.692,30.305,35.622,74.248,44.629,28.944,36.415,71.040,45.303,31.342,36.334,70.316,0,0,31.511,0,0,0,31.523,0,7.145,22.536,0.244,26.597,224.317,104.878,7.110,9.520,11.315,9.248,1.677,1.645,2.339,2.966,3.546,1.613,1.688,2.300,2.905,3.590,1.740,7.135,1.245,0.518,7.110,1.289,0.521,1.401,222.390,103.276
SYN-001278,2025-02-23T05:00:00+07:00,2.224,268.992,3.107,835.920,43.674,29.052,35.682,67.586,44.999,29.963,35.428,72.314,43.594,31.023,36.089,70.245,0.265,0,31.669,0,0.786,0,31.609,0,7.079,17.343,0.281,27.975,231.030,95.750,7.016,5.351,12.919,4.524,0.806,1.728,2.311,2.914,3.690,0.832,1.739,2.304,2.983,3.650,0.780,7.140,0.501,0.483,7.152,0.504,0.468,2.830,238.156,96.384
SYN-001279,2025-02-23T06:00:00+07:00,2.227,265.704,3.176,830.529,44.291,32.006,35.952,70.225,45.050,30.777,35.878,70.761,45.229,32.276,36.036,75.016,0,0,31.185,0,0.451,0,32.786,0,6.927,20.424,0.273,26.178,189.388,95.597,6.886,6.626,12.063,6.492,1.137,1.662,2.294,3.002,3.537,1.017,1.630,2.310,3.008,3.533,1.256,7.069,0.892,0.459,7.218,0.916,0.471,1.825,192.073,97.776
SYN-001280,2025-02-23T07:00:00+07:00,2.268,274.371,3.080,880.799,45.096,31.660,35.981,70.444,44.960,29.917,36.136,69.459,44.598,31.069,35.753,74.797,0.036,0,31.991,0,0,0,31.325,0,6.980,14.882,0.275,25.328,203.666,90.104,7.049,6.523,11.194,5.972,1.023,1.667,2.267,2.953,3.594,1.052,1.635,2.297,2.908,3.593,0.995,7.079,0.672,0.416,7.096,0.665,0.442,1.657,195.935,90.475
SYN-001281,2025-02-23T08:00:00+07:00,2.182,282.311,3.158,856.788,45.310,30.294,36.003,71.030,43.327,30.233,35.928,69.678,0.404,0,31.677,0,1.015,0,31.284,0,43.657,30.512,35.603,69.134,6.951,18.570,0.297,27.085,210.329,94.428,6.936,5.577,11.479,5.360,0.974,1.649,2.328,2.994,3.633,0.995,1.591,2.220,2.916,3.656,0.954,7.112,0.639,0.429,7.115,0.624,0.431,1.678,208.224,94.931
SYN-001282,2025-02-23T09:00:00+07:00,2.192,275.728,3.102,831.798,43.958,31.028,35.667,70.771,43.030,28.521,35.669,69.679,0.474,0,31.788,0,1.115,0,31.845,0,43.774,31.413,35.560,69.175,7.144,16.506,0.273,22.789,213.052,104.474,7.132,6.400,9.992,5.903,0.919,1.669,2.235,2.907,3.601,0.933,1.723,2.386,2.923,3.599,0.904,7.209,0.691,0.452,7.142,0.705,0.442,1.575,212.683,102.676
SYN-001283,2025-02-23T10:00:00+07:00,2.142,273.427,3.123,828.126,42.791,27.251,36.083,66.874,42.998,30.787,35.120,66.783,0.664,0,30.706,0,0,0,31.795,0,42.972,30.427,36.266,66.608,7.033,14.732,0.275,28.449,187.230,97.204,6.973,5.599,11.950,5.998,1.070,1.673,2.286,2.920,3.606,1.006,1.686,2.259,2.961,3.629,1.133,7.106,0.685,0.440,7.103,0.634,0.444,1.486,182.310,96.720
SYN-001284,2025-02-23T11:00:00+07:00,2.223,269.125,3.112,834.323,40.508,28.604,35.560,63.597,42.207,30.747,35.675,72.690,0,0,31.650,0,0,0,31.731,0,41.816,30.539,35.971,68.945,7.168,17.786,0.232,26.675,199.410,93.963,7.138,5.812,10.230,5.777,1.036,1.648,2.329,2.942,3.581,1.034,1.610,2.309,2.952,3.474,1.038,7.127,0.815,0.446,7.097,0.842,0.460,1.180,210.873,95.340
SYN-001285,2025-02-23T12:00:00+07:00,2.144,278.966,3.056,834.618,42.010,28.840,35.525,64.198,41.548,28.014,35.657,68.966,0.571,0,31.096,0,0,0,32.323,0,40.686,26.904,35.966,68.186,7.183,18.862,0.278,30.815,211.538,96.594,7.146,7.223,13.821,7.631,1.196,1.674,2.376,2.938,3.572,1.168,1.616,2.304,2.945,3.613,1.223,7.163,0.763,0.484,7.178,0.801,0.546,2.016,212.655,98.361
SYN-001286,2025-02-23T13:00:00+07:00,2.142,272.004,3.066,816.208,38.797,28.124,35.844,60.720,38.904,28.141,35.722,61.705,1.353,0,32.022,0,1.328,0,32.483,0,40.977,29.005,36.069,64.084,7.155,15.216,0.288,22.025,197.448,97.320,7.139,4.597,9.707,4.461,0.819,1.577,2.311,3.000,3.645,0.986,1.675,2.317,2.902,3.609,0.653,7.024,0.632,0.506,7.091,0.651,0.497,1.703,203.766,97.997
SYN-001287,2025-02-23T14:00:00+07:00,2.132,283.276,3.101,789.576,39.789,27.469,35.287,65.256,39.732,27.982,35.903,64.412,0,0,31.546,0,0.494,0,31.851,0,39.083,28.239,35.650,62.446,6.986,23.756,0.264,27.869,200.246,90.872,7.055,6.400,13.594,6.679,1.164,1.653,2.296,2.985,3.614,1.222,1.663,2.301,3.014,3.564,1.105,7.165,0.872,0.529,7.213,0.846,0.539,2.909,193.057,92.771
SYN-001288,2025-02-23T15:00:00+07:00,2.184,278.528,3.086,791.715,37.710,26.567,35.436,59.031,37.418,27.365,35.399,60.676,0,0,31.091,0,0.059,0,30.686,0,38.124,26.120,35.531,57.480,6.884,16.907,0.315,24.148,203.516,104.710,6.939,7.028,9.139,7.198,0.879,1.662,2.308,2.957,3.607,0.730,1.639,2.308,2.944,3.553,1.028,7.080,0.707,0.440,7.177,0.687,0.441,1.000,208.563,105.728
SYN-001289,2025-02-23T16:00:00+07:00,2.138,291.754,3.082,777.770,35.762,26.506,35.536,57.004,0.865,0,30.931,0,0,0,30.789,0,37.259,26.903,35.551,62.395,36.838,25.293,35.889,60.281,6.959,20.433,0.224,28.947,211.944,99.231,6.953,7.874,12.547,8.498,1.415,1.719,2.243,2.954,3.598,1.429,1.590,2.322,2.854,3.578,1.401,7.186,1.039,0.421,7.078,0.995,0.450,1.909,209.128,96.330
SYN-001290,2025-02-23T17:00:00+07:00,2.105,276.742,3.077,769.722,36.394,26.330,35.439,59.756,0,0,30.619,0,1.073,0,32.119,0,37.501,27.310,35.655,56.921,36.491,26.167,34.991,54.816,7.012,25.315,0.335,23.934,188.687,93.969,7.080,8.965,11.681,8.694,1.399,1.692,2.392,2.977,3.567,1.303,1.678,2.324,2.961,3.610,1.495,7.121,1.057,0.438,7.085,1.055,0.431,1.804,195.361,93.595
SYN-001291,2025-02-23T18:00:00+07:00,2.119,277.135,3.132,787.766,36.669,24.172,36.006,63.540,0,0,31.373,0,0.734,0,31.957,0,37.266,26.743,35.461,60.599,37.758,27.005,34.252,60.803,7.106,20.553,0.254,26.473,194.414,103.124,6.977,7.599,11.685,7.621,1.347,1.622,2.225,2.862,3.654,1.328,1.621,2.279,2.962,3.570,1.366,7.212,0.853,0.480,7.126,0.840,0.431,2.291,189.196,101.447
SYN-001292,2025-02-23T19:00:00+07:00,2.108,285.394,3.072,770.844,37.943,27.499,34.478,60.298,0,0,31.141,0,0,0,31.957,0,37.753,29.068,34.503,58.352,37.312,24.790,35.818,56.528,7.068,22.090,0.270,28.359,199.727,92.612,7.131,7.297,10.737,7.416,1.119,1.615,2.177,2.971,3.559,1.152,1.718,2.349,2.934,3.683,1.086,7.163,0.753,0.502,7.183,0.715,0.460,2.100,201.432,89.874
SYN-001293,2025-02-23T20:00:00+07:00,2.094,289.780,3.124,766.173,37.716,27.947,34.258,62.420,0,0,30.845,0,0,0,31.651,0,38.199,27.139,35.586,61.219,36.747,26.683,35.452,60.689,6.852,20.816,0.295,24.267,222.688,102.430,6.843,8.525,9.398,8.652,1.306,1.667,2.245,2.968,3.614,1.295,1.605,2.252,2.983,3.584,1.317,7.193,0.895,0.467,7.224,0.848,0.504,1.469,220.931,98.167
SYN-001294,2025-02-23T21:00:00+07:00,2.148,276.493,3.084,789.766,39.008,26.623,34.563,61.468,0.777,0,32.006,0,0,0,32.036,0,38.566,28.755,36.197,62.670,37.544,24.749,34.765,58.341,7.047,24.635,0.331,26.441,232.256,101.823,7.022,9.790,10.020,9.443,1.649,1.729,2.198,2.903,3.589,1.539,1.663,2.332,3.060,3.658,1.758,7.164,1.196,0.507,7.198,1.271,0.422,1.947,238.160,99.730
SYN-001295,2025-02-23T22:00:00+07:00,2.178,276.228,3.060,814.688,39.011,26.582,35.541,63.615,0,0,32.107,0,0,0,31.570,0,39.576,28.560,35.353,66.811,38.375,28.801,35.680,61.753,7.174,23.207,0.294,22.641,194.440,100.210,7.237,6.457,9.597,6.095,1.058,1.631,2.287,2.899,3.621,1.158,1.657,2.317,2.867,3.671,0.958,7.186,0.625,0.476,7.229,0.607,0.503,1.106,196.554,99.543
SYN-001296,2025-02-23T23:00:00+07:00,2.034,275.910,3.049,787.519,38.955,26.704,35.516,63.733,0,0,30.518,0,0,0,31.432,0,40.095,28.173,36.239,69.290,40.831,30.578,36.013,67.027,7.061,24.155,0.339,27.061,207.938,100.953,7.012,8.249,11.077,8.104,1.308,1.616,2.426,2.972,3.560,1.395,1.696,2.326,2.943,3.633,1.220,7.146,0.902,0.449,7.063,0.867,0.457,1.933,199.314,98.399
SYN-001297,2025-02-24T00:00:00+07:00,2.140,270.879,3.068,794.445,0,0,31.572,0,0.009,0,32.307,0,39.448,28.566,35.531,65.035,40.681,29.410,35.230,65.455,39.493,26.301,35.886,65.611,7.067,22.047,0.276,26.283,208.686,96.255,7.078,8.636,10.824,8.425,1.498,1.606,2.251,2.914,3.590,1.328,1.631,2.337,2.946,3.626,1.668,7.112,1.057,0.466,7.115,1.020,0.471,0.767,202.372,96.768
SYN-001298,2025-02-24T01:00:00+07:00,2.142,278.959,3.083,798.057,0.194,0,31.447,0,0,0,31.950,0,41.660,28.011,35.304,69.988,41.040,30.846,34.958,70.166,41.083,29.159,36.623,59.630,7.041,23.609,0.306,27.392,212.527,98.616,7.045,9.685,12.932,9.981,1.736,1.568,2.310,2.878,3.502,1.673,1.573,2.268,2.888,3.520,1.800,7.085,1.283,0.429,7.079,1.263,0.448,2.383,215.400,97.555
SYN-001299,2025-02-24T02:00:00+07:00,2.059,276.103,3.066,796.613,0.469,0,31.545,0,0.390,0,31.971,0,43.288,28.718,36.168,65.047,43.890,28.714,36.145,67.602,42.757,29.516,35.428,67.419,7.006,23.410,0.303,28.636,198.725,87.531,7.057,7.977,13.597,7.104,1.234,1.651,2.289,2.968,3.603,1.202,1.662,2.235,3.042,3.617,1.267,7.122,0.972,0.496,7.141,1.017,0.500,2.034,201.705,89.972
SYN-001300,2025-02-24T03:00:00+07:00,2.092,282.375,3.064,814.254,0,0,31.182,0,0.944,0,31.348,0,44.313,32.114,36.121,71.121,44.705,30.834,36.542,74.016,43.838,30.015,36.167,72.966,6.895,21.026,0.276,24.236,197.801,90.067,6.841,7.750,9.652,7.816,1.275,1.674,2.323,2.932,3.583,0.980,1.608,2.291,2.972,3.624,1.570,7.146,0.867,0.488,7.067,0.769,0.502,1.400,197.879,90.035
SYN-001301,2025-02-24T04:00:00+07:00,2.088,286.249,3.042,828.725,0,0,30.778,0,0,0,31.617,0,44.676,30.288,34.905,70.850,45.315,31.635,35.989,75.088,45.081,32.073,36.182,68.017,7.117,25.524,0.300,28.108,241.452,98.085,7.140,9.751,14.212,9.562,1.701,1.547,2.306,2.969,3.591,1.697,1.618,2.354,3.011,3.682,1.705,7.193,1.054,0.458,7.101,1.048,0.496,2.436,240.896,99.402
SYN-001302,2025-02-24T05:00:00+07:00,2.121,282.913,3.110,837.503,0,0,31.880,0,0.229,0,31.149,0,45.218,32.291,36.653,74.107,44.698,31.346,36.796,71.780,45.539,31.145,35.631,75.401,7.028,26.965,0.284,27.705,218.921,100.314,7.125,8.881,12.138,8.794,1.457,1.657,2.332,2.943,3.654,1.258,1.711,2.366,3.049,3.598,1.656,7.105,1.097,0.517,7.175,1.123,0.520,1.918,223.366,103.358
SYN-001303,2025-02-24T06:00:00+07:00,2.112,264.890,3.069,857.640,0.720,0,31.136,0,0.575,0,30.780,0,44.025,30.981,36.585,68.568,44.113,29.345,36.034,68.126,45.227,29.592,35.882,71.515,7.082,23.554,0.254,24.244,224.084,98.886,7.156,8.462,9.831,7.988,1.436,1.662,2.372,3.032,3.631,1.326,1.546,2.317,2.927,3.607,1.545,7.133,1.097,0.449,7.186,1.123,0.513,2.185,223.034,97.227
SYN-001304,2025-02-24T07:00:00+07:00,2.115,281.588,3.064,839.884,0.000,0,32.073,0,0,0,31.576,0,44.903,32.835,35.841,71.645,45.242,30.847,36.286,72.247,44.625,30.942,36.184,76.166,7.267,23.711,0.276,31.319,222.464,92.274,7.261,9.443,13.078,8.916,1.422,1.613,2.292,2.977,3.551,1.514,1.606,2.280,2.925,3.590,1.331,7.177,1.070,0.494,7.157,1.058,0.530,3.133,220.657,91.483
SYN-001305,2025-02-24T08:00:00+07:00,2.077,279.893,3.053,839.956,0,0,32.240,0,44.803,31.743,35.824,72.043,44.588,29.904,35.359,70.689,43.678,31.980,35.720,68.391,0,0,31.938,0,7.211,25.241,0.286,28.298,216.733,91.458,7.205,9.861,12.551,9.654,1.453,1.613,2.342,2.973,3.694,1.287,1.683,2.311,2.915,3.591,1.620,7.115,1.021,0.470,7.103,0.962,0.406,2.645,227.054,92.661
SYN-001306,2025-02-24T09:00:00+07:00,2.135,281.910,3.096,824.954,0.017,0,31.049,0,44.065,31.078,35.236,67.845,42.342,28.064,35.891,64.617,44.282,30.967,35.352,73.138,0,0,31.058,0,7.056,26.688,0.308,29.279,208.012,97.243,7.031,9.113,13.508,9.435,1.537,1.752,2.311,2.957,3.573,1.282,1.713,2.247,2.953,3.647,1.792,7.204,1.111,0.444,7.148,1.098,0.421,2.423,205.973,93.952
SYN-001307,2025-02-24T10:00:00+07:00,2.115,289.047,3.131,839.829,0.023,0,31.524,0,42.718,29.907,36.582,67.967,43.449,31.056,36.479,67.235,43.389,29.514,36.585,68.652,0,0,30.896,0,7.196,28.668,0.279,31.412,208.943,95.787,7.163,8.756,13.171,8.137,1.386,1.640,2.231,2.975,3.619,1.495,1.619,2.298,2.911,3.564,1.277,7.107,0.941,0.523,7.275,0.892,0.484,1.968,219.969,97.244
SYN-001308,2025-02-24T11:00:00+07:00,2.093,275.756,3.071,814.139,0.270,0,31.583,0,42.211,27.539,35.473,67.312,41.485,28.031,36.075,68.739,41.815,29.662,36.124,68.832,0,0,31.998,0,6.997,25.112,0.245,27.364,205.445,96.464,7.029,8.141,11.695,8.699,1.282,1.649,2.196,2.912,3.546,1.315,1.690,2.268,3.027,3.588,1.249,7.113,0.811,0.485,7.095,0.821,0.416,1.514,198.251,94.847
SYN-001309,2025-02-24T12:00:00+07:00,2.123,278.607,3.113,801.687,0,0,31.580,0,41.959,29.424,35.174,70.023,41.099,27.774,35.821,68.097,40.713,28.631,35.816,65.323,0,0,31.395,0,7.208,25.888,0.252,29.590,184.045,104.827,7.172,9.595,11.976,10.215,1.462,1.618,2.326,3.046,3.544,1.660,1.657,2.268,2.919,3.626,1.263,7.251,1.026,0.495,7.176,1.037,0.445,2.347,188.571,105.186
SYN-001310,2025-02-24T13:00:00+07:00,2.117,284.997,3.064,773.787,0,0,32.196,0,40.803,28.858,34.790,67.685,41.676,28.831,35.401,64.198,40.461,28.321,34.797,64.043,0,0,31.142,0,6.938,24.053,0.294,27.942,196.971,95.011,7.086,7.231,10.650,6.444,1.139,1.610,2.379,2.908,3.616,1.229,1.742,2.285,2.946,3.554,1.048,7.149,0.793,0.451,7.234,0.864,0.450,1.481,194.597,92.667
SYN-001311,2025-02-24T14:00:00+07:00,2.165,285.069,3.068,774.954,0.232,0,31.389,0,39.927,27.088,36.025,64.343,38.905,28.340,35.965,61.070,39.373,26.752,35.690,62.350,0.416,0,30.894,0,7.072,25.945,0.260,29.757,189.442,105.345,7.089,7.523,12.745,7.750,1.261,1.644,2.264,3.004,3.578,1.215,1.714,2.259,2.934,3.609,1.306,7.116,0.841,0.523,7.174,0.904,0.472,1.665,188.546,104.458
SYN-001312,2025-02-24T15:00:00+07:00,2.112,280.257,3.046,799.754,0.541,0,31.532,0,38.668,27.140,34.175,59.722,39.662,26.295,35.857,64.866,38.875,27.545,35.154,59.970,0.858,0,31.261,0,7.087,26.725,0.271,28.422,204.524,95.026,7.182,10.767,11.798,11.169,1.816,1.553,2.343,2.964,3.613,1.748,1.734,2.324,2.998,3.574,1.885,7.216,1.265,0.448,7.138,1.191,0.575,1.342,209.381,98.059
SYN-001313,2025-02-24T16:00:00+07:00,2.084,287.607,3.061,792.233,37.211,27.347,35.068,62.558,36.754,28.702,35.109,60.175,36.473,25.108,34.681,53.013,0.495,0,32.032,0,0.731,0,31.102,0,7.054,23.195,0.320,27.402,187.169,105.427,7.077,8.022,13.510,7.352,1.204,1.635,2.361,2.929,3.648,1.060,1.641,2.289,2.951,3.590,1.348,7.122,0.956,0.509,7.160,0.945,0.463,1.987,188.889,105.159
SYN-001314,2025-02-24T17:00:00+07:00,2.133,280.380,3.097,785.913,36.893,27.050,33.990,59.296,36.946,26.459,35.571,54.903,36.622,28.017,34.617,60.175,0,0,31.525,0,0,0,31.480,0,6.996,29.536,0.305,32.284,211.273,102.502,7.083,9.032,13.358,8.805,1.457,1.632,2.245,2.954,3.626,1.494,1.631,2.341,2.965,3.569,1.421,7.103,0.959,0.545,7.155,0.990,0.414,2.953,207.815,98.960
SYN-001315,2025-02-24T18:00:00+07:00,2.192,269.434,3.082,771.826,36.523,25.377,35.197,56.608,37.570,25.681,34.820,58.190,36.709,26.048,35.348,56.398,0,0,31.577,0,0,0,31.753,0,7.134,24.139,0.315,30.690,200.081,95.258,7.131,8.156,12.114,8.006,1.446,1.625,2.278,2.961,3.568,1.396,1.664,2.337,2.971,3.597,1.497,7.084,0.947,0.507,7.102,0.900,0.484,2.413,200.708,95.757
SYN-001316,2025-02-24T19:00:00+07:00,2.115,288.540,3.053,795.424,36.456,24.978,34.898,58.436,37.177,27.527,34.658,57.439,36.899,27.297,35.365,64.060,0,0,31.070,0,1.460,0,31.874,0,7.035,25.337,0.306,28.066,228.080,95.468,7.084,10.007,12.735,9.984,1.457,1.620,2.363,2.966,3.677,1.521,1.705,2.260,2.976,3.586,1.393,7.172,0.953,0.512,7.175,0.939,0.514,2.419,228.585,94.107
SYN-001317,2025-02-24T20:00:00+07:00,2.173,282.256,3.055,784.204,36.234,25.056,34.839,56.598,37.224,25.261,35.224,61.033,38.238,26.775,35.123,62.827,0.812,0,32.269,0,0,0,30.406,0,6.821,27.208,0.259,29.924,212.659,104.475,6.872,8.505,11.516,8.921,1.331,1.659,2.304,2.960,3.599,1.245,1.674,2.327,2.934,3.554,1.417,7.130,1.066,0.486,7.103,1.017,0.459,1.764,209.841,105.917
SYN-001318,2025-02-24T21:00:00+07:00,2.190,284.553,3.101,797.166,38.078,27.014,35.156,55.955,38.375,25.816,34.640,56.681,37.836,26.956,34.636,62.846,0.492,0,31.592,0,0.793,0,31.659,0,7.062,24.992,0.302,27.394,197.176,94.691,6.962,10.189,11.516,9.991,1.791,1.644,2.299,2.978,3.657,1.946,1.714,2.301,2.788,3.657,1.636,7.121,1.271,0.464,7.254,1.244,0.454,1.512,201.320,95.076
SYN-001319,2025-02-24T22:00:00+07:00,2.134,278.404,3.098,816.884,39.043,25.558,35.611,59.393,38.992,28.577,35.209,62.522,38.586,27.852,35.780,59.628,0.435,0,31.073,0,1.031,0,31.331,0,7.126,29.322,0.342,29.700,222.217,104.935,7.072,10.820,13.175,9.800,1.871,1.650,2.396,2.971,3.602,1.773,1.660,2.329,2.928,3.554,1.969,7.116,1.365,0.462,7.134,1.375,0.452,1.414,217.835,107.056
SYN-001320,2025-02-24T23:00:00+07:00,2.171,280.634,3.096,803.485,39.330,28.932,35.011,61.946,40.118,27.265,35.635,61.890,40.819,27.999,35.685,61.703,0,0,31.477,0,0,0,31.318,0,7.034,30.317,0.258,31.803,195.925,98.519,6.956,10.324,13.922,10.277,1.725,1.686,2.333,2.900,3.623,1.644,1.666,2.327,2.957,3.543,1.806,7.119,1.301,0.511,7.080,1.341,0.442,2.745,199.465,99.089
SYN-001321,2025-02-25T00:00:00+07:00,2.176,281.093,3.070,831.723,40.164,27.497,35.793,65.739,40.616,27.847,35.405,64.463,0,0,31.683,0,0.656,0,31.957,0,40.445,27.943,35.586,66.070,6.980,26.367,0.281,25.721,194.322,97.802,6.970,8.705,10.149,9.190,1.339,1.621,2.340,2.977,3.553,1.467,1.631,2.263,2.957,3.639,1.210,7.081,0.969,0.437,7.211,0.952,0.422,1.750,193.849,95.776
SYN-001322,2025-02-25T01:00:00+07:00,2.130,279.956,3.111,838.500,43.217,31.117,35.554,71.202,41.721,28.560,35.706,65.583,0,0,32.047,0,0,0,31.755,0,42.711,31.512,36.453,69.357,7.093,24.582,0.282,30.456,182.568,102.253,7.006,8.287,14.311,8.598,1.341,1.716,2.304,3.040,3.580,1.206,1.667,2.232,2.930,3.522,1.475,7.129,1.066,0.564,7.092,1.014,0.470,2.765,190.250,99.270
SYN-001323,2025-02-25T02:00:00+07:00,2.214,276.798,3.114,837.039,42.592,29.067,36.228,67.812,43.654,30.684,35.254,69.703,0.820,0,31.009,0,0,0,32.582,0,43.022,30.066,35.444,65.434,6.987,28.200,0.273,29.241,195.322,91.675,6.908,9.865,13.442,9.881,1.847,1.589,2.338,2.929,3.609,1.745,1.603,2.299,2.957,3.605,1.949,7.137,1.270,0.499,7.072,1.351,0.485,1.829,192.126,94.213
SYN-001324,2025-02-25T03:00:00+07:00,2.179,287.343,3.092,836.411,42.753,30.620,35.575,68.964,44.179,30.962,35.973,73.317,0.784,0,30.993,0,0.026,0,30.721,0,43.489,28.414,35.944,72.276,7.054,28.142,0.328,26.072,187.691,96.548,7.131,9.824,12.250,9.340,1.712,1.655,2.326,2.935,3.614,1.608,1.649,2.293,2.980,3.493,1.816,7.255,1.104,0.423,7.078,1.118,0.483,1.930,188.117,97.044
SYN-001325,2025-02-25T04:00:00+07:00,2.187,286.644,3.110,836.573,45.403,31.661,35.407,69.057,44.777,30.602,36.481,71.389,0,0,31.722,0,0,0,32.039,0,43.281,29.824,36.085,70.688,7.156,27.658,0.304,31.028,196.293,99.302,7.191,10.590,14.325,9.527,1.597,1.654,2.264,2.894,3.677,1.508,1.639,2.309,2.928,3.544,1.685,7.144,1.259,0.524,7.147,1.245,0.403,2.467,196.945,99.497
SYN-001326,2025-02-25T05:00:00+07:00,2.248,280.421,3.131,830.406,43.495,31.050,35.722,66.881,44.717,31.863,36.231,73.135,0.083,0,31.416,0,0,0,31.242,0,42.714,30.382,35.118,65.177,7.054,30.163,0.294,30.352,194.041,96.440,7.068,8.996,12.954,9.379,1.473,1.692,2.281,2.985,3.578,1.380,1.697,2.382,2.960,3.645,1.565,7.213,1.131,0.501,7.292,1.130,0.507,2.324,203.081,96.829
SYN-001327,2025-02-25T06:00:00+07:00,2.276,288.389,3.092,845.038,44.760,31.307,35.178,73.610,44.680,30.780,35.668,74.435,0,0,31.959,0,0.240,0,31.916,0,45.003,31.080,35.954,69.784,7.094,27.381,0.306,27.352,211.374,98.179,7.178,9.467,13.086,9.482,1.600,1.657,2.288,2.963,3.591,1.555,1.705,2.325,2.971,3.591,1.646,7.200,1.201,0.499,7.041,1.242,0.443,1.893,213.167,96.863
SYN-001328,2025-02-25T07:00:00+07:00,2.272,273.602,3.139,841.137,44.367,28.997,35.377,68.993,44.305,31.272,35.788,72.011,0,0,31.808,0,0.657,0,31.943,0,45.207,31.412,35.914,70.330,6.999,26.893,0.314,27.399,197.923,100.122,7.049,10.097,11.435,10.269,1.797,1.654,2.333,2.963,3.629,1.945,1.640,2.392,2.939,3.647,1.650,7.136,1.437,0.446,7.112,1.489,0.533,1.340,203.906,103.928
SYN-001329,2025-02-25T08:00:00+07:00,2.259,286.466,3.165,856.245,45.193,31.744,35.709,71.554,0.354,0,31.617,0,0.077,0,30.908,0,44.761,30.445,36.444,74.917,44.450,31.148,35.605,70.383,7.062,30.920,0.284,26.597,206.887,94.392,6.953,11.164,11.035,11.287,1.754,1.663,2.335,2.990,3.529,1.738,1.701,2.269,3.013,3.607,1.771,7.198,1.353,0.431,7.073,1.316,0.457,2.179,203.294,96.016
SYN-001330,2025-02-25T09:00:00+07:00,2.256,282.006,3.086,839.657,43.018,30.093,36.126,71.055,0.616,0,32.376,0,0,0,31.189,0,42.566,29.576,36.024,66.655,43.649,31.686,34.894,73.413,7.120,29.972,0.318,32.252,226.394,106.590,7.067,11.278,15.032,10.727,1.687,1.646,2.319,2.952,3.598,1.600,1.669,2.271,2.862,3.655,1.774,7.172,1.375,0.495,7.128,1.458,0.476,2.377,222.804,109.038
SYN-001331,2025-02-25T10:00:00+07:00,2.315,280.711,3.128,824.214,41.747,29.786,35.740,64.923,0.431,0,31.425,0,0,0,31.151,0,42.583,29.482,35.726,69.973,40.960,29.193,35.189,66.644,7.059,27.724,0.331,28.169,199.449,92.439,7.045,9.560,12.734,9.194,1.437,1.655,2.321,2.910,3.680,1.417,1.659,2.262,2.947,3.593,1.457,7.110,1.068,0.448,7.047,1.068,0.445,1.897,203.430,94.409
SYN-001332,2025-02-25T11:00:00+07:00,2.276,289.208,3.094,847.993,41.578,28.891,35.353,65.623,0.933,0,31.215,0,0.452,0,31.407,0,42.628,30.235,35.949,70.170,42.349,29.062,35.600,67.678,7.007,33.308,0.318,29.120,212.134,91.884,7.025,10.727,12.917,10.393,1.812,1.575,2.258,2.995,3.619,1.792,1.646,2.254,2.970,3.703,1.833,7.105,1.190,0.473,7.142,1.244,0.451,2.139,212.433,90.266
SYN-001333,2025-02-25T12:00:00+07:00,2.296,286.567,3.137,793.470,41.315,26.921,35.244,66.378,0.659,0,30.794,0,0,0,31.769,0,41.446,30.462,34.743,64.018,41.554,29.789,36.186,60.210,6.882,30.630,0.261,31.803,219.088,83.806,6.910,11.805,13.548,11.595,2.032,1.633,2.239,2.977,3.617,1.978,1.578,2.284,2.943,3.656,2.086,7.314,1.506,0.498,7.019,1.513,0.491,2.462,220.138,85.845
SYN-001334,2025-02-25T13:00:00+07:00,2.322,284.327,3.141,818.293,39.822,30.272,34.773,61.670,0.126,0,31.209,0,0,0,31.382,0,39.542,26.115,34.499,64.773,40.909,29.523,35.794,65.534,7.097,35.760,0.276,33.735,204.815,103.390,7.210,14.576,15.205,14.767,2.436,1.731,2.320,2.924,3.573,2.292,1.623,2.316,2.978,3.600,2.580,7.164,1.765,0.440,7.113,1.761,0.490,2.245,212.987,103.879
SYN-001335,2025-02-25T14:00:00+07:00,2.335,286.988,3.174,798.700,38.980,25.993,35.134,63.602,0.548,0,31.385,0,0,0,31.139,0,38.793,27.382,35.155,61.360,38.599,28.287,35.162,62.898,6.988,34.478,0.312,33.486,200.920,102.746,7.053,12.308,13.230,11.229,2.182,1.625,2.306,2.996,3.617,1.994,1.615,2.298,2.928,3.677,2.369,7.143,1.608,0.486,7.142,1.624,0.488,1.970,203.247,103.609
SYN-001336,2025-02-25T15:00:00+07:00,2.390,282.950,3.198,774.934,38.140,27.833,35.785,60.540,0.272,0,31.805,0,0,0,31.626,0,38.334,26.808,35.559,61.834,39.034,28.697,34.659,63.371,6.936,29.934,0.260,31.945,223.294,99.568,7.004,11.713,13.417,12.015,1.837,1.605,2.230,2.912,3.704,1.942,1.638,2.272,2.937,3.591,1.733,7.109,1.351,0.525,7.138,1.339,0.500,2.954,218.495,100.132
SYN-001337,2025-02-25T16:00:00+07:00,2.364,280.178,3.162,791.901,0,0,31.985,0,0,0,31.005,0,37.653,27.314,34.623,59.836,37.656,27.230,35.479,60.838,37.672,27.290,35.399,58.149,7.005,30.393,0.273,32.186,194.794,103.589,6.966,11.288,13.539,11.105,1.707,1.621,2.244,3.007,3.665,1.567,1.727,2.315,2.863,3.642,1.846,7.183,1.293,0.494,7.145,1.238,0.458,2.505,197.807,102.258
SYN-001338,2025-02-25T17:00:00+07:00,2.310,273.742,3.103,771.168,0.898,0,31.544,0,0.454,0,31.838,0,36.426,25.444,35.325,60.537,37.920,28.508,35.253,61.133,36.376,27.162,35.371,57.634,6.916,29.545,0.246,30.677,220.402,96.451,6.998,11.232,12.819,11.496,1.693,1.595,2.320,3.037,3.616,1.637,1.643,2.297,2.944,3.535,1.749,7.199,1.238,0.454,7.144,1.259,0.487,2.396,219.664,93.879
SYN-001339,2025-02-25T18:00:00+07:00,2.323,276.619,3.166,762.109,0,0,31.521,0,0.213,0,31.160,0,37.198,26.932,35.489,60.835,36.453,25.241,35.285,56.100,36.779,25.087,35.237,60.698,6.916,32.254,0.276,34.645,216.727,100.353,6.975,12.971,15.035,13.220,2.180,1.594,2.306,2.939,3.629,2.202,1.618,2.353,2.960,3.590,2.157,7.154,1.577,0.464,7.034,1.536,0.462,2.022,216.448,102.705
SYN-001340,2025-02-25T19:00:00+07:00,2.395,275.427,3.203,765.774,0,0,31.221,0,0.377,0,31.231,0,38.952,28.318,35.837,61.427,36.845,27.338,34.573,61.132,36.389,24.706,35.504,61.763,7.060,27.705,0.295,32.589,194.805,96.807,7.160,7.960,14.205,8.818,1.296,1.619,2.284,2.962,3.586,1.087,1.694,2.280,2.966,3.665,1.504,7.164,0.917,0.444,7.184,0.965,0.503,1.932,191.000,96.424
SYN-001341,2025-02-25T20:00:00+07:00,2.452,281.709,3.190,809.203,0.226,0,30.793,0,0.057,0,31.526,0,37.482,25.927,35.162,61.133,35.907,27.067,34.321,58.802,39.266,26.228,35.421,63.677,6.886,32.498,0.289,31.634,217.942,103.764,6.845,10.578,12.354,11.314,1.616,1.601,2.372,2.988,3.514,1.626,1.636,2.432,2.969,3.559,1.605,7.166,1.146,0.422,7.225,1.073,0.411,1.777,220.604,105.215
SYN-001342,2025-02-25T21:00:00+07:00,2.403,279.908,3.175,796.154,0.322,0,31.449,0,0,0,32.269,0,37.635,27.444,34.775,59.588,38.046,27.732,35.388,64.477,38.501,26.376,35.393,59.214,6.992,28.825,0.301,31.323,220.322,98.217,7.065,11.140,12.775,11.334,1.810,1.637,2.271,2.925,3.553,1.752,1.708,2.266,2.915,3.604,1.869,7.097,1.392,0.453,7.075,1.338,0.462,2.395,222.138,96.087
SYN-001343,2025-02-25T22:00:00+07:00,2.413,275.174,3.210,782.062,0,0,31.419,0,0.563,0,31.592,0,40.318,28.559,35.666,64.998,39.354,28.641,35.669,62.911,39.367,28.872,35.602,61.753,7.181,31.011,0.214,31.197,219.198,95.277,7.288,14.368,15.391,13.780,2.252,1.689,2.331,2.944,3.559,2.167,1.598,2.250,2.988,3.554,2.336,7.192,1.595,0.488,7.162,1.592,0.508,2.056,219.843,96.722
SYN-001344,2025-02-25T23:00:00+07:00,2.414,273.849,3.223,822.049,0.291,0,31.475,0,0.163,0,31.535,0,40.888,26.482,35.413,66.530,39.540,25.428,35.818,60.163,41.302,28.182,35.000,66.403,7.120,31.275,0.220,30.667,200.411,92.391,7.130,12.112,12.861,11.141,2.083,1.718,2.328,2.881,3.628,2.145,1.679,2.346,2.965,3.634,2.021,7.143,1.518,0.476,7.113,1.482,0.412,1.782,201.041,90.858
SYN-001345,2025-02-26T00:00:00+07:00,2.479,280.314,3.198,826.086,0.964,0,31.114,0,40.929,28.628,36.020,64.004,40.825,27.717,35.737,66.996,41.800,27.132,36.038,68.993,1.264,0,31.571,0,7.172,28.914,0.276,31.027,184.134,102.502,7.209,10.774,13.200,10.788,1.815,1.653,2.311,2.931,3.573,1.627,1.716,2.298,2.884,3.605,2.003,7.071,1.225,0.531,7.228,1.280,0.497,1.331,189.761,104.078
SYN-001346,2025-02-26T01:00:00+07:00,2.434,272.422,3.201,813.361,0.241,0,31.528,0,41.613,27.247,35.915,67.519,42.359,31.480,35.227,70.058,41.173,28.096,35.595,70.267,0.180,0,30.808,0,6.952,36.000,0.268,30.361,193.943,85.783,6.952,12.955,13.025,13.124,2.282,1.679,2.346,2.925,3.532,2.194,1.659,2.294,2.883,3.509,2.370,7.243,1.726,0.441,7.143,1.731,0.416,1.935,199.230,85.557
SYN-001347,2025-02-26T02:00:00+07:00,2.487,273.559,3.232,822.540,0,0,31.518,0,43.441,30.866,36.165,67.553,43.350,29.619,35.645,67.873,43.437,29.007,35.879,69.212,0,0,31.472,0,7.020,28.959,0.260,29.044,188.290,108.826,7.017,10.197,11.620,9.161,1.705,1.691,2.249,2.911,3.582,1.565,1.653,2.335,2.994,3.590,1.846,7.184,1.164,0.471,6.981,1.088,0.461,1.325,183.343,109.464
SYN-001348,2025-02-26T03:00:00+07:00,2.533,276.809,3.190,827.106,0.411,0,31.231,0,43.556,30.758,35.267,70.161,43.251,28.337,35.630,70.298,43.852,30.006,36.042,69.673,0,0,31.507,0,7.089,27.976,0.297,30.429,214.355,104.719,7.032,10.491,12.285,10.713,1.470,1.652,2.303,2.938,3.624,1.518,1.670,2.374,3.034,3.639,1.422,7.115,0.940,0.439,7.187,0.932,0.416,2.389,215.818,104.915
SYN-001349,2025-02-26T04:00:00+07:00,2.430,282.179,3.170,844.724,1.319,0,31.963,0,44.354,29.073,35.858,72.846,44.831,31.569,36.630,69.778,43.972,28.887,35.256,71.924,0.643,0,31.419,0,7.072,28.675,0.264,33.152,226.106,100.099,7.102,9.306,14.683,8.800,1.569,1.613,2.319,2.868,3.568,1.493,1.657,2.402,2.985,3.640,1.645,7.195,1.208,0.475,7.168,1.185,0.381,2.425,234.348,101.013
SYN-001350,2025-02-26T05:00:00+07:00,2.490,276.371,3.234,842.155,0.078,0,31.782,0,45.761,30.416,36.173,71.944,45.028,32.014,35.980,69.795,44.866,33.403,36.212,72.279,0.670,0,31.538,0,7.174,35.735,0.262,30.533,234.211,95.893,7.132,15.336,12.034,15.546,2.574,1.641,2.246,2.945,3.598,2.254,1.721,2.207,3.050,3.583,2.895,7.137,2.005,0.415,7.091,1.970,0.523,1.572,230.366,96.763
SYN-001351,2025-02-26T06:00:00+07:00,2.541,265.343,3.243,836.995,0.639,0,32.281,0,44.256,31.879,35.820,69.983,44.365,28.864,35.935,72.181,45.799,32.501,37.028,75.537,0,0,31.873,0,7.146,26.605,0.311,29.558,198.357,102.514,7.082,9.326,12.017,9.338,1.563,1.578,2.304,2.884,3.637,1.632,1.634,2.272,2.923,3.546,1.494,7.111,1.114,0.481,7.111,1.122,0.414,2.180,200.368,98.820
SYN-001352,2025-02-26T07:00:00+07:00,2.549,275.311,3.244,839.613,0,0,31.582,0,44.353,31.141,35.517,70.094,45.027,32.525,36.460,74.549,44.334,28.031,35.528,71.040,0.266,0,31.642,0,6.964,29.697,0.269,30.674,204.753,99.180,6.984,10.379,13.662,10.412,1.719,1.678,2.304,2.903,3.518,1.602,1.709,2.363,2.960,3.586,1.836,7.134,1.203,0.469,7.037,1.216,0.488,1.885,210.893,97.772
SYN-001353,2025-02-26T08:00:00+07:00,2.572,278.273,3.247,850.527,44.006,30.064,36.286,72.736,45.016,32.154,34.590,73.352,44.100,31.243,36.186,69.729,0,0,31.512,0,0,0,31.266,0,7.094,33.339,0.307,31.773,206.367,101.023,7.082,13.236,12.975,12.548,2.403,1.560,2.309,2.975,3.563,2.232,1.610,2.243,2.959,3.630,2.575,7.233,1.748,0.527,7.187,1.696,0.629,1.578,204.173,94.627
SYN-001354,2025-02-26T09:00:00+07:00,2.556,274.889,3.206,837.124,43.788,29.757,36.124,72.171,44.112,29.987,35.921,71.722,43.755,29.906,36.126,71.274,0,0,31.255,0,0,0,31.086,0,6.988,37.708,0.239,35.769,200.749,92.306,7.033,13.713,14.892,14.214,2.442,1.699,2.316,2.873,3.557,2.428,1.660,2.292,2.913,3.608,2.455,7.189,1.851,0.572,7.104,1.884,0.436,2.578,201.212,90.038
SYN-001355,2025-02-26T10:00:00+07:00,2.597,265.662,3.297,815.567,42.543,28.940,36.077,65.290,43.223,29.691,36.106,71.773,43.639,29.543,35.533,68.738,0.406,0,31.767,0,1.219,0,31.336,0,6.967,31.368,0.288,32.203,209.838,98.848,6.919,11.808,12.781,11.897,2.042,1.662,2.315,2.921,3.590,1.947,1.603,2.257,2.903,3.611,2.138,7.252,1.337,0.453,7.200,1.428,0.463,1.860,215.114,98.650
SYN-001356,2025-02-26T11:00:00+07:00,2.619,271.620,3.271,804.056,42.073,29.248,35.983,67.874,41.394,29.378,35.373,64.097,41.640,28.066,35.479,64.961,0.622,0,30.915,0,0.731,0,31.880,0,7.142,26.943,0.259,29.780,203.043,95.463,7.073,9.981,13.078,10.308,1.639,1.687,2.418,2.920,3.651,1.548,1.643,2.241,2.887,3.589,1.730,7.154,1.132,0.519,7.225,1.089,0.436,1.929,203.541,96.098
SYN-001357,2025-02-26T12:00:00+07:00,2.606,278.322,3.208,806.378,41.780,28.518,35.745,65.023,41.789,29.442,35.366,67.716,42.277,29.719,35.934,67.738,0.820,0,31.400,0,0.410,0,31.474,0,6.826,31.344,0.215,30.079,225.874,98.338,6.787,9.451,13.402,9.161,1.534,1.736,2.321,2.968,3.662,1.360,1.628,2.346,2.932,3.608,1.707,7.208,1.053,0.441,7.259,1.029,0.451,1.881,226.481,99.887
SYN-001358,2025-02-26T13:00:00+07:00,2.598,276.386,3.269,789.996,39.237,26.298,35.639,60.264,40.740,28.713,35.755,67.004,39.498,26.852,34.693,63.580,0.828,0,32.137,0,0,0,31.912,0,6.997,25.898,0.274,27.685,235.468,102.379,6.962,8.678,12.748,9.056,1.507,1.698,2.374,2.934,3.599,1.594,1.694,2.341,2.958,3.639,1.420,7.091,1.170,0.453,7.178,1.152,0.460,1.730,239.419,101.622
SYN-001359,2025-02-26T14:00:00+07:00,2.629,270.029,3.234,826.741,39.565,27.840,36.037,62.946,38.502,27.582,34.447,60.398,39.373,27.384,35.536,62.492,0,0,31.120,0,0.023,0,31.556,0,6.904,29.553,0.318,30.791,205.111,98.602,7.006,12.747,13.326,12.834,2.153,1.736,2.266,2.930,3.614,2.067,1.629,2.277,2.942,3.624,2.239,7.108,1.440,0.487,7.184,1.474,0.532,2.129,204.735,99.980
SYN-001360,2025-02-26T15:00:00+07:00,2.696,271.956,3.352,769.641,36.682,26.743,34.686,58.719,38.459,28.037,35.084,63.834,38.205,27.953,35.266,60.594,0,0,30.606,0,0,0,31.392,0,7.069,28.815,0.287,30.752,200.253,95.375,7.034,11.631,12.965,11.306,1.982,1.639,2.354,2.928,3.640,2.002,1.626,2.276,2.894,3.553,1.963,7.169,1.443,0.458,7.145,1.470,0.475,2.222,207.628,96.692
SYN-001361,2025-02-26T16:00:00+07:00,2.611,277.725,3.279,766.485,37.454,26.059,35.900,58.337,37.444,26.423,35.206,61.506,0.160,0,31.180,0,0.371,0,31.967,0,37.193,26.800,35.462,59.785,6.869,29.858,0.278,26.644,207.514,102.334,6.794,8.229,12.596,8.238,1.232,1.668,2.290,2.913,3.533,1.173,1.644,2.278,2.982,3.610,1.290,7.111,0.918,0.434,7.134,0.940,0.541,1.683,208.906,103.682
SYN-001362,2025-02-26T17:00:00+07:00,2.586,271.847,3.271,760.529,36.079,24.873,35.489,55.454,37.304,24.670,35.315,56.458,0,0,30.882,0,0.337,0,31.881,0,36.451,27.166,34.757,59.589,7.078,29.612,0.273,33.645,220.902,106.036,7.049,9.454,13.880,9.751,1.650,1.603,2.375,2.960,3.604,1.464,1.700,2.276,2.906,3.618,1.836,7.037,1.136,0.489,7.185,1.163,0.495,2.423,220.717,107.946
SYN-001363,2025-02-26T18:00:00+07:00,2.667,272.048,3.321,780.172,36.677,25.766,35.195,59.398,37.542,26.296,34.737,58.690,0,0,30.557,0,0,0,31.978,0,38.143,27.300,35.258,65.317,7.063,29.802,0.313,31.438,185.338,98.876,7.104,11.505,12.917,11.600,1.971,1.681,2.264,2.995,3.615,1.980,1.705,2.257,3.004,3.584,1.962,7.143,1.427,0.473,7.056,1.433,0.409,2.389,185.042,98.515
SYN-001364,2025-02-26T19:00:00+07:00,2.665,278.850,3.273,779.830,38.743,27.666,35.284,59.720,36.749,25.632,35.919,59.457,0.599,0,31.855,0,0.641,0,31.916,0,37.510,28.580,35.762,64.104,6.960,32.263,0.362,29.928,228.320,96.726,7.036,10.000,13.172,9.698,1.794,1.629,2.283,2.992,3.670,1.594,1.679,2.357,2.882,3.737,1.994,7.101,1.361,0.465,7.078,1.380,0.372,2.739,226.345,100.729
SYN-001365,2025-02-26T20:00:00+07:00,2.648,263.308,3.286,797.853,36.969,27.090,35.244,59.906,37.004,26.727,35.022,57.741,0,0,30.918,0,1.302,0,31.655,0,37.280,26.025,35.121,60.880,6.978,30.579,0.251,31.307,209.809,98.043,7.050,11.653,13.195,11.146,1.780,1.736,2.314,2.988,3.582,1.889,1.679,2.291,2.942,3.554,1.671,7.137,1.256,0.473,7.182,1.239,0.482,1.506,208.055,97.594
SYN-001366,2025-02-26T21:00:00+07:00,2.663,271.809,3.290,811.852,37.543,27.497,35.613,61.531,37.152,26.670,35.462,59.288,0.257,0,31.097,0,0.009,0,31.536,0,37.563,27.902,35.668,60.428,6.953,33.451,0.276,29.142,175.246,99.053,6.913,13.134,12.229,12.852,2.035,1.631,2.310,2.952,3.633,1.926,1.665,2.223,2.921,3.600,2.143,7.136,1.374,0.448,7.197,1.419,0.472,2.059,185.421,97.892
SYN-001367,2025-02-26T22:00:00+07:00,2.677,268.118,3.263,807.978,38.252,26.512,35.739,61.292,38.208,27.428,35.094,60.814,0,0,31.109,0,0,0,31.401,0,38.833,25.227,36.334,62.421,6.994,34.181,0.322,33.278,191.740,87.038,6.928,12.602,14.374,12.594,2.075,1.659,2.273,2.936,3.556,1.904,1.681,2.269,3.039,3.556,2.246,7.135,1.512,0.528,7.150,1.484,0.447,2.522,199.217,86.176
SYN-001368,2025-02-26T23:00:00+07:00,2.737,270.864,3.301,807.841,39.643,28.082,35.182,63.133,38.809,28.590,34.919,61.761,0.012,0,31.502,0,0.155,0,31.891,0,38.748,26.438,35.633,61.519,7.069,25.548,0.294,24.622,210.795,104.039,7.116,7.459,11.685,6.574,1.307,1.643,2.378,2.927,3.657,1.070,1.680,2.196,2.869,3.588,1.545,7.179,0.882,0.544,7.106,0.925,0.458,1.999,212.580,101.863
SYN-001369,2025-02-27T00:00:00+07:00,2.738,274.765,3.306,819.453,41.989,29.520,36.231,67.995,0.020,0,31.831,0,0.577,0,31.579,0,41.820,26.836,35.128,70.514,41.717,28.659,35.039,62.711,7.086,29.054,0.334,27.146,200.509,100.401,7.136,11.093,11.848,11.146,1.722,1.639,2.278,2.953,3.569,1.484,1.681,2.302,2.992,3.616,1.959,7.057,1.250,0.514,7.193,1.238,0.509,2.079,186.979,101.446
SYN-001370,2025-02-27T01:00:00+07:00,2.671,264.722,3.294,805.250,43.130,28.997,35.144,68.756,1.167,0,31.346,0,0,0,31.186,0,41.855,27.825,36.008,69.179,42.355,29.948,35.481,66.563,6.991,32.291,0.337,34.559,200.241,99.793,6.960,12.113,15.747,12.465,1.940,1.598,2.263,2.901,3.564,1.722,1.590,2.278,3.005,3.623,2.158,7.206,1.480,0.453,7.102,1.508,0.452,2.842,197.251,103.343
SYN-001371,2025-02-27T02:00:00+07:00,2.753,268.538,3.289,811.826,44.638,31.318,35.790,74.809,0,0,31.384,0,0,0,32.412,0,42.238,31.176,34.804,67.414,41.956,30.599,36.872,72.070,7.123,24.950,0.311,32.516,189.302,102.006,7.060,9.965,13.254,10.864,1.600,1.629,2.281,2.941,3.594,1.656,1.737,2.335,2.945,3.665,1.545,7.083,1.163,0.477,7.090,1.146,0.420,1.622,189.190,99.629
SYN-001372,2025-02-27T03:00:00+07:00,2.770,267.655,3.332,813.297,45.134,29.457,36.035,70.279,0.147,0,31.071,0,0,0,31.302,0,44.566,29.962,35.461,71.106,43.488,32.101,35.451,67.702,7.109,31.648,0.289,29.957,201.726,96.598,7.185,10.559,14.011,10.314,1.697,1.636,2.412,2.886,3.526,1.688,1.649,2.216,3.039,3.590,1.707,7.112,1.125,0.488,7.161,1.126,0.521,2.747,199.721,97.944
SYN-001373,2025-02-27T04:00:00+07:00,2.799,256.710,3.282,832.480,45.487,31.896,36.639,68.576,0,0,31.916,0,0.388,0,31.439,0,44.178,29.336,36.007,69.502,45.224,31.173,36.108,68.903,7.118,32.397,0.261,31.047,208.734,95.488,7.202,12.400,15.424,12.388,2.029,1.604,2.316,2.943,3.534,2.138,1.674,2.332,2.988,3.673,1.920,7.242,1.550,0.475,7.148,1.574,0.531,2.842,199.130,94.811
SYN-001374,2025-02-27T05:00:00+07:00,2.748,269.555,3.327,830.158,45.826,31.849,35.524,69.081,0.313,0,31.785,0,1.320,0,31.387,0,44.298,29.463,36.523,71.071,44.059,29.462,35.865,70.466,7.179,31.628,0.292,30.419,209.708,99.048,7.082,13.222,12.898,13.348,2.079,1.719,2.319,2.970,3.581,1.916,1.599,2.302,2.951,3.622,2.241,7.150,1.515,0.507,7.180,1.546,0.470,2.856,206.832,93.579
SYN-001375,2025-02-27T06:00:00+07:00,2.788,266.063,3.318,835.162,45.925,31.228,36.273,72.231,0,0,31.186,0,0,0,31.539,0,44.976,30.016,35.902,71.357,44.386,30.954,36.255,72.456,6.947,29.693,0.281,29.729,198.596,94.068,6.942,8.922,12.833,8.737,1.460,1.658,2.285,2.927,3.593,1.408,1.613,2.222,2.986,3.588,1.512,7.140,1.079,0.529,7.271,1.093,0.455,2.361,196.511,92.331
SYN-001376,2025-02-27T07:00:00+07:00,2.803,266.095,3.314,846.587,45.275,31.983,35.746,73.627,0,0,31.227,0,0.263,0,32.312,0,43.649,29.253,35.789,69.347,45.132,29.244,36.678,72.056,7.032,30.181,0.341,33.151,188.066,102.373,7.047,12.346,15.140,12.100,2.116,1.612,2.361,2.936,3.585,2.036,1.564,2.328,2.944,3.628,2.197,7.112,1.441,0.512,7.170,1.358,0.476,1.751,190.395,100.228
SYN-001377,2025-02-27T08:00:00+07:00,2.766,259.858,3.295,856.119,1.652,0,31.671,0,0.459,0,31.455,0,44.417,31.238,35.436,76.646,45.619,32.149,35.718,71.133,44.142,31.997,35.599,68.822,6.992,28.337,0.244,28.024,206.914,97.105,6.905,11.746,12.906,12.060,1.857,1.686,2.324,3.003,3.603,1.857,1.653,2.327,3.016,3.566,1.856,7.292,1.480,0.437,7.256,1.505,0.480,2.070,203.183,97.082
SYN-001378,2025-02-27T09:00:00+07:00,2.809,267.666,3.303,834.204,0.374,0,31.502,0,0,0,30.934,0,43.041,30.644,35.218,68.681,45.065,31.975,36.230,69.361,43.649,30.344,36.741,69.650,7.120,28.416,0.214,29.585,209.903,109.566,7.123,10.705,11.168,10.347,1.826,1.613,2.332,2.952,3.558,1.506,1.547,2.295,3.001,3.494,2.146,7.201,1.329,0.459,7.121,1.303,0.494,1.664,208.479,110.447
SYN-001379,2025-02-27T10:00:00+07:00,2.782,265.501,3.342,821.063,0.057,0,30.754,0,0,0,30.953,0,43.178,30.419,36.704,67.067,43.789,29.412,36.439,69.269,42.790,27.166,35.984,68.431,6.899,26.610,0.257,28.880,215.427,92.636,6.866,9.223,11.835,9.178,1.448,1.668,2.238,2.983,3.575,1.343,1.606,2.301,2.889,3.581,1.553,7.177,1.125,0.460,7.084,1.177,0.503,2.286,211.618,87.605
SYN-001380,2025-02-27T11:00:00+07:00,2.779,260.678,3.305,833.552,0,0,31.312,0,0.411,0,32.065,0,41.838,29.039,35.743,67.099,41.953,30.053,34.611,68.933,42.501,28.555,35.641,68.437,7.093,32.740,0.251,33.800,201.750,96.570,7.087,9.867,14.737,10.368,1.517,1.687,2.283,2.968,3.626,1.383,1.693,2.319,3.010,3.582,1.650,7.222,1.088,0.485,7.120,1.098,0.491,2.030,208.200,99.902
SYN-001381,2025-02-27T12:00:00+07:00,2.779,261.582,3.327,790.712,0.337,0,31.054,0,0.062,0,31.737,0,40.860,27.547,35.167,67.238,41.756,29.427,36.396,66.846,40.476,27.897,36.340,64.971,7.139,33.501,0.301,34.775,215.539,107.498,7.110,10.571,13.840,11.194,1.791,1.606,2.309,2.878,3.647,1.692,1.640,2.354,2.967,3.682,1.890,7.133,1.375,0.488,7.202,1.416,0.467,2.459,218.771,103.740
SYN-001382,2025-02-27T13:00:00+07:00,2.812,266.198,3.362,807.792,1.010,0,31.460,0,0,0,32.471,0,40.181,28.420,35.178,68.981,39.732,26.082,35.511,65.495,39.952,28.483,35.107,64.826,6.943,27.448,0.283,32.908,198.820,100.634,7.021,11.147,15.006,11.257,1.749,1.652,2.240,2.980,3.631,1.830,1.608,2.298,2.988,3.583,1.668,7.139,1.170,0.504,7.137,1.170,0.447,2.012,196.289,103.143
SYN-001383,2025-02-27T14:00:00+07:00,2.734,263.372,3.350,791.603,0,0,31.028,0,0,0,31.709,0,38.681,28.366,35.232,64.397,38.346,27.722,35.874,65.443,37.949,27.243,34.474,59.000,6.983,26.141,0.291,27.757,209.352,102.921,7.022,10.902,12.575,10.515,1.650,1.583,2.283,2.879,3.579,1.610,1.629,2.238,3.067,3.471,1.689,7.181,1.206,0.467,7.101,1.178,0.445,2.079,208.471,103.697
SYN-001384,2025-02-27T15:00:00+07:00,2.748,266.426,3.325,782.525,0.561,0,31.428,0,0,0,31.120,0,37.856,27.336,35.174,61.773,38.585,27.547,35.330,63.044,38.364,25.328,35.894,58.575,6.979,26.883,0.301,27.224,218.105,98.313,6.931,8.790,11.454,8.808,1.481,1.683,2.288,2.879,3.549,1.402,1.659,2.289,2.933,3.603,1.560,7.208,0.982,0.509,7.362,0.921,0.442,2.198,221.920,97.088
SYN-001385,2025-02-27T16:00:00+07:00,2.772,265.749,3.344,795.817,1.422,0,31.372,0,37.335,26.921,35.373,60.357,38.200,26.927,35.197,57.701,37.813,26.791,34.619,63.324,0.485,0,32.123,0,6.920,22.509,0.277,29.919,185.905,94.264,6.848,10.383,11.524,9.984,1.669,1.673,2.248,2.897,3.581,1.570,1.725,2.171,2.930,3.633,1.768,7.139,1.279,0.509,7.133,1.323,0.377,1.301,199.690,94.918
SYN-001386,2025-02-27T17:00:00+07:00,2.756,256.598,3.332,813.569,0.469,0,31.278,0,36.699,25.785,34.656,57.968,36.420,27.355,35.362,57.075,38.703,25.435,34.803,60.504,0,0,30.803,0,7.106,22.563,0.270,25.574,195.947,99.285,7.060,8.116,12.093,8.231,1.351,1.690,2.321,2.963,3.616,1.280,1.677,2.280,2.985,3.607,1.422,7.092,1.063,0.458,7.158,1.066,0.536,1.685,208.759,99.523
SYN-001387,2025-02-27T18:00:00+07:00,2.766,252.045,3.329,783.020,0.572,0,30.986,0,36.653,26.499,34.928,56.601,36.241,25.259,34.769,59.037,36.431,25.097,34.839,58.421,0,0,31.358,0,6.942,28.965,0.287,30.955,204.912,88.148,6.956,9.741,14.069,9.738,1.630,1.636,2.276,2.959,3.540,1.563,1.586,2.252,2.998,3.556,1.697,7.177,1.093,0.434,7.109,1.094,0.468,1.835,206.881,88.652
SYN-001388,2025-02-27T19:00:00+07:00,2.863,252.908,3.337,773.064,0,0,31.364,0,37.595,26.945,35.502,62.503,37.845,28.140,35.875,61.839,36.613,26.276,35.323,63.270,0.628,0,31.374,0,7.106,26.865,0.303,30.906,199.381,100.371,7.230,10.412,13.954,10.699,1.621,1.656,2.227,2.965,3.594,1.477,1.684,2.253,2.929,3.592,1.765,7.206,1.173,0.433,7.221,1.117,0.448,2.454,200.634,102.973
SYN-001389,2025-02-27T20:00:00+07:00,2.774,263.384,3.309,761.729,0.858,0,32.218,0,37.360,26.920,34.620,59.468,38.993,27.787,35.499,60.112,37.732,27.858,35.218,60.777,0.313,0,30.960,0,7.065,26.640,0.293,27.706,187.866,101.177,7.034,11.107,12.950,11.282,1.954,1.647,2.271,2.968,3.681,1.947,1.638,2.345,2.981,3.580,1.962,7.138,1.482,0.539,7.068,1.420,0.440,1.494,190.580,103.592
SYN-001390,2025-02-27T21:00:00+07:00,2.831,267.284,3.337,782.301,0.615,0,30.950,0,37.741,24.806,35.174,60.399,37.973,26.009,35.705,61.294,38.309,28.500,35.648,59.479,0.776,0,31.822,0,7.164,25.515,0.264,28.782,190.873,102.795,7.159,9.204,13.122,9.578,1.398,1.672,2.228,2.970,3.532,1.342,1.663,2.256,2.982,3.668,1.454,7.143,0.966,0.515,7.142,0.993,0.480,2.578,188.395,104.421
SYN-001391,2025-02-27T22:00:00+07:00,2.778,264.172,3.300,773.198,0,0,31.529,0,40.157,29.625,35.473,63.786,37.683,26.208,34.958,59.077,39.866,28.504,36.375,62.683,0,0,31.106,0,7.012,27.072,0.257,30.458,199.704,94.391,6.957,9.586,12.440,9.256,1.467,1.654,2.290,2.943,3.565,1.523,1.636,2.268,3.001,3.597,1.411,7.058,0.972,0.444,7.036,0.957,0.363,1.653,206.760,95.095
SYN-001392,2025-02-27T23:00:00+07:00,2.788,269.166,3.305,787.748,0,0,30.231,0,39.603,29.376,35.123,64.373,40.673,29.594,35.139,64.280,40.471,26.811,35.502,66.408,0,0,31.006,0,6.990,26.467,0.275,29.572,209.456,99.277,6.946,8.593,12.322,8.357,1.285,1.595,2.310,2.957,3.561,1.211,1.647,2.257,2.932,3.616,1.359,7.145,0.874,0.387,7.237,0.792,0.459,1.354,216.131,98.916
SYN-001393,2025-02-28T00:00:00+07:00,2.721,257.371,3.307,831.601,41.100,28.106,35.948,69.632,41.612,29.100,35.333,69.837,40.189,29.021,35.918,62.939,0,0,31.377,0,0,0,32.162,0,7.034,25.407,0.300,27.225,218.312,92.788,6.977,10.280,11.947,10.500,1.600,1.543,2.257,2.993,3.546,1.571,1.631,2.286,2.999,3.609,1.628,7.213,1.217,0.490,7.172,1.244,0.465,2.172,210.564,90.542
SYN-001394,2025-02-28T01:00:00+07:00,2.822,261.378,3.310,844.740,41.519,29.456,36.269,65.120,42.757,28.420,35.677,69.564,41.411,29.874,35.544,65.400,0.569,0,31.162,0,0.486,0,30.989,0,7.036,25.483,0.208,27.732,192.300,101.843,7.003,9.597,11.157,9.228,1.587,1.629,2.265,2.945,3.583,1.430,1.659,2.292,2.893,3.515,1.743,7.086,1.126,0.445,7.139,1.135,0.507,2.224,182.970,104.918
SYN-001395,2025-02-28T02:00:00+07:00,2.836,253.179,3.288,834.468,43.738,29.192,36.614,71.584,43.465,31.510,35.937,70.341,42.015,28.632,34.858,65.405,0,0,30.832,0,0.879,0,31.889,0,7.129,27.619,0.229,27.693,196.947,97.223,7.101,9.381,11.117,9.111,1.484,1.636,2.290,2.980,3.632,1.504,1.656,2.327,2.930,3.636,1.464,7.098,1.104,0.518,7.053,1.127,0.510,2.281,192.305,98.841
SYN-001396,2025-02-28T03:00:00+07:00,2.816,250.525,3.308,830.675,44.562,31.170,36.303,70.780,44.252,31.084,35.757,71.993,44.471,30.003,35.479,71.839,0,0,31.127,0,0,0,31.638,0,7.274,22.925,0.294,28.130,196.838,88.684,7.205,7.800,13.258,7.518,1.203,1.615,2.325,3.005,3.583,1.192,1.722,2.279,2.948,3.552,1.214,7.177,0.889,0.457,7.126,0.893,0.454,2.608,199.627,85.302
SYN-001397,2025-02-28T04:00:00+07:00,2.770,256.604,3.336,838.732,44.652,31.659,36.124,74.528,45.360,30.860,35.814,74.541,44.946,30.761,35.984,69.907,0,0,31.951,0,0,0,31.500,0,6.967,20.054,0.266,27.081,201.976,99.009,6.979,6.648,11.740,6.393,0.922,1.645,2.307,2.953,3.611,0.798,1.652,2.297,2.913,3.601,1.045,7.238,0.596,0.544,7.173,0.647,0.518,2.023,201.268,100.521
SYN-001398,2025-02-28T05:00:00+07:00,2.727,249.541,3.354,844.006,45.412,30.756,35.675,70.913,45.806,30.504,35.734,75.779,45.886,31.765,35.836,73.624,0,0,31.624,0,0.258,0,31.595,0,6.974,21.647,0.300,29.136,185.888,87.832,6.961,8.191,10.607,8.437,1.272,1.654,2.327,2.871,3.631,1.231,1.767,2.378,2.901,3.581,1.312,7.127,0.960,0.489,7.136,0.984,0.411,2.262,177.524,88.910
SYN-001399,2025-02-28T06:00:00+07:00,2.783,253.219,3.271,827.050,45.077,31.244,36.795,73.571,44.926,31.198,36.445,70.789,43.783,30.961,36.847,69.812,1.279,0,31.800,0,0,0,31.835,0,7.051,25.787,0.267,25.356,201.991,98.196,7.009,8.423,10.375,7.905,1.443,1.641,2.333,2.957,3.622,1.578,1.624,2.309,2.930,3.623,1.307,7.180,1.094,0.467,7.189,1.042,0.374,1.801,199.026,104.595
SYN-001400,2025-02-28T07:00:00+07:00,2.697,257.919,3.349,835.475,45.165,30.749,36.481,71.834,46.084,31.142,35.959,75.515,45.270,30.395,34.887,71.880,0,0,31.050,0,0.011,0,32.333,0,7.004,24.421,0.281,29.056,189.047,100.303,6.916,9.671,11.550,9.392,1.534,1.632,2.294,2.896,3.604,1.347,1.636,2.283,2.904,3.528,1.722,7.179,1.237,0.490,7.054,1.215,0.451,2.145,186.744,99.961
SYN-001401,2025-02-28T08:00:00+07:00,2.774,259.395,3.290,839.881,44.442,30.281,36.154,70.157,45.229,31.569,36.504,69.861,0.418,0,31.499,0,0.220,0,30.477,0,43.252,28.463,36.574,68.025,6.997,23.039,0.245,30.714,202.711,98.387,6.944,8.404,11.669,8.550,1.467,1.678,2.270,2.963,3.537,1.464,1.619,2.336,2.954,3.695,1.469,7.101,1.275,0.497,7.087,1.276,0.407,1.472,206.107,97.112
SYN-001402,2025-02-28T09:00:00+07:00,2.688,253.546,3.304,832.999,42.654,28.879,35.481,66.893,43.393,32.087,35.244,72.773,0.281,0,32.414,0,0,0,31.787,0,43.222,30.865,35.987,69.007,6.944,22.520,0.292,26.126,220.958,101.504,6.902,8.748,11.172,8.818,1.308,1.621,2.277,3.003,3.594,1.400,1.659,2.269,2.921,3.579,1.216,7.084,0.946,0.487,7.195,0.976,0.385,0.750,224.263,102.129
SYN-001403,2025-02-28T10:00:00+07:00,2.737,243.565,3.315,847.985,43.664,29.035,35.833,71.185,42.568,29.080,35.909,68.421,0.008,0,31.891,0,0.146,0,31.994,0,41.844,29.299,35.314,66.121,6.951,27.459,0.258,31.455,194.679,94.638,6.890,11.636,13.287,10.811,1.929,1.562,2.237,2.934,3.680,2.016,1.683,2.263,2.949,3.505,1.843,7.095,1.432,0.500,7.196,1.496,0.397,1.922,200.387,94.403
SYN-001404,2025-02-28T11:00:00+07:00,2.744,254.742,3.282,819.495,41.856,31.258,35.454,64.450,42.677,30.201,36.538,69.573,0,0,31.152,0,0,0,31.719,0,42.678,29.948,34.945,70.295,7.064,25.243,0.227,29.270,208.074,93.779,7.010,7.879,12.091,7.931,1.196,1.691,2.328,2.977,3.530,0.934,1.637,2.270,2.921,3.697,1.458,7.134,0.908,0.466,7.201,0.926,0.494,1.558,205.932,94.652
SYN-001405,2025-02-28T12:00:00+07:00,2.688,253.159,3.317,815.027,41.610,29.523,35.442,68.786,41.611,27.970,35.827,66.595,0,0,30.216,0,0,0,31.780,0,41.098,28.271,36.411,68.282,6.919,22.941,0.265,27.646,191.648,93.869,6.885,8.141,12.965,8.133,1.156,1.724,2.312,2.976,3.597,1.012,1.654,2.363,2.923,3.575,1.300,7.090,0.763,0.465,7.082,0.753,0.394,2.920,194.399,97.198
SYN-001406,2025-02-28T13:00:00+07:00,2.732,255.317,3.314,789.880,39.398,28.975,36.035,65.533,39.726,28.909,35.478,61.341,0.165,0,31.214,0,0,0,32.017,0,39.818,28.582,35.540,62.580,7.100,22.757,0.257,28.131,217.255,106.510,7.135,10.600,11.404,10.388,1.816,1.667,2.290,2.867,3.603,1.955,1.626,2.270,2.989,3.579,1.676,6.995,1.341,0.457,7.186,1.368,0.481,2.268,219.453,107.509
SYN-001407,2025-02-28T14:00:00+07:00,2.703,253.989,3.280,800.407,38.888,28.213,35.187,63.003,38.509,28.182,36.073,63.622,0,0,31.739,0,0,0,31.411,0,38.623,27.512,35.442,60.477,7.035,16.833,0.225,25.985,209.927,98.949,7.000,5.339,10.460,4.960,0.674,1.623,2.301,3.021,3.552,0.488,1.645,2.302,2.916,3.604,0.860,7.176,0.451,0.458,7.106,0.388,0.473,2.217,205.108,98.438
SYN-001408,2025-02-28T15:00:00+07:00,2.688,249.201,3.255,785.548,38.716,26.392,36.175,59.921,37.766,25.278,35.132,63.393,0,0,31.124,0,0.618,0,32.029,0,37.965,26.926,34.703,63.359,6.801,21.139,0.249,27.673,187.879,98.830,6.867,7.632,11.660,8.362,1.363,1.587,2.275,2.980,3.595,1.222,1.657,2.284,2.875,3.613,1.503,7.185,0.945,0.459,7.209,1.012,0.450,1.919,181.095,97.694
SYN-001409,2025-02-28T16:00:00+07:00,2.666,243.015,3.237,787.828,38.351,28.720,36.556,62.293,0,0,31.070,0,0.990,0,31.510,0,38.300,24.668,35.602,59.278,36.891,25.782,34.945,59.780,7.040,25.131,0.240,31.003,217.965,101.626,7.008,8.620,14.881,8.387,1.423,1.627,2.271,2.966,3.612,1.448,1.659,2.339,2.916,3.624,1.398,7.068,1.034,0.471,7.233,0.966,0.461,3.231,229.040,100.142
SYN-001410,2025-02-28T17:00:00+07:00,2.668,255.135,3.284,761.220,36.771,28.339,35.171,59.546,0.472,0,32.060,0,0.161,0,31.084,0,36.515,25.008,34.292,62.133,36.956,27.621,35.461,59.858,7.058,21.940,0.296,28.250,227.223,102.540,7.076,8.707,12.603,8.335,1.498,1.666,2.360,2.896,3.569,1.525,1.601,2.251,2.964,3.545,1.471,7.098,0.968,0.437,7.163,0.940,0.458,1.466,221.092,101.520
SYN-001411,2025-02-28T18:00:00+07:00,2.741,248.768,3.312,763.117,37.129,26.691,34.494,60.581,0,0,31.245,0,0,0,31.420,0,38.107,26.305,35.381,64.189,36.045,27.293,34.537,62.098,7.028,25.284,0.275,35.225,204.335,101.716,7.059,8.941,14.498,8.973,1.308,1.592,2.304,3.032,3.576,1.337,1.629,2.238,2.893,3.636,1.279,7.119,0.956,0.475,7.244,0.954,0.477,2.875,196.244,103.626
SYN-001412,2025-02-28T19:00:00+07:00,2.642,247.757,3.274,750.863,36.227,25.369,35.345,62.069,0,0,32.050,0,0.362,0,31.024,0,36.738,26.918,35.722,57.327,38.198,26.711,35.914,60.038,7.100,20.696,0.277,30.172,198.070,101.320,7.077,4.014,13.227,3.630,0.620,1.651,2.337,2.957,3.599,0.636,1.664,2.349,2.977,3.565,0.604,7.153,0.431,0.448,7.144,0.390,0.461,2.178,200.214,96.221
SYN-001413,2025-02-28T20:00:00+07:00,2.651,249.610,3.266,784.652,37.543,26.922,35.021,63.874,1.070,0,31.159,0,0.857,0,31.098,0,36.730,26.702,35.033,57.355,36.564,27.237,34.358,56.484,6.976,16.969,0.310,26.788,202.958,95.192,7.006,7.401,10.857,7.645,1.229,1.676,2.366,3.003,3.495,1.008,1.610,2.323,2.849,3.590,1.450,7.210,0.892,0.490,7.235,0.892,0.417,2.091,204.793,90.201
SYN-001414,2025-02-28T21:00:00+07:00,2.617,252.482,3.290,779.313,37.334,29.021,35.265,60.668,0,0,31.768,0,0,0,31.584,0,37.160,27.647,35.812,60.169,37.892,26.858,35.109,59.710,7.078,21.861,0.341,27.203,214.400,92.821,7.121,9.444,12.014,9.497,1.495,1.636,2.318,2.948,3.606,1.324,1.678,2.246,2.982,3.596,1.667,7.205,0.944,0.439,7.152,0.929,0.464,2.142,216.706,92.384
SYN-001415,2025-02-28T22:00:00+07:00,2.649,254.292,3.270,800.529,38.363,27.860,35.774,57.171,0.002,0,31.030,0,0,0,31.805,0,38.251,26.824,35.041,61.288,38.103,26.023,35.574,64.835,7.087,20.990,0.253,30.325,200.917,95.957,7.073,7.132,10.544,7.698,1.282,1.675,2.303,3.005,3.615,0.996,1.638,2.200,2.965,3.656,1.568,7.111,0.945,0.445,7.027,0.986,0.407,1.446,209.435,94.143
SYN-001416,2025-02-28T23:00:00+07:00,2.630,238.832,3.252,782.712,39.785,27.389,35.781,62.250,0.385,0,30.428,0,0,0,31.324,0,39.335,27.735,35.120,67.417,39.175,30.488,35.303,62.827,7.125,16.486,0.283,25.986,189.927,100.132,7.245,4.904,11.992,5.160,0.846,1.737,2.321,2.861,3.636,1.050,1.662,2.348,2.963,3.641,0.642,7.085,0.573,0.508,7.103,0.510,0.406,2.274,195.996,100.845
SYN-001417,2025-03-01T00:00:00+07:00,2.563,253.048,3.212,842.991,0,0,31.478,0,0,0,31.551,0,40.228,28.794,35.020,62.828,40.657,29.604,35.901,66.712,41.820,30.216,36.218,66.217,6.998,17.847,0.254,25.510,199.156,89.107,6.987,8.664,9.066,8.689,1.508,1.685,2.283,3.008,3.570,1.516,1.617,2.345,2.871,3.585,1.499,7.124,1.168,0.469,7.155,1.117,0.465,1.524,202.178,90.212
SYN-001418,2025-03-01T01:00:00+07:00,2.669,249.805,3.227,818.364,0.023,0,31.509,0,0,0,32.237,0,41.030,28.748,35.659,65.658,42.864,29.747,36.699,67.827,42.764,29.171,35.909,72.442,7.246,19.134,0.231,28.296,187.553,91.905,7.247,6.644,12.370,6.599,1.140,1.687,2.319,2.908,3.631,1.039,1.616,2.390,2.955,3.614,1.240,7.112,0.822,0.494,7.099,0.850,0.465,1.866,180.673,94.694
SYN-001419,2025-03-01T02:00:00+07:00,2.564,249.549,3.257,856.731,0,0,31.543,0,0.614,0,31.082,0,41.728,30.349,35.708,65.838,42.941,31.842,36.101,71.266,42.850,29.010,35.418,70.528,7.072,17.724,0.279,27.646,207.546,92.069,6.999,5.194,9.168,4.320,0.742,1.649,2.309,2.939,3.615,0.738,1.693,2.327,2.893,3.531,0.745,6.999,0.545,0.474,7.101,0.565,0.446,2.098,208.716,91.928
SYN-001420,2025-03-01T03:00:00+07:00,2.557,239.286,3.280,833.697,1.275,0,31.246,0,0,0,31.787,0,42.787,30.672,35.793,66.928,44.247,29.410,36.885,70.480,43.649,29.829,35.962,68.687,6.940,23.395,0.235,25.343,228.083,94.626,6.809,7.165,8.819,7.174,1.156,1.661,2.266,2.902,3.528,1.144,1.762,2.388,2.960,3.625,1.168,7.172,0.820,0.493,7.119,0.807,0.482,1.418,233.838,93.584
SYN-001421,2025-03-01T04:00:00+07:00,2.556,239.733,3.255,834.350,0,0,32.048,0,0,0,31.258,0,44.920,32.259,35.468,73.331,44.415,31.588,35.682,70.881,43.334,30.726,35.316,69.606,6.963,18.215,0.284,27.264,202.497,99.146,7.002,6.934,10.094,6.534,1.144,1.610,2.302,2.992,3.542,1.141,1.728,2.382,2.872,3.633,1.148,7.121,0.718,0.430,7.167,0.722,0.427,1.719,204.761,99.756
SYN-001422,2025-03-01T05:00:00+07:00,2.526,252.766,3.244,838.759,1.249,0,31.207,0,0.313,0,31.831,0,43.007,31.938,36.581,66.410,45.258,31.542,36.167,68.391,45.177,30.265,35.824,71.326,7.054,19.994,0.256,28.413,203.022,98.352,6.980,6.530,13.064,6.436,1.280,1.637,2.283,2.900,3.564,1.290,1.668,2.333,3.001,3.655,1.271,7.194,0.875,0.487,7.240,0.862,0.474,2.600,201.296,95.581
SYN-001423,2025-03-01T06:00:00+07:00,2.511,250.279,3.248,828.804,0,0,31.838,0,0.870,0,31.002,0,45.689,29.584,35.735,73.039,44.814,30.768,35.924,74.552,45.625,29.221,35.917,70.235,6.915,14.339,0.184,23.471,197.100,105.391,6.877,5.023,10.612,4.410,0.866,1.626,2.400,2.940,3.599,0.770,1.639,2.295,2.868,3.563,0.962,7.185,0.620,0.502,7.268,0.625,0.471,1.737,197.413,104.243
SYN-001424,2025-03-01T07:00:00+07:00,2.483,249.325,3.210,857.622,0.739,0,31.575,0,0,0,31.940,0,44.615,30.374,35.929,68.149,44.823,30.333,36.463,77.486,44.054,30.983,35.927,69.939,6.969,18.394,0.281,23.462,198.725,101.782,6.992,5.855,9.796,6.179,0.941,1.643,2.206,2.989,3.621,0.902,1.642,2.252,3.001,3.634,0.980,7.142,0.688,0.476,7.161,0.676,0.506,1.869,199.132,102.195
SYN-001425,2025-03-01T08:00:00+07:00,2.513,251.754,3.185,836.424,0,0,32.168,0,43.797,31.953,36.338,70.904,45.295,31.209,36.222,75.638,43.960,30.706,36.178,72.851,0,0,31.650,0,7.215,15.877,0.242,25.534,203.568,96.354,7.142,5.960,10.504,5.183,0.941,1.673,2.328,2.940,3.622,0.991,1.715,2.250,2.974,3.587,0.891,7.054,0.708,0.480,7.077,0.747,0.546,1.278,198.920,98.569
SYN-001426,2025-03-01T09:00:00+07:00,2.521,239.007,3.230,856.543,0,0,31.973,0,43.958,31.420,35.943,72.015,43.460,30.714,35.698,71.043,43.751,28.906,36.750,72.732,1.224,0,31.506,0,7.102,19.949,0.293,25.898,220.430,98.330,7.088,6.195,9.709,6.159,1.020,1.675,2.317,2.908,3.619,1.072,1.618,2.308,2.963,3.678,0.969,7.170,0.674,0.410,7.145,0.690,0.461,1.992,212.882,96.901
SYN-001427,2025-03-01T10:00:00+07:00,2.478,252.219,3.156,844.135,0,0,31.734,0,42.324,28.584,35.901,70.760,42.624,30.480,34.430,66.807,43.519,30.530,35.555,67.401,1.000,0,31.558,0,7.071,16.511,0.286,24.177,236.750,105.502,7.040,8.457,8.577,8.290,1.355,1.568,2.293,2.905,3.602,1.375,1.634,2.258,2.943,3.589,1.335,7.120,0.896,0.509,7.122,0.823,0.523,1.734,227.900,106.029
SYN-001428,2025-03-01T11:00:00+07:00,2.449,248.786,3.253,823.329,0,0,31.818,0,41.830,28.996,34.830,66.954,42.853,29.005,35.422,68.011,41.361,28.169,35.765,62.885,0,0,32.168,0,7.122,19.380,0.273,27.176,197.777,89.970,7.181,6.688,12.222,6.636,1.094,1.631,2.277,2.940,3.582,1.018,1.658,2.220,2.862,3.529,1.170,7.240,0.821,0.447,7.081,0.873,0.480,2.265,190.330,88.662
SYN-001429,2025-03-01T12:00:00+07:00,2.465,238.594,3.231,819.238,0.084,0,31.194,0,40.756,27.993,35.776,64.972,41.611,27.480,34.746,66.934,40.079,27.244,35.813,62.236,1.153,0,31.691,0,7.039,17.251,0.258,25.488,193.390,101.984,6.912,7.083,9.848,7.409,1.067,1.624,2.245,2.902,3.713,0.942,1.590,2.250,3.002,3.574,1.193,7.143,0.755,0.527,7.150,0.716,0.489,1.746,197.175,103.211
SYN-001430,2025-03-01T13:00:00+07:00,2.465,245.722,3.193,828.956,0,0,31.063,0,41.072,29.514,35.890,63.983,40.058,26.958,35.595,62.940,39.398,27.697,35.640,60.543,0,0,31.162,0,7.075,19.746,0.329,26.890,192.242,102.362,7.125,6.662,10.905,6.319,1.069,1.776,2.242,2.941,3.613,0.952,1.715,2.262,2.984,3.608,1.186,7.232,0.828,0.394,7.189,0.838,0.439,1.474,192.240,98.994
SYN-001431,2025-03-01T14:00:00+07:00,2.408,242.435,3.218,793.624,0.658,0,31.115,0,37.565,27.857,34.751,64.242,39.926,27.601,35.664,63.314,39.756,28.319,36.742,58.808,0.829,0,31.656,0,6.982,14.174,0.252,22.569,202.171,101.770,7.009,4.977,10.718,4.544,0.784,1.660,2.302,2.954,3.595,0.743,1.629,2.308,3.011,3.587,0.825,7.234,0.850,0.402,7.082,0.898,0.427,2.032,209.097,100.980
SYN-001432,2025-03-01T15:00:00+07:00,2.438,231.465,3.191,765.183,0,0,32.018,0,38.413,26.590,35.125,62.239,36.020,25.522,35.363,57.320,38.820,28.226,35.320,58.532,0.680,0,30.747,0,7.080,19.514,0.340,26.444,209.139,99.345,7.003,7.146,12.311,7.266,1.378,1.601,2.288,2.947,3.585,1.278,1.613,2.313,2.963,3.628,1.477,7.169,1.048,0.488,7.136,1.099,0.464,1.814,201.205,98.781
SYN-001433,2025-03-01T16:00:00+07:00,2.383,242.650,3.172,785.495,36.975,25.122,36.094,59.059,36.631,26.348,34.699,56.459,36.685,27.471,35.200,60.481,0,0,31.683,0,0.375,0,31.307,0,7.200,16.356,0.276,27.024,189.378,86.350,7.339,4.932,10.764,5.074,0.865,1.627,2.316,2.958,3.597,0.932,1.624,2.330,3.045,3.563,0.799,7.102,0.591,0.489,7.196,0.569,0.485,0.510,186.930,87.037
SYN-001434,2025-03-01T17:00:00+07:00,2.370,244.873,3.161,778.352,37.192,27.187,35.418,57.503,36.830,24.489,34.842,59.587,37.381,27.441,35.350,57.100,0,0,31.671,0,0,0,31.344,0,7.026,11.641,0.305,20.006,207.739,101.051,7.068,4.270,8.789,4.635,0.790,1.739,2.235,2.906,3.595,0.662,1.717,2.319,2.856,3.600,0.918,7.168,0.647,0.483,7.013,0.703,0.507,1.236,204.937,98.816
SYN-001435,2025-03-01T18:00:00+07:00,2.352,242.356,3.182,805.097,36.933,25.163,34.873,60.000,36.119,25.590,35.067,56.581,37.496,25.770,35.664,61.846,0,0,31.894,0,0,0,32.177,0,6.945,21.699,0.298,28.408,192.457,93.539,6.930,7.893,11.212,7.296,1.180,1.621,2.301,2.946,3.659,1.129,1.632,2.312,2.971,3.569,1.231,7.291,0.819,0.525,7.186,0.855,0.396,1.759,194.698,90.663
SYN-001436,2025-03-01T19:00:00+07:00,2.343,242.248,3.203,772.995,37.642,25.681,34.845,64.380,36.823,26.986,35.007,54.884,36.442,26.456,35.346,59.747,0,0,31.664,0,0,0,31.511,0,7.193,12.334,0.318,25.007,198.320,100.120,7.227,4.569,11.577,3.899,0.827,1.633,2.285,2.991,3.647,0.975,1.634,2.216,2.885,3.567,0.678,7.211,0.677,0.483,7.167,0.690,0.479,2.333,189.854,99.437
SYN-001437,2025-03-01T20:00:00+07:00,2.310,245.250,3.176,762.785,37.095,26.617,35.263,60.242,36.805,25.838,35.488,60.457,37.471,26.529,34.636,58.178,0.099,0,30.760,0,0,0,31.517,0,7.049,20.109,0.287,24.997,179.722,102.143,7.017,8.378,10.902,8.532,1.254,1.586,2.318,2.967,3.596,1.110,1.639,2.361,2.955,3.560,1.397,7.188,0.931,0.418,7.039,0.956,0.489,1.804,176.851,101.713
SYN-001438,2025-03-01T21:00:00+07:00,2.324,249.467,3.149,783.099,38.275,29.707,35.086,61.280,38.247,24.370,35.474,60.596,38.064,25.891,34.842,58.740,0.249,0,31.106,0,0,0,32.122,0,7.119,16.631,0.234,26.851,202.733,94.813,7.187,4.399,14.125,4.522,0.914,1.625,2.271,2.989,3.657,1.096,1.716,2.269,2.975,3.599,0.733,7.074,0.677,0.381,7.162,0.619,0.490,2.020,197.138,94.182
SYN-001439,2025-03-01T22:00:00+07:00,2.328,254.098,3.120,793.685,38.019,28.033,35.477,57.072,39.399,27.647,35.791,61.700,38.486,28.163,35.427,62.652,0,0,32.004,0,0,0,31.134,0,7.050,17.578,0.268,29.608,203.917,107.679,6.954,7.526,12.310,7.087,1.346,1.651,2.283,2.992,3.608,1.388,1.698,2.328,2.884,3.644,1.304,7.044,0.922,0.498,7.128,0.895,0.449,1.482,206.958,109.711
SYN-001440,2025-03-01T23:00:00+07:00,2.286,236.105,3.189,809.491,40.476,28.366,34.799,65.994,39.560,28.483,35.468,61.867,40.225,28.867,36.333,64.440,0,0,30.738,0,0.590,0,31.771,0,6.866,14.555,0.344,25.384,210.765,100.717,6.896,5.641,12.056,5.762,0.960,1.711,2.322,2.946,3.581,0.979,1.714,2.307,2.933,3.617,0.941,7.122,0.678,0.495,7.213,0.663,0.493,2.437,206.072,100.820
SYN-001441,2025-03-02T00:00:00+07:00,2.301,240.649,3.139,795.580,41.146,26.891,34.798,68.226,40.669,28.268,35.395,64.947,0.138,0,31.201,0,0,0,32.071,0,41.239,30.389,35.624,70.794,7.023,14.700,0.267,25.938,203.054,109.588,6.996,5.638,10.224,5.746,0.898,1.705,2.282,2.940,3.557,0.826,1.656,2.238,2.982,3.615,0.970,7.086,0.630,0.479,7.265,0.598,0.430,1.688,208.617,109.663
SYN-001442,2025-03-02T01:00:00+07:00,2.222,229.857,3.114,831.687,41.732,31.127,35.745,65.914,41.209,28.509,35.623,63.886,0,0,32.250,0,1.048,0,30.806,0,41.955,29.861,36.003,65.458,6.986,12.740,0.260,21.517,197.592,105.843,6.974,5.453,8.269,5.628,0.966,1.614,2.280,2.962,3.614,0.977,1.594,2.340,2.908,3.663,0.954,7.215,0.835,0.485,7.153,0.908,0.451,0.821,196.961,101.666
SYN-001443,2025-03-02T02:00:00+07:00,2.249,241.643,3.103,843.938,43.633,29.131,36.318,71.166,43.550,31.132,35.724,73.501,0,0,31.309,0,0,0,32.012,0,43.455,28.039,36.498,71.531,6.990,9.844,0.309,19.712,207.288,103.258,6.968,3.568,7.432,4.288,0.452,1.658,2.333,2.948,3.586,0.405,1.609,2.300,2.974,3.676,0.500,7.174,0.317,0.417,7.139,0.355,0.373,1.510,206.609,102.460
SYN-001444,2025-03-02T03:00:00+07:00,2.235,243.726,3.142,844.007,43.264,30.363,35.528,70.219,42.735,26.004,36.140,66.379,0,0,31.270,0,0.445,0,30.893,0,44.424,28.624,35.727,69.764,7.023,15.216,0.296,24.003,189.723,101.726,6.984,6.885,12.857,7.156,1.076,1.695,2.320,2.929,3.631,0.933,1.702,2.318,2.958,3.562,1.219,7.192,0.784,0.516,7.067,0.798,0.492,2.409,189.481,98.637
SYN-001445,2025-03-02T04:00:00+07:00,2.257,234.225,3.124,872.554,43.955,30.171,35.828,74.356,45.249,29.399,35.901,74.399,0.297,0,31.569,0,1.478,0,30.884,0,44.191,32.313,36.104,74.075,6.923,12.658,0.289,26.968,181.159,97.050,6.987,4.882,8.621,5.060,0.747,1.635,2.266,2.977,3.581,0.786,1.634,2.239,2.932,3.567,0.708,7.110,0.595,0.505,7.053,0.603,0.480,0.621,180.068,98.389
SYN-001446,2025-03-02T05:00:00+07:00,2.212,245.622,3.096,836.891,45.487,30.645,36.509,73.210,44.538,30.936,36.174,70.771,0,0,31.948,0,0.387,0,31.895,0,45.129,30.711,35.545,77.277,7.029,13.770,0.286,26.021,200.937,94.894,7.132,5.159,10.719,5.631,0.935,1.619,2.373,2.867,3.622,0.977,1.678,2.277,3.013,3.695,0.893,7.124,0.707,0.485,7.121,0.750,0.503,2.190,195.559,94.226
SYN-001447,2025-03-02T06:00:00+07:00,2.260,235.924,3.114,867.055,44.831,30.242,36.527,69.860,45.089,29.394,36.142,71.722,0,0,31.703,0,1.436,0,32.359,0,45.269,30.886,35.929,73.413,6.826,15.672,0.256,24.185,182.111,105.805,6.791,5.315,10.538,5.709,0.864,1.671,2.308,2.945,3.705,0.877,1.665,2.263,2.868,3.644,0.850,7.151,0.592,0.450,7.111,0.599,0.460,1.939,181.528,107.086
SYN-001448,2025-03-02T07:00:00+07:00,2.221,243.981,3.110,838.860,44.270,30.060,35.623,70.408,45.167,30.297,36.091,71.563,0,0,31.173,0,0,0,31.326,0,45.043,29.832,36.212,71.609,7.129,14.186,0.310,25.455,213.709,106.640,7.228,4.667,10.919,5.098,0.812,1.664,2.335,2.890,3.579,0.757,1.639,2.296,2.940,3.607,0.867,7.091,0.644,0.437,7.165,0.644,0.404,2.133,217.175,105.436
SYN-001449,2025-03-02T08:00:00+07:00,2.179,244.946,3.195,844.627,44.737,29.563,35.686,76.639,0.155,0,31.422,0,0.161,0,31.353,0,44.428,29.528,35.928,72.928,45.743,32.219,36.078,73.664,7.196,9.404,0.307,25.563,197.315,97.426,7.236,3.594,10.718,3.649,0.457,1.633,2.321,2.958,3.642,0.559,1.689,2.304,2.977,3.602,0.354,7.102,0.367,0.491,7.148,0.396,0.451,1.053,194.639,97.489
SYN-001450,2025-03-02T09:00:00+07:00,2.228,247.223,3.132,863.721,44.812,29.863,35.557,70.587,2.112,0,30.473,0,0.149,0,31.362,0,42.662,31.029,35.434,67.292,44.356,30.210,35.688,69.200,7.021,16.180,0.313,25.702,223.582,99.563,7.012,5.911,12.262,5.424,0.896,1.677,2.174,2.986,3.604,0.778,1.699,2.386,2.934,3.570,1.014,7.175,0.469,0.487,7.072,0.459,0.460,1.449,224.305,95.605
SYN-001451,2025-03-02T10:00:00+07:00,2.234,228.464,3.064,834.671,42.252,29.023,35.534,65.870,1.534,0,31.187,0,0,0,30.791,0,42.697,28.133,35.425,67.177,43.597,30.837,36.641,65.963,6.999,39.311,0.247,46.797,186.516,97.990,7.089,10.023,13.264,10.540,1.418,1.661,2.387,2.930,3.593,1.513,1.677,2.269,3.080,3.691,1.324,7.173,0.872,0.409,7.161,0.854,0.430,1.796,192.093,96.746
SYN-001452,2025-03-02T11:00:00+07:00,2.170,232.510,3.105,823.783,42.192,28.665,34.825,64.550,0,0,31.370,0,0.333,0,30.798,0,42.497,28.901,35.612,66.531,41.877,29.104,35.506,67.056,7.222,39.497,0.278,41.820,212.036,95.886,7.240,10.983,9.305,10.524,1.667,1.699,2.284,2.930,3.612,1.400,1.621,2.304,3.071,3.526,1.935,7.218,1.118,0.446,7.157,1.206,0.521,1.744,222.070,99.069
SYN-001453,2025-03-02T12:00:00+07:00,2.137,235.928,3.128,806.857,41.777,28.993,36.164,66.264,0.220,0,32.093,0,0,0,32.070,0,41.460,29.856,35.855,71.320,41.791,29.298,36.353,67.978,7.261,36.188,0.277,42.209,197.176,104.517,7.295,8.242,9.632,8.426,1.169,1.687,2.306,2.953,3.540,1.054,1.660,2.352,2.952,3.648,1.284,7.126,0.832,0.520,7.089,0.832,0.463,1.821,192.153,107.274
SYN-001454,2025-03-02T13:00:00+07:00,2.149,240.701,3.121,779.417,39.763,27.674,35.267,63.272,0.036,0,31.737,0,0.217,0,32.486,0,39.952,29.202,34.180,61.815,40.021,28.075,34.802,65.492,7.098,30.981,0.258,44.255,220.375,97.492,7.104,7.685,12.480,7.398,0.895,1.597,2.248,2.942,3.577,0.873,1.658,2.334,2.940,3.618,0.918,7.119,0.518,0.466,7.019,0.552,0.470,2.273,209.115,94.340
SYN-001455,2025-03-02T14:00:00+07:00,2.156,226.825,3.123,788.688,39.615,27.635,35.605,60.801,0,0,31.342,0,0.570,0,30.960,0,40.378,29.714,35.273,65.010,39.371,28.213,34.838,63.292,6.891,37.411,0.297,43.971,197.775,100.831,6.903,9.816,11.429,9.558,1.368,1.648,2.286,2.968,3.564,1.093,1.641,2.337,2.885,3.626,1.643,7.244,0.848,0.490,7.123,0.865,0.426,1.178,202.850,100.968
SYN-001456,2025-03-02T15:00:00+07:00,2.168,238.081,3.084,809.238,39.015,27.189,35.885,60.536,0,0,31.625,0,0,0,31.363,0,38.084,26.369,35.360,64.242,39.001,28.362,35.832,62.785,7.050,30.473,0.264,38.486,179.231,96.031,6.990,8.766,9.118,7.668,1.305,1.716,2.200,2.957,3.623,1.186,1.744,2.312,3.060,3.599,1.424,7.074,0.784,0.468,7.092,0.778,0.480,1.212,188.983,97.419
SYN-001457,2025-03-02T16:00:00+07:00,2.165,231.359,3.103,790.365,0.007,0,31.214,0,0.504,0,31.387,0,37.895,27.611,35.084,62.501,37.366,27.355,35.860,59.318,38.119,28.808,35.593,63.915,7.076,41.827,0.271,47.761,189.490,111.796,7.061,12.173,12.873,12.441,1.278,1.707,2.371,2.906,3.585,1.430,1.639,2.321,2.932,3.581,1.126,7.118,0.649,0.502,7.199,0.593,0.477,1.416,184.673,113.735
SYN-001458,2025-03-02T17:00:00+07:00,2.127,246.133,3.076,751.838,0,0,31.461,0,0,0,31.784,0,37.637,27.924,34.934,62.533,37.069,26.632,35.424,56.079,36.322,26.772,35.512,58.822,7.030,35.021,0.330,42.334,207.002,96.045,7.168,9.833,9.512,11.025,1.510,1.632,2.271,3.029,3.526,1.686,1.549,2.290,2.947,3.570,1.335,7.137,0.918,0.527,7.098,0.997,0.511,1.715,206.155,95.597
SYN-001459,2025-03-02T18:00:00+07:00,2.164,236.152,3.068,805.110,0,0,31.544,0,0,0,31.456,0,36.135,24.760,34.745,59.344,36.898,26.990,35.575,55.078,37.966,26.398,35.386,63.171,7.033,27.972,0.260,37.772,193.724,94.899,7.114,8.588,9.220,7.833,1.028,1.686,2.414,2.931,3.548,1.086,1.686,2.310,3.000,3.617,0.970,7.142,0.735,0.522,7.220,0.719,0.408,1.963,187.912,91.810
SYN-001460,2025-03-02T19:00:00+07:00,2.135,244.177,3.088,764.911,0.120,0,32.285,0,0.673,0,32.125,0,36.966,27.106,34.216,61.241,35.882,23.568,34.938,57.307,37.445,25.409,34.617,60.735,7.059,36.784,0.271,42.627,193.430,104.309,7.098,10.537,11.773,9.996,1.362,1.640,2.330,2.974,3.655,1.222,1.682,2.327,2.998,3.620,1.502,7.127,0.920,0.440,7.111,0.946,0.404,2.810,193.535,104.799
SYN-001461,2025-03-02T20:00:00+07:00,2.116,240.172,3.085,785.070,1.355,0,31.078,0,0.134,0,31.646,0,38.604,28.605,35.194,62.460,37.386,26.757,35.398,59.737,37.853,26.194,35.149,59.992,6.976,33.901,0.329,43.519,223.773,103.390,6.882,8.242,10.438,6.814,1.163,1.639,2.362,2.994,3.608,1.067,1.618,2.294,2.948,3.544,1.260,7.039,0.617,0.434,7.146,0.595,0.464,1.304,215.074,105.450
SYN-001462,2025-03-02T21:00:00+07:00,2.111,246.060,3.055,776.570,0,0,32.129,0,1.496,0,31.000,0,38.552,27.481,35.089,61.440,37.972,26.729,35.127,57.394,38.865,27.136,35.857,64.421,7.091,34.762,0.313,32.740,216.550,90.488,7.155,10.826,8.879,10.925,1.095,1.653,2.300,2.933,3.625,1.026,1.595,2.401,2.910,3.574,1.164,7.173,0.771,0.474,7.154,0.782,0.439,1.976,214.726,92.877
SYN-001463,2025-03-02T22:00:00+07:00,2.090,235.178,3.070,784.631,0.163,0,31.432,0,0.191,0,31.835,0,38.385,27.124,35.045,63.314,38.413,29.996,35.656,60.844,39.207,25.758,34.378,62.996,6.955,44.483,0.251,43.159,192.219,103.283,6.975,12.877,9.842,13.494,1.414,1.696,2.372,2.969,3.629,1.623,1.621,2.223,2.972,3.622,1.206,7.027,0.718,0.472,7.195,0.731,0.490,1.129,191.532,104.896
SYN-001464,2025-03-02T23:00:00+07:00,2.083,228.686,3.072,803.692,0,0,31.016,0,0,0,31.839,0,39.616,27.686,36.194,63.741,40.291,29.912,35.725,61.822,40.159,27.373,36.048,64.287,7.112,28.506,0.244,41.637,192.173,93.697,7.152,5.965,11.220,4.232,0.635,1.627,2.312,3.031,3.646,0.631,1.583,2.251,2.903,3.540,0.640,7.169,0.193,0.440,7.159,0.183,0.497,1.577,188.582,95.037
SYN-001465,2025-03-03T00:00:00+07:00,2.089,241.454,3.034,813.060,0.722,0,32.108,0,40.088,26.040,35.368,63.654,39.962,27.829,35.979,64.897,40.345,29.309,35.262,61.841,0,0,31.848,0,7.121,41.185,0.306,47.877,196.831,100.141,7.102,12.939,12.841,13.180,1.798,1.687,2.280,2.931,3.543,2.003,1.574,2.169,2.931,3.578,1.593,7.224,1.064,0.513,7.120,1.042,0.499,2.300,197.482,99.552
SYN-001466,2025-03-03T01:00:00+07:00,2.112,239.235,3.060,825.293,1.261,0,31.159,0,41.089,29.278,35.575,64.239,42.748,29.334,35.817,68.212,42.238,30.019,35.957,65.338,0,0,31.869,0,7.085,35.600,0.289,40.549,215.955,95.357,7.091,10.890,10.442,10.933,1.344,1.722,2.289,2.938,3.696,1.401,1.692,2.384,2.924,3.518,1.287,7.171,0.802,0.465,7.063,0.917,0.496,1.825,220.470,92.344
SYN-001467,2025-03-03T02:00:00+07:00,2.026,234.244,3.071,858.809,0,0,31.033,0,43.022,29.662,35.271,70.716,42.004,29.796,35.053,67.290,43.583,32.436,35.102,67.895,0.094,0,31.927,0,7.076,40.162,0.296,45.347,158.971,108.038,6.969,14.492,10.782,14.101,1.971,1.642,2.287,2.915,3.669,1.795,1.679,2.262,2.945,3.579,2.148,7.210,1.198,0.420,7.169,1.225,0.428,1.505,161.118,107.165
SYN-001468,2025-03-03T03:00:00+07:00,2.098,228.759,3.117,813.054,1.060,0,30.581,0,43.884,30.603,34.761,70.734,44.036,29.435,36.483,74.058,43.807,29.475,35.333,73.313,0,0,31.674,0,7.227,34.164,0.262,33.767,203.069,99.748,7.265,8.692,7.456,9.239,1.304,1.619,2.315,2.922,3.594,1.344,1.721,2.293,2.929,3.530,1.264,7.131,0.881,0.467,7.092,0.821,0.481,1.500,200.816,99.942
SYN-001469,2025-03-03T04:00:00+07:00,2.062,235.620,3.077,816.060,0.320,0,31.789,0,45.014,28.806,36.159,74.320,44.383,33.138,35.508,73.920,44.014,30.774,36.103,69.969,0,0,31.829,0,7.112,35.654,0.289,44.141,181.062,95.794,7.157,9.607,11.943,9.110,1.747,1.621,2.231,3.025,3.597,1.595,1.555,2.348,2.927,3.478,1.900,7.200,0.968,0.425,7.159,0.870,0.436,1.864,181.200,96.917
SYN-001470,2025-03-03T05:00:00+07:00,2.066,233.207,3.053,830.046,0,0,31.087,0,44.910,30.395,35.979,70.321,46.359,30.883,36.807,75.163,44.167,32.134,35.544,74.260,0,0,32.243,0,6.995,48.892,0.314,45.877,221.261,97.397,6.959,14.992,12.314,16.752,2.235,1.679,2.341,2.990,3.606,2.175,1.695,2.290,2.947,3.526,2.294,7.204,1.233,0.449,7.223,1.205,0.458,2.152,224.429,99.810
SYN-001471,2025-03-03T06:00:00+07:00,2.114,230.840,3.027,844.094,0,0,31.448,0,45.429,31.662,36.013,72.317,44.381,31.176,36.924,73.905,45.541,32.524,36.020,74.490,0,0,31.534,0,7.068,45.550,0.350,42.105,210.122,103.048,7.132,12.740,10.949,12.583,1.633,1.598,2.265,2.946,3.641,1.317,1.663,2.300,3.036,3.587,1.949,7.107,0.909,0.521,7.068,0.884,0.426,2.714,207.787,101.053
SYN-001472,2025-03-03T07:00:00+07:00,2.146,233.817,3.090,843.515,0.364,0,31.739,0,46.185,33.146,36.044,75.533,45.138,29.702,35.463,70.080,44.468,30.529,36.271,70.448,0.151,0,32.264,0,7.096,46.045,0.305,44.538,194.794,97.168,7.153,10.286,9.967,9.902,1.368,1.618,2.253,2.978,3.474,1.279,1.648,2.324,2.920,3.559,1.457,7.060,0.847,0.514,7.122,0.929,0.430,1.378,195.047,99.926
SYN-001473,2025-03-03T08:00:00+07:00,2.107,234.871,3.075,831.223,45.288,30.204,35.967,69.621,45.414,30.387,36.103,75.694,43.024,28.536,34.981,70.153,0,0,31.989,0,0,0,32.307,0,7.063,38.950,0.277,43.212,212.983,96.723,7.021,7.590,11.678,7.493,0.937,1.670,2.254,2.914,3.607,0.813,1.699,2.328,2.961,3.610,1.062,7.173,0.478,0.499,7.171,0.560,0.432,1.685,217.179,94.824
SYN-001474,2025-03-03T09:00:00+07:00,2.070,230.913,3.055,825.424,43.742,30.068,35.188,68.265,43.440,29.572,36.196,70.825,43.501,32.010,35.671,66.155,0.301,0,30.459,0,0.024,0,31.018,0,6.990,35.219,0.320,42.209,178.931,97.565,6.975,8.514,9.955,8.514,1.313,1.614,2.265,2.918,3.592,1.688,1.586,2.329,2.873,3.547,0.939,7.177,0.677,0.499,7.259,0.632,0.439,1.524,174.163,96.563
SYN-001475,2025-03-03T10:00:00+07:00,2.021,240.211,3.028,819.449,42.204,27.273,35.686,67.355,43.046,30.981,36.012,69.412,41.795,29.328,35.710,64.288,0,0,32.519,0,0,0,31.536,0,7.056,45.194,0.251,46.053,222.682,105.238,7.083,12.692,11.115,13.586,1.807,1.661,2.345,3.000,3.598,1.743,1.658,2.251,3.009,3.584,1.871,7.152,1.200,0.483,7.137,1.111,0.455,1.115,223.232,104.320
SYN-001476,2025-03-03T11:00:00+07:00,2.113,233.775,3.077,837.543,41.407,27.877,36.019,68.047,42.379,29.670,35.791,67.478,42.345,30.687,36.672,69.105,0,0,31.493,0,0,0,31.390,0,6.930,45.939,0.280,53.155,210.199,90.696,6.984,12.992,12.748,12.951,1.542,1.666,2.266,2.918,3.588,1.501,1.642,2.301,2.906,3.665,1.583,7.196,0.863,0.498,7.279,0.849,0.451,2.066,202.282,89.561
SYN-001477,2025-03-03T12:00:00+07:00,2.132,234.057,3.016,819.744,39.584,27.653,35.607,60.188,40.305,29.361,35.201,61.203,40.482,27.978,34.660,64.923,0,0,31.054,0,0,0,32.169,0,7.105,36.008,0.345,46.151,184.666,95.262,7.119,10.936,12.469,10.310,1.429,1.604,2.319,3.052,3.640,1.404,1.708,2.316,2.947,3.615,1.454,7.155,0.821,0.553,7.144,0.799,0.480,1.811,182.860,92.907
SYN-001478,2025-03-03T13:00:00+07:00,2.130,232.792,3.074,814.986,38.488,26.667,34.579,64.184,39.575,28.367,34.864,63.799,40.469,28.512,35.840,67.597,0,0,31.780,0,0,0,31.492,0,7.229,36.476,0.236,40.914,207.544,101.658,7.244,8.164,9.741,7.483,0.810,1.635,2.280,2.971,3.572,0.720,1.708,2.383,3.016,3.519,0.899,7.123,0.478,0.532,6.968,0.490,0.411,1.591,203.209,98.743
SYN-001479,2025-03-03T14:00:00+07:00,2.121,229.422,3.099,796.340,38.139,25.293,34.267,62.180,39.134,27.955,35.186,60.885,39.478,27.920,35.865,64.911,0.567,0,31.546,0,0,0,31.980,0,7.062,33.928,0.248,39.744,203.407,88.881,7.013,10.417,10.022,10.248,1.388,1.690,2.319,2.963,3.490,1.229,1.627,2.304,3.014,3.688,1.546,7.217,0.723,0.571,7.084,0.707,0.467,0.667,200.394,89.794
SYN-001480,2025-03-03T15:00:00+07:00,2.102,227.049,3.047,802.450,36.206,26.996,35.156,62.409,38.368,27.141,35.036,62.254,37.178,27.518,35.817,57.962,0.115,0,31.089,0,0.802,0,31.348,0,7.100,36.751,0.338,42.933,196.690,98.970,7.112,10.058,7.929,9.988,1.437,1.729,2.320,2.938,3.546,1.609,1.742,2.212,2.908,3.569,1.266,7.190,0.935,0.515,7.124,0.954,0.424,1.634,198.572,99.833
SYN-001481,2025-03-03T16:00:00+07:00,2.142,235.806,3.093,791.585,37.368,26.519,34.774,56.989,36.770,26.591,34.674,56.703,0,0,30.953,0,0,0,31.129,0,38.334,26.393,36.189,60.612,6.984,39.262,0.239,38.403,183.803,94.730,6.893,11.151,9.488,10.453,1.622,1.739,2.296,3.024,3.617,1.571,1.645,2.306,2.949,3.539,1.674,7.149,1.086,0.452,7.221,1.036,0.499,1.228,190.498,91.820
SYN-001482,2025-03-03T17:00:00+07:00,2.133,229.280,3.077,779.568,36.307,26.240,35.129,56.150,37.531,26.116,34.839,64.075,0,0,32.317,0,0.245,0,31.350,0,36.437,26.801,34.847,58.873,7.090,36.212,0.237,36.770,177.008,98.218,7.165,7.880,8.534,7.150,1.455,1.577,2.301,2.996,3.538,1.649,1.690,2.309,2.958,3.573,1.262,7.031,0.813,0.441,7.222,0.971,0.521,2.559,169.839,102.648
SYN-001483,2025-03-03T18:00:00+07:00,2.129,237.160,3.050,749.699,35.930,26.349,35.016,56.719,36.383,26.978,35.245,58.029,0,0,31.736,0,0.487,0,30.698,0,37.237,26.345,35.548,59.980,7.124,48.275,0.339,44.119,210.445,100.748,7.132,12.938,12.850,13.285,1.673,1.666,2.371,2.948,3.622,1.675,1.664,2.349,2.967,3.526,1.671,7.115,1.109,0.466,7.189,1.121,0.512,2.464,203.274,100.662
SYN-001484,2025-03-03T19:00:00+07:00,2.044,229.867,3.087,757.822,37.483,28.826,34.267,60.717,36.451,24.370,35.210,58.256,0,0,30.747,0,0,0,31.761,0,35.932,27.297,35.167,59.917,7.098,43.483,0.270,47.754,216.305,96.078,7.087,10.879,11.990,9.999,1.177,1.627,2.347,2.985,3.516,1.087,1.649,2.325,2.976,3.614,1.268,7.112,0.667,0.537,7.094,0.725,0.504,1.167,212.837,92.697
SYN-001485,2025-03-03T20:00:00+07:00,2.150,236.250,3.082,804.180,38.157,26.434,34.839,63.773,37.192,26.792,34.962,61.275,0.070,0,31.913,0,0.414,0,31.900,0,37.765,27.065,35.491,59.622,7.061,32.381,0.263,38.661,219.645,91.893,7.004,10.853,9.364,10.854,1.605,1.589,2.324,2.934,3.644,1.473,1.701,2.289,2.982,3.523,1.738,7.243,0.869,0.462,7.101,0.912,0.490,1.297,222.734,89.514
SYN-001486,2025-03-03T21:00:00+07:00,2.236,229.222,3.113,797.702,37.839,26.203,35.732,57.916,39.515,29.972,35.822,61.308,0,0,30.845,0,0.000,0,32.298,0,37.479,26.980,35.864,61.072,7.090,43.668,0.212,44.718,191.929,103.994,7.176,12.817,11.752,13.741,1.842,1.628,2.234,2.968,3.623,1.613,1.717,2.366,2.970,3.655,2.070,7.129,1.255,0.468,7.120,1.188,0.439,1.997,208.171,105.006
SYN-001487,2025-03-03T22:00:00+07:00,2.199,233.653,3.065,798.968,39.675,27.621,35.214,64.865,39.764,27.671,35.678,64.081,0.813,0,32.175,0,0,0,31.169,0,37.686,26.546,35.589,56.883,7.030,41.948,0.264,43.782,202.515,93.164,7.141,11.015,10.747,11.577,1.324,1.617,2.334,2.993,3.649,1.043,1.635,2.270,2.929,3.618,1.605,7.192,0.734,0.464,7.179,0.801,0.436,1.487,202.502,92.587
SYN-001488,2025-03-03T23:00:00+07:00,2.162,239.001,3.138,793.169,41.026,30.282,35.512,66.566,41.074,30.339,35.005,64.222,0,0,31.445,0,0,0,31.174,0,39.473,28.580,35.818,63.128,6.917,36.867,0.270,39.200,196.674,96.240,6.923,10.198,9.597,13.342,1.560,1.603,2.369,2.992,3.694,1.442,1.659,2.272,2.977,3.537,1.677,7.135,1.079,0.474,7.033,1.052,0.506,2.216,203.480,98.859
SYN-001489,2025-03-04T00:00:00+07:00,2.154,227.306,3.127,795.921,42.203,28.688,35.494,66.511,1.583,0,31.348,0,0,0,32.277,0,41.448,30.535,36.480,65.650,40.384,30.222,35.158,63.929,6.921,39.969,0.288,41.264,186.937,99.868,6.860,11.069,11.492,12.168,1.591,1.708,2.350,2.950,3.631,1.906,1.736,2.231,2.947,3.582,1.275,7.194,1.017,0.505,7.064,1.077,0.451,1.897,187.000,95.997
SYN-001490,2025-03-04T01:00:00+07:00,2.167,233.983,3.092,817.845,41.963,29.639,35.835,67.028,0,0,31.102,0,0,0,32.165,0,41.843,29.614,35.055,67.943,41.410,29.833,35.634,66.344,6.906,47.252,0.290,42.846,198.116,109.130,6.997,16.629,9.028,17.171,2.657,1.523,2.263,3.000,3.598,2.723,1.700,2.310,2.993,3.600,2.591,7.045,1.498,0.497,7.167,1.614,0.468,1.091,202.876,111.994
SYN-001491,2025-03-04T02:00:00+07:00,2.235,238.112,3.112,837.327,44.138,32.525,35.786,70.269,0.262,0,31.261,0,0,0,31.399,0,42.661,29.917,36.660,66.029,42.781,28.877,35.885,70.595,7.090,36.198,0.294,42.489,196.109,104.804,7.096,10.902,10.974,10.381,1.681,1.666,2.293,2.930,3.678,1.810,1.640,2.244,2.962,3.539,1.552,7.135,0.880,0.456,7.173,0.948,0.436,1.902,189.147,101.105
SYN-001492,2025-03-04T03:00:00+07:00,2.225,232.390,3.122,839.372,44.033,29.987,36.099,70.263,0,0,31.597,0,0.874,0,31.500,0,44.863,30.075,35.796,69.810,44.274,31.483,35.201,69.158,7.039,23.020,0.282,29.080,226.906,97.856,7.063,8.050,11.598,8.503,1.446,1.692,2.399,3.014,3.531,1.218,1.694,2.280,2.975,3.564,1.673,7.099,1.026,0.442,7.114,1.023,0.421,2.232,227.187,101.784
SYN-001493,2025-03-04T04:00:00+07:00,2.165,236.887,3.110,833.220,44.693,29.369,36.533,72.631,0,0,31.250,0,0,0,31.411,0,44.944,30.321,36.241,73.624,43.401,29.420,35.755,68.144,7.206,18.174,0.311,25.420,221.783,101.529,7.088,6.089,9.960,6.447,1.298,1.587,2.331,2.922,3.533,1.304,1.672,2.305,2.994,3.685,1.292,7.054,0.833,0.476,7.204,0.835,0.456,1.181,212.772,102.077
SYN-001494,2025-03-04T05:00:00+07:00,2.264,237.330,3.125,830.579,44.567,30.745,36.287,69.412,0.294,0,31.875,0,0,0,32.096,0,45.866,32.074,36.425,75.153,44.601,31.307,35.863,74.233,6.925,19.762,0.288,28.408,200.134,98.241,6.906,7.638,11.867,7.891,1.390,1.596,2.387,2.948,3.627,1.424,1.632,2.321,2.985,3.639,1.356,7.204,0.989,0.517,7.018,0.939,0.469,1.093,193.562,104.790
SYN-001495,2025-03-04T06:00:00+07:00,2.183,241.420,3.120,856.265,43.889,31.377,36.063,68.191,0.532,0,31.975,0,0,0,32.219,0,45.496,33.339,36.190,71.444,44.949,30.913,35.745,73.382,7.154,22.057,0.274,27.858,184.334,99.275,7.136,8.102,10.966,7.660,1.514,1.677,2.297,2.969,3.625,1.414,1.648,2.377,3.025,3.602,1.615,7.150,1.154,0.420,7.159,1.109,0.456,2.704,176.842,96.526
SYN-001496,2025-03-04T07:00:00+07:00,2.276,239.172,3.129,814.125,43.945,30.529,35.365,70.456,0,0,31.884,0,0,0,31.190,0,44.197,31.788,36.283,73.998,45.737,33.296,36.142,72.688,7.005,17.741,0.261,26.218,217.640,94.895,7.026,5.737,10.370,6.160,1.007,1.719,2.292,3.015,3.619,1.041,1.543,2.267,2.993,3.621,0.973,7.128,0.844,0.447,7.055,0.847,0.457,1.432,216.147,95.879
SYN-001497,2025-03-04T08:00:00+07:00,2.223,227.152,3.132,827.401,0,0,31.273,0,0,0,31.241,0,43.514,29.731,36.327,70.404,43.637,32.051,35.501,69.062,44.413,31.822,35.963,72.981,7.033,20.235,0.253,27.232,181.296,99.858,7.004,7.428,10.842,7.465,1.302,1.636,2.320,2.931,3.637,1.273,1.656,2.339,2.978,3.552,1.331,7.226,0.927,0.456,7.061,0.893,0.451,2.157,183.432,102.248
SYN-001498,2025-03-04T09:00:00+07:00,2.248,233.326,3.153,867.260,1.402,0,31.068,0,0.523,0,31.966,0,43.564,28.997,35.836,66.414,45.101,30.310,35.819,70.939,43.102,30.132,35.445,68.404,6.909,22.660,0.287,28.441,178.843,104.058,6.888,8.885,13.410,8.838,1.406,1.676,2.298,2.876,3.645,1.332,1.698,2.252,2.979,3.644,1.479,7.110,1.029,0.502,7.106,1.004,0.515,2.270,178.754,105.580
SYN-001499,2025-03-04T10:00:00+07:00,2.252,242.856,3.162,834.261,0,0,31.916,0,0,0,30.955,0,42.223,30.051,35.243,67.194,42.596,30.121,35.941,67.618,42.953,28.717,35.714,71.006,7.123,20.227,0.324,26.534,198.922,106.818,7.163,6.306,10.489,6.208,0.829,1.653,2.305,2.884,3.525,0.788,1.602,2.368,2.858,3.590,0.870,7.179,0.721,0.583,7.164,0.788,0.445,1.658,196.356,108.209
SYN-001500,2025-03-04T11:00:00+07:00,2.321,237.949,3.090,819.767,0.307,0,31.237,0,0,0,31.285,0,42.978,29.749,34.659,68.991,41.884,29.026,35.235,66.043,42.905,29.926,35.016,70.273,7.101,21.061,0.343,25.803,196.697,99.154,7.130,8.148,11.903,8.710,1.274,1.640,2.354,2.885,3.603,1.120,1.698,2.345,2.956,3.706,1.429,7.092,0.948,0.500,7.075,0.984,0.424,1.909,189.191,97.136
SYN-001501,2025-03-04T12:00:00+07:00,2.320,234.307,3.140,817.072,0,0,31.700,0,0.189,0,31.292,0,39.631,27.152,35.629,64.093,41.985,28.842,35.046,69.080,39.679,28.200,35.510,58.831,7.061,21.519,0.239,26.712,227.641,97.382,7.022,6.615,10.662,6.050,0.962,1.632,2.289,2.900,3.598,0.955,1.724,2.355,3.037,3.598,0.969,7.172,0.668,0.528,7.171,0.789,0.461,1.843,220.802,97.975
SYN-001502,2025-03-04T13:00:00+07:00,2.342,245.427,3.132,807.756,0,0,31.969,0,0,0,31.465,0,40.167,27.098,35.997,65.329,39.724,29.177,35.363,62.810,40.654,30.367,35.623,63.292,6.897,24.329,0.277,27.888,210.882,101.238,6.885,9.945,12.772,9.592,1.638,1.667,2.378,2.928,3.583,1.721,1.604,2.233,2.970,3.637,1.555,7.225,1.033,0.441,7.168,1.025,0.422,1.991,209.258,101.847
SYN-001503,2025-03-04T14:00:00+07:00,2.321,238.689,3.145,813.425,0,0,32.615,0,0,0,31.092,0,39.402,26.779,34.967,61.558,39.369,27.296,35.670,60.513,39.820,29.357,35.471,67.495,6.983,20.176,0.293,27.587,215.241,107.196,6.970,6.154,11.555,5.699,1.132,1.603,2.280,2.835,3.564,0.979,1.661,2.277,3.027,3.647,1.286,7.200,0.707,0.461,7.132,0.636,0.500,1.986,211.001,106.705
SYN-001504,2025-03-04T15:00:00+07:00,2.358,237.829,3.131,809.718,0,0,31.970,0,0,0,31.338,0,37.149,26.943,35.021,59.103,37.897,26.226,35.665,57.216,38.708,26.791,34.952,62.352,7.067,19.114,0.324,28.787,198.577,96.461,7.046,6.246,12.116,5.796,0.951,1.638,2.236,2.898,3.574,0.954,1.625,2.261,2.950,3.603,0.947,7.170,0.741,0.421,7.035,0.775,0.549,1.951,194.723,92.372
SYN-001505,2025-03-04T16:00:00+07:00,2.345,246.674,3.154,774.009,0,0,30.861,0,37.866,26.530,35.115,63.883,37.268,25.778,34.963,60.388,39.337,29.067,35.524,61.143,0.333,0,31.738,0,7.150,25.429,0.262,30.240,241.498,108.074,7.120,9.989,14.196,9.998,1.793,1.626,2.286,2.965,3.559,1.687,1.644,2.357,2.912,3.620,1.899,7.096,1.246,0.460,7.153,1.269,0.490,2.685,242.455,112.137
SYN-001506,2025-03-04T17:00:00+07:00,2.358,231.349,3.141,795.213,0,0,31.122,0,36.969,26.739,35.083,58.731,37.362,27.146,35.439,57.082,36.476,25.552,35.130,58.236,0,0,31.285,0,6.997,19.526,0.219,27.372,205.922,89.104,6.944,6.456,10.265,6.376,1.108,1.673,2.331,2.903,3.634,1.151,1.569,2.173,3.009,3.639,1.066,7.076,0.696,0.401,7.073,0.613,0.467,2.035,202.431,90.744
SYN-001507,2025-03-04T18:00:00+07:00,2.444,237.314,3.172,788.129,0,0,31.542,0,37.454,27.042,35.074,59.333,37.985,27.667,34.634,55.940,36.916,27.389,34.786,58.167,0.558,0,32.119,0,6.977,23.974,0.283,30.940,210.916,99.235,7.033,9.225,13.042,7.891,1.337,1.606,2.316,2.965,3.670,1.240,1.625,2.278,2.912,3.615,1.434,7.109,0.886,0.490,7.172,0.879,0.483,2.437,215.238,102.559
SYN-001508,2025-03-04T19:00:00+07:00,2.354,238.862,3.144,739.976,0.084,0,31.864,0,37.752,27.079,35.928,62.796,37.688,26.634,35.738,59.770,37.118,25.358,35.178,57.680,0.994,0,31.949,0,6.981,20.800,0.276,26.832,209.515,92.095,6.997,9.305,11.586,9.482,1.351,1.655,2.302,2.945,3.599,1.471,1.605,2.308,3.005,3.609,1.231,7.119,0.952,0.452,7.263,0.875,0.489,2.191,207.927,94.104
SYN-001509,2025-03-04T20:00:00+07:00,2.355,241.166,3.186,799.332,0,0,31.202,0,39.007,25.584,35.022,61.638,38.591,26.528,35.854,64.078,37.573,25.743,35.742,63.412,0.091,0,31.411,0,7.016,20.440,0.289,27.795,195.116,105.098,7.017,6.352,12.014,6.661,1.070,1.566,2.288,2.859,3.578,1.017,1.579,2.316,2.824,3.654,1.123,7.108,0.866,0.466,7.138,0.847,0.488,2.437,193.417,108.475
SYN-001510,2025-03-04T21:00:00+07:00,2.386,235.982,3.187,810.262,0.361,0,31.834,0,38.268,29.292,35.311,58.083,37.736,27.962,35.565,58.238,38.868,28.424,34.634,63.079,0.562,0,32.052,0,7.021,20.750,0.266,24.543,186.110,91.673,7.092,5.672,11.671,5.663,1.104,1.670,2.324,2.934,3.682,1.095,1.664,2.282,2.918,3.619,1.112,7.172,0.886,0.466,7.091,0.863,0.420,1.702,187.447,93.544
SYN-001511,2025-03-04T22:00:00+07:00,2.448,228.916,3.120,820.573,0.201,0,31.025,0,38.518,27.239,34.970,59.034,38.902,29.052,35.730,62.362,39.484,27.292,34.644,61.175,0.027,0,32.433,0,7.074,20.737,0.267,24.945,206.586,91.419,7.115,6.888,10.547,6.757,1.274,1.613,2.357,3.007,3.625,1.267,1.641,2.300,2.863,3.591,1.282,7.153,0.873,0.479,7.085,0.879,0.472,1.517,209.275,91.421
SYN-001512,2025-03-04T23:00:00+07:00,2.432,233.254,3.173,817.531,0.394,0,31.826,0,39.246,26.734,35.723,62.123,40.925,27.252,36.003,66.092,39.572,29.336,35.231,65.100,0.459,0,30.969,0,7.131,23.261,0.240,28.514,205.069,101.154,7.175,8.305,10.296,9.617,1.502,1.611,2.259,2.955,3.600,1.539,1.627,2.360,2.981,3.620,1.465,7.159,1.152,0.474,7.176,1.135,0.490,2.270,206.161,103.259
SYN-001513,2025-03-05T00:00:00+07:00,2.394,235.467,3.193,824.685,40.841,29.283,35.598,67.368,41.175,30.049,35.197,60.691,40.566,28.564,35.962,62.720,0.175,0,31.442,0,1.300,0,31.156,0,7.001,26.521,0.307,30.994,213.113,102.376,6.971,10.623,13.343,10.315,1.820,1.691,2.298,2.963,3.619,2.025,1.640,2.256,2.906,3.526,1.615,7.171,1.273,0.460,6.974,1.254,0.449,2.619,213.495,102.151
SYN-001514,2025-03-05T01:00:00+07:00,2.460,237.156,3.207,821.716,41.361,30.362,35.846,66.288,41.910,29.949,35.833,68.478,41.554,27.807,35.249,66.249,0.578,0,31.107,0,0,0,30.999,0,6.985,19.279,0.241,25.699,183.620,98.091,7.081,7.088,12.444,6.787,1.141,1.694,2.324,2.989,3.603,1.109,1.633,2.337,2.980,3.623,1.173,7.190,0.729,0.452,7.110,0.726,0.443,2.246,190.318,98.006
SYN-001515,2025-03-05T02:00:00+07:00,2.464,238.026,3.213,825.225,42.542,30.979,35.968,71.075,42.171,27.925,35.954,66.633,43.624,28.715,35.025,67.419,0,0,31.152,0,0.767,0,31.734,0,6.988,24.857,0.296,30.026,186.281,97.577,6.990,9.526,12.984,9.571,1.585,1.650,2.295,2.921,3.611,1.470,1.693,2.323,2.996,3.650,1.699,7.066,1.087,0.425,7.213,1.205,0.395,1.689,185.296,99.621
SYN-001516,2025-03-05T03:00:00+07:00,2.505,241.686,3.281,842.528,42.432,28.999,35.143,66.678,43.521,31.350,36.017,68.714,43.884,29.484,36.187,68.920,0.080,0,31.937,0,0,0,32.020,0,7.076,26.125,0.301,27.937,194.607,100.675,6.982,11.137,12.088,11.056,1.929,1.637,2.306,3.006,3.606,1.802,1.655,2.394,2.937,3.627,2.055,7.236,1.384,0.509,7.213,1.459,0.368,2.014,192.180,103.392
SYN-001517,2025-03-05T04:00:00+07:00,2.573,242.737,3.241,817.445,44.862,31.081,36.118,67.269,45.082,30.621,36.274,75.079,43.434,29.945,35.709,68.675,1.080,0,31.136,0,0.513,0,30.951,0,6.934,28.465,0.254,27.925,227.761,102.211,6.980,11.242,14.644,10.984,1.934,1.713,2.293,2.905,3.580,2.049,1.666,2.296,3.005,3.700,1.819,7.156,1.413,0.460,7.268,1.426,0.472,2.893,229.544,103.474
SYN-001518,2025-03-05T05:00:00+07:00,2.498,244.240,3.247,838.127,45.799,32.534,36.105,73.947,44.451,29.925,36.000,69.204,44.854,30.406,35.602,72.902,0.259,0,31.811,0,0.942,0,31.359,0,7.060,24.191,0.241,28.541,204.846,95.251,7.067,8.356,11.620,8.597,1.449,1.595,2.304,2.942,3.492,1.304,1.631,2.266,2.943,3.559,1.595,7.128,1.056,0.479,7.135,1.074,0.460,0.690,202.461,95.598
SYN-001519,2025-03-05T06:00:00+07:00,2.522,240.783,3.238,845.080,43.866,30.062,35.348,69.835,45.130,30.242,35.971,74.657,44.120,29.844,36.360,73.362,0,0,31.499,0,0.202,0,31.923,0,7.103,27.819,0.231,32.462,206.902,99.458,6.925,10.109,14.490,10.291,1.517,1.595,2.279,2.940,3.556,1.662,1.695,2.284,3.022,3.506,1.372,7.125,1.073,0.424,7.199,1.072,0.423,2.436,213.213,95.497
SYN-001520,2025-03-05T07:00:00+07:00,2.600,233.141,3.263,849.314,45.059,31.460,36.075,72.126,45.569,30.012,35.927,70.965,44.969,32.103,36.184,72.219,0,0,32.443,0,0,0,30.975,0,7.092,25.603,0.283,31.940,205.676,99.925,7.102,10.811,14.013,10.196,1.712,1.653,2.305,2.927,3.612,1.734,1.646,2.329,3.046,3.593,1.690,7.101,1.307,0.541,7.118,1.269,0.401,3.123,209.667,100.749
SYN-001521,2025-03-05T08:00:00+07:00,2.526,240.267,3.260,833.822,43.944,30.723,36.536,68.136,45.322,31.659,35.502,73.379,0.276,0,31.072,0,0,0,31.822,0,43.989,29.702,35.718,68.727,7.008,31.104,0.266,29.245,198.573,101.201,7.021,11.760,12.566,11.503,2.119,1.548,2.300,2.974,3.585,2.310,1.625,2.234,2.917,3.549,1.928,7.188,1.497,0.507,7.143,1.510,0.424,1.367,194.715,98.712
SYN-001522,2025-03-05T09:00:00+07:00,2.537,240.437,3.228,828.655,42.837,29.874,36.196,70.064,42.841,28.061,35.937,70.525,1.064,0,32.056,0,0,0,31.379,0,44.529,30.326,35.370,69.326,7.065,26.310,0.290,29.766,207.627,101.840,7.034,9.989,12.323,10.696,1.567,1.668,2.243,2.944,3.610,1.374,1.591,2.344,2.989,3.574,1.759,7.136,1.157,0.455,7.090,1.145,0.468,1.602,210.837,101.317
SYN-001523,2025-03-05T10:00:00+07:00,2.595,234.984,3.243,823.462,43.323,29.249,36.054,64.111,42.807,29.857,36.570,67.859,0.616,0,31.159,0,1.381,0,31.443,0,42.335,30.245,36.237,69.604,7.202,25.815,0.303,27.454,209.045,93.285,7.216,9.489,11.820,10.074,1.598,1.638,2.271,2.971,3.577,1.429,1.651,2.305,2.911,3.651,1.767,7.136,1.177,0.483,7.202,1.122,0.533,2.596,210.796,89.482
SYN-001524,2025-03-05T11:00:00+07:00,2.565,231.748,3.281,803.522,42.342,30.542,34.890,68.607,43.848,30.441,36.710,71.871,0,0,31.049,0,0.847,0,30.746,0,43.085,29.491,35.733,72.239,6.966,24.744,0.312,30.330,193.830,102.681,6.911,7.684,13.392,7.546,1.137,1.600,2.327,2.920,3.654,1.100,1.587,2.226,2.919,3.548,1.175,7.110,0.779,0.474,7.155,0.772,0.436,2.424,186.672,102.358
SYN-001525,2025-03-05T12:00:00+07:00,2.636,233.895,3.238,828.666,40.516,29.388,35.373,62.894,41.295,30.624,35.162,68.324,0.629,0,31.739,0,0,0,31.772,0,41.413,29.511,35.143,65.210,7.160,23.170,0.222,26.224,198.721,99.686,7.214,8.443,11.061,8.304,1.440,1.696,2.244,3.022,3.641,1.390,1.646,2.276,2.969,3.622,1.490,7.187,1.170,0.514,7.215,1.178,0.408,1.211,197.570,101.299
SYN-001526,2025-03-05T13:00:00+07:00,2.602,231.957,3.258,813.610,39.988,27.290,35.465,65.480,39.109,25.932,35.659,61.794,0.022,0,31.933,0,0.018,0,30.964,0,39.969,29.381,35.992,64.778,7.111,24.621,0.271,27.906,204.609,95.603,7.139,9.023,12.293,9.125,1.433,1.742,2.280,2.973,3.555,1.397,1.618,2.336,2.998,3.643,1.469,7.188,0.893,0.521,7.206,0.904,0.451,1.337,207.939,96.506
SYN-001527,2025-03-05T14:00:00+07:00,2.588,228.555,3.261,794.312,39.047,28.286,34.923,61.337,37.711,27.177,34.909,62.136,0.797,0,31.730,0,0.210,0,30.786,0,38.096,28.123,35.797,59.711,7.006,22.702,0.244,30.361,201.990,96.507,6.864,8.721,13.013,8.742,1.521,1.608,2.260,2.948,3.673,1.537,1.685,2.292,2.998,3.576,1.504,7.167,1.051,0.454,7.175,1.072,0.495,2.314,209.212,96.010
SYN-001528,2025-03-05T15:00:00+07:00,2.638,240.054,3.270,796.069,37.487,25.351,35.103,62.361,37.831,26.601,35.376,58.375,0,0,31.406,0,0.607,0,31.238,0,37.965,26.757,35.141,61.219,6.850,26.029,0.180,31.723,238.811,94.089,6.834,9.272,14.447,9.014,1.629,1.626,2.369,2.947,3.513,1.444,1.651,2.254,2.935,3.578,1.813,7.117,1.131,0.505,7.236,1.149,0.459,3.355,227.079,94.871
SYN-001529,2025-03-05T16:00:00+07:00,2.649,236.389,3.212,778.461,37.613,26.541,35.296,63.320,0.178,0,31.521,0,0.105,0,31.414,0,36.458,26.867,35.759,58.592,36.359,25.605,36.211,57.997,7.072,26.829,0.291,27.242,214.924,96.878,7.050,10.132,11.124,10.818,1.716,1.678,2.261,2.930,3.547,1.724,1.623,2.288,2.927,3.645,1.709,7.166,1.138,0.474,7.101,1.167,0.457,2.310,212.252,97.359
SYN-001530,2025-03-05T17:00:00+07:00,2.716,245.048,3.325,774.278,38.124,26.130,34.852,58.595,0,0,31.978,0,1.134,0,32.150,0,36.154,24.236,34.839,60.679,37.403,26.984,34.778,60.461,7.080,25.134,0.256,25.596,212.777,97.344,7.110,8.743,11.483,8.911,1.437,1.663,2.340,2.976,3.598,1.474,1.651,2.227,2.923,3.487,1.401,7.132,1.018,0.452,7.116,0.994,0.504,2.409,211.511,96.105
SYN-001531,2025-03-05T18:00:00+07:00,2.682,231.717,3.301,781.089,37.661,26.088,34.720,58.290,0,0,30.908,0,0.205,0,31.574,0,36.292,27.843,34.855,59.786,37.402,27.749,34.786,58.626,6.836,24.134,0.300,26.227,183.958,94.666,6.838,8.626,12.303,8.756,1.269,1.659,2.217,3.047,3.611,1.203,1.685,2.299,2.960,3.554,1.335,7.137,0.924,0.480,7.242,0.905,0.466,2.555,190.872,94.471
SYN-001532,2025-03-05T19:00:00+07:00,2.672,241.321,3.277,794.169,38.338,27.612,35.879,62.098,0.137,0,32.511,0,1.117,0,31.613,0,37.483,27.672,35.104,58.583,37.336,25.922,34.681,60.373,6.900,29.794,0.292,30.304,214.727,106.500,6.865,10.633,12.804,9.957,1.828,1.686,2.253,2.936,3.593,1.848,1.751,2.304,2.948,3.608,1.808,7.193,1.334,0.466,7.205,1.379,0.490,1.954,214.783,106.412
SYN-001533,2025-03-05T20:00:00+07:00,2.701,247.275,3.296,809.877,37.910,26.559,34.979,60.857,0,0,30.787,0,0.821,0,31.248,0,38.374,25.837,35.490,63.080,38.628,27.712,35.224,61.346,7.007,30.736,0.290,30.393,208.295,92.836,7.011,10.508,11.716,11.365,1.931,1.579,2.296,2.935,3.637,1.916,1.643,2.299,3.013,3.618,1.946,7.135,1.328,0.549,7.174,1.324,0.408,1.592,203.138,93.788
SYN-001534,2025-03-05T21:00:00+07:00,2.647,231.923,3.280,799.327,38.138,27.022,35.744,64.781,0,0,31.329,0,0,0,31.730,0,38.222,27.463,35.318,63.069,37.468,26.978,34.733,57.981,7.103,31.795,0.305,29.086,218.418,94.590,7.204,10.914,13.143,10.443,1.666,1.637,2.338,2.931,3.604,1.680,1.668,2.256,2.960,3.536,1.652,7.238,1.157,0.431,7.054,1.193,0.504,2.644,227.311,97.866
SYN-001535,2025-03-05T22:00:00+07:00,2.754,238.946,3.320,790.297,40.351,29.216,35.259,61.239,0.030,0,31.137,0,1.103,0,31.131,0,38.819,28.326,34.794,62.810,38.810,27.517,34.988,61.579,7.190,29.604,0.254,32.966,174.479,101.981,7.116,10.633,14.245,9.764,1.829,1.648,2.321,2.935,3.577,1.882,1.662,2.357,2.873,3.591,1.775,7.183,1.257,0.458,7.110,1.271,0.474,1.888,184.194,101.140
SYN-001536,2025-03-05T23:00:00+07:00,2.715,239.993,3.307,833.409,39.743,27.745,35.560,62.340,0,0,31.556,0,1.319,0,31.258,0,40.317,28.911,35.319,69.629,40.902,27.458,35.513,66.370,7.047,22.930,0.281,30.642,205.057,94.823,7.075,6.995,12.195,7.184,1.081,1.710,2.285,2.923,3.663,1.018,1.659,2.251,2.990,3.556,1.143,7.165,0.842,0.488,7.107,0.782,0.457,1.287,198.966,94.643
SYN-001537,2025-03-06T00:00:00+07:00,2.705,232.346,3.296,826.217,0,0,31.818,0,0.756,0,30.986,0,41.511,28.971,35.977,64.777,40.464,28.289,35.503,64.218,41.173,28.563,35.211,66.905,7.093,28.819,0.290,32.870,162.986,96.091,7.076,8.550,11.676,8.168,1.297,1.655,2.170,2.926,3.605,1.268,1.709,2.276,3.008,3.572,1.326,7.174,0.888,0.434,7.130,0.830,0.479,1.760,162.776,95.523
SYN-001538,2025-03-06T01:00:00+07:00,2.705,243.940,3.315,835.585,0,0,30.716,0,0,0,31.211,0,42.714,30.736,36.075,64.486,41.226,27.829,35.992,62.022,41.236,29.029,36.398,65.315,7.097,25.944,0.276,27.443,192.803,95.096,7.211,10.034,11.276,10.469,1.655,1.670,2.275,2.861,3.650,1.559,1.639,2.363,2.924,3.616,1.750,7.123,1.150,0.492,7.176,1.168,0.476,1.169,189.189,95.275
SYN-001539,2025-03-06T02:00:00+07:00,2.778,241.624,3.339,815.380,0.997,0,31.172,0,0,0,31.625,0,43.151,30.624,36.335,65.762,42.686,28.982,35.086,68.880,42.041,30.672,35.545,67.119,7.118,27.734,0.274,26.139,216.746,102.935,7.058,11.353,11.683,10.892,1.725,1.686,2.284,2.947,3.665,1.706,1.573,2.346,2.917,3.583,1.743,7.164,1.311,0.460,7.203,1.369,0.464,1.200,217.698,106.986
SYN-001540,2025-03-06T03:00:00+07:00,2.703,245.535,3.277,845.193,0,0,31.455,0,0.042,0,30.966,0,43.020,29.902,35.602,70.760,44.001,28.650,35.872,70.842,43.084,30.565,36.430,73.985,7.148,33.674,0.267,31.907,211.546,93.771,7.155,10.270,13.088,10.716,1.791,1.631,2.350,2.923,3.575,1.824,1.674,2.351,2.942,3.627,1.759,7.198,1.392,0.511,7.140,1.424,0.417,1.120,208.449,91.633
SYN-001541,2025-03-06T04:00:00+07:00,2.708,243.872,3.293,850.508,1.029,0,31.162,0,0.069,0,31.337,0,45.195,32.204,36.646,73.661,44.907,31.727,35.705,74.284,42.957,31.227,35.989,67.676,7.108,27.839,0.322,30.710,210.102,109.228,7.051,11.148,13.403,11.586,1.978,1.747,2.272,2.946,3.572,2.021,1.632,2.310,2.953,3.626,1.935,7.193,1.499,0.477,7.148,1.539,0.475,1.863,216.146,107.993
SYN-001542,2025-03-06T05:00:00+07:00,2.790,249.288,3.328,838.952,0.977,0,32.029,0,0.359,0,31.182,0,45.636,31.775,35.549,73.766,44.727,32.064,35.778,71.762,45.431,30.139,35.776,72.301,7.038,31.225,0.254,31.187,204.636,101.831,7.074,11.592,16.498,11.062,1.995,1.670,2.257,2.965,3.580,1.853,1.645,2.286,2.961,3.566,2.137,7.216,1.427,0.423,7.316,1.437,0.474,2.774,202.893,104.724
SYN-001543,2025-03-06T06:00:00+07:00,2.748,236.975,3.325,843.640,0.215,0,32.031,0,0,0,30.974,0,44.347,31.798,36.047,70.113,43.315,29.429,36.450,67.137,45.707,30.057,36.079,71.244,7.108,31.800,0.264,31.874,183.730,93.735,7.054,10.716,14.030,10.448,1.784,1.642,2.223,2.990,3.611,1.647,1.715,2.320,2.892,3.535,1.921,7.140,1.221,0.501,7.170,1.147,0.471,2.032,178.553,97.198
SYN-001544,2025-03-06T07:00:00+07:00,2.827,245.699,3.323,847.214,0,0,31.041,0,0.561,0,31.574,0,44.808,30.166,35.831,72.612,44.384,30.956,35.874,69.040,44.602,30.314,36.230,74.411,7.037,25.470,0.253,32.415,195.329,95.918,7.138,10.073,15.432,10.125,1.650,1.621,2.296,2.965,3.644,1.459,1.635,2.360,2.892,3.509,1.840,7.107,1.136,0.494,7.253,1.169,0.505,1.872,198.077,98.818
SYN-001545,2025-03-06T08:00:00+07:00,2.798,240.336,3.294,826.943,0.532,0,31.561,0,45.049,30.722,36.277,72.866,44.209,30.381,35.772,70.878,45.098,31.178,35.691,70.747,0,0,32.016,0,6.892,33.530,0.257,30.648,189.582,105.142,6.948,10.106,12.682,10.078,1.733,1.586,2.375,2.975,3.624,1.533,1.675,2.246,2.926,3.614,1.934,7.131,1.266,0.508,7.071,1.210,0.441,1.907,182.855,101.200
SYN-001546,2025-03-06T09:00:00+07:00,2.722,248.126,3.314,830.497,0,0,31.898,0,43.615,30.893,35.122,71.670,43.084,30.080,35.643,68.931,44.204,30.397,36.421,69.621,0,0,31.525,0,6.950,32.135,0.320,31.789,207.025,97.236,6.956,12.782,13.923,12.943,2.043,1.602,2.206,2.829,3.622,1.958,1.776,2.262,2.928,3.586,2.128,7.099,1.485,0.488,7.184,1.479,0.466,1.442,208.114,91.778
SYN-001547,2025-03-06T10:00:00+07:00,2.805,241.150,3.378,823.632,0,0,30.988,0,43.013,29.536,35.531,67.543,41.349,29.098,35.909,65.602,43.186,30.747,35.803,70.386,0.049,0,31.900,0,7.143,31.017,0.250,35.738,193.344,99.753,7.055,11.873,15.251,11.708,2.161,1.645,2.317,2.986,3.600,2.049,1.648,2.276,2.915,3.627,2.274,7.161,1.420,0.459,7.122,1.384,0.451,2.025,193.976,99.014
SYN-001548,2025-03-06T11:00:00+07:00,2.778,240.533,3.323,848.345,0,0,31.987,0,41.646,28.033,35.523,64.703,42.862,29.589,35.983,66.870,41.708,27.387,35.773,65.778,0,0,31.298,0,7.058,27.751,0.290,28.642,201.696,101.673,7.116,9.939,11.739,9.965,1.589,1.653,2.259,2.870,3.534,1.674,1.632,2.271,2.966,3.652,1.503,7.171,1.104,0.471,7.005,1.036,0.458,2.242,204.860,101.711
SYN-001549,2025-03-06T12:00:00+07:00,2.789,246.333,3.317,810.132,0,0,31.554,0,40.784,28.620,35.290,65.135,40.449,29.439,36.119,63.805,41.398,29.799,36.117,66.238,0.909,0,31.495,0,7.053,31.665,0.236,29.308,188.774,94.908,6.989,11.162,11.413,11.387,1.801,1.671,2.294,2.888,3.643,1.715,1.689,2.369,2.959,3.590,1.887,7.127,1.254,0.444,7.204,1.278,0.381,2.426,191.024,97.421
SYN-001550,2025-03-06T13:00:00+07:00,2.773,245.960,3.351,779.452,0.377,0,31.511,0,39.745,27.998,35.101,62.769,39.251,28.391,35.749,62.514,39.188,27.360,35.554,62.321,0,0,31.594,0,6.954,28.291,0.253,31.113,201.946,96.323,6.900,10.287,12.668,10.284,1.823,1.592,2.237,2.921,3.515,1.736,1.586,2.274,2.941,3.613,1.910,7.164,1.213,0.478,7.123,1.189,0.462,1.548,206.934,95.592
SYN-001551,2025-03-06T14:00:00+07:00,2.844,251.059,3.326,805.756,0,0,31.664,0,39.201,28.444,34.219,63.644,39.068,27.728,34.992,59.909,39.925,29.771,36.247,64.695,0,0,31.616,0,7.008,27.818,0.312,31.276,213.471,98.810,6.993,8.547,14.182,8.674,1.343,1.657,2.260,2.957,3.604,1.426,1.667,2.279,2.909,3.626,1.261,7.202,0.915,0.435,7.230,0.920,0.403,1.840,209.780,100.005
SYN-001552,2025-03-06T15:00:00+07:00,2.816,251.467,3.316,775.850,0.268,0,31.777,0,36.701,27.471,35.229,60.048,39.581,27.882,35.682,60.782,37.758,28.529,35.735,59.411,0.043,0,31.605,0,7.006,27.780,0.320,30.126,219.483,92.441,6.881,11.151,14.412,10.736,1.948,1.714,2.326,2.897,3.666,1.949,1.643,2.228,3.020,3.522,1.947,7.130,1.361,0.475,7.162,1.344,0.449,2.088,227.230,94.632
SYN-001553,2025-03-06T16:00:00+07:00,2.756,245.587,3.297,780.069,37.484,26.793,35.152,59.149,38.020,26.545,34.823,59.781,38.037,27.606,36.357,60.642,0.496,0,31.617,0,0.176,0,31.076,0,7.006,29.094,0.292,29.350,206.574,98.552,7.082,10.652,10.697,10.898,1.778,1.578,2.366,2.958,3.544,1.783,1.722,2.322,2.928,3.589,1.773,7.122,1.267,0.393,7.195,1.192,0.482,1.321,212.779,95.765
SYN-001554,2025-03-06T17:00:00+07:00,2.801,248.880,3.299,766.449,36.946,25.597,35.376,57.862,37.058,25.455,35.418,61.712,37.400,25.923,35.263,58.842,0.310,0,30.433,0,0.664,0,31.741,0,7.105,30.384,0.288,32.405,214.720,97.436,7.054,8.753,14.842,8.390,1.442,1.646,2.309,2.909,3.574,1.446,1.627,2.300,2.890,3.472,1.439,7.163,1.007,0.456,7.078,1.013,0.471,2.024,215.271,93.267
SYN-001555,2025-03-06T18:00:00+07:00,2.798,251.819,3.316,768.076,36.548,25.605,36.019,58.375,36.738,27.263,35.188,57.389,36.875,26.447,35.706,61.590,0.123,0,31.528,0,0,0,31.463,0,6.968,27.567,0.254,26.700,192.079,92.418,7.001,10.178,10.883,10.098,1.604,1.619,2.385,2.913,3.598,1.365,1.628,2.326,2.929,3.626,1.844,7.107,1.187,0.497,7.221,1.178,0.542,2.060,198.523,95.731
SYN-001556,2025-03-06T19:00:00+07:00,2.760,253.275,3.359,761.947,37.396,24.779,34.809,62.702,37.036,24.912,35.842,55.142,36.525,24.343,35.272,56.789,0,0,32.150,0,0.946,0,31.307,0,6.999,26.609,0.330,30.597,199.453,104.709,7.081,9.680,15.463,10.517,1.572,1.631,2.334,2.957,3.553,1.425,1.626,2.279,2.978,3.624,1.719,7.103,1.116,0.463,7.218,1.137,0.438,2.382,203.231,107.574
SYN-001557,2025-03-06T20:00:00+07:00,2.744,257.443,3.370,779.081,37.743,26.072,34.757,61.465,37.579,25.799,34.643,58.022,37.119,28.030,34.741,57.815,0.345,0,31.974,0,0,0,32.221,0,6.941,29.439,0.295,34.144,214.829,104.281,6.891,10.859,14.498,11.080,2.001,1.600,2.354,3.034,3.522,1.751,1.688,2.328,2.920,3.556,2.251,7.173,1.541,0.422,7.155,1.539,0.449,2.404,217.261,105.054
SYN-001558,2025-03-06T21:00:00+07:00,2.805,252.121,3.332,772.357,38.722,28.259,34.653,60.481,38.179,27.000,34.745,60.113,38.171,27.460,35.201,60.027,0,0,31.294,0,0,0,32.151,0,7.034,32.756,0.286,33.331,222.856,97.937,6.999,10.803,15.782,11.065,1.933,1.649,2.295,2.944,3.611,2.127,1.690,2.392,2.924,3.538,1.740,7.060,1.430,0.497,7.106,1.430,0.451,2.591,220.499,95.838
SYN-001559,2025-03-06T22:00:00+07:00,2.843,245.978,3.337,813.623,39.762,29.555,34.984,58.452,39.919,27.878,35.083,61.745,38.185,27.593,35.329,61.272,0.798,0,31.323,0,0.174,0,31.234,0,7.091,33.669,0.231,36.572,180.713,100.746,7.095,12.243,15.379,12.237,2.154,1.615,2.316,2.916,3.645,1.956,1.668,2.344,2.971,3.593,2.352,7.146,1.463,0.456,7.115,1.478,0.446,2.759,182.137,101.530
SYN-001560,2025-03-06T23:00:00+07:00,2.789,261.580,3.334,815.624,39.887,27.442,36.277,64.547,39.523,28.173,35.496,66.298,39.680,26.197,35.765,64.379,0.827,0,31.144,0,0,0,31.289,0,7.044,30.023,0.313,29.039,203.642,97.753,6.997,11.126,11.991,10.969,1.965,1.577,2.295,2.903,3.574,2.017,1.710,2.251,3.006,3.646,1.914,7.175,1.338,0.422,7.149,1.357,0.490,1.387,203.483,97.236
SYN-001561,2025-03-07T00:00:00+07:00,2.807,242.187,3.318,814.538,41.060,28.112,35.306,65.355,41.959,30.084,35.696,71.117,0.798,0,31.501,0,0,0,31.694,0,40.319,26.764,35.007,64.925,7.068,32.438,0.262,33.130,206.345,104.829,7.021,11.254,15.670,10.676,1.761,1.712,2.207,2.903,3.619,1.744,1.681,2.349,2.995,3.639,1.777,7.237,1.293,0.464,7.138,1.352,0.488,2.906,204.733,100.131
SYN-001562,2025-03-07T01:00:00+07:00,2.756,246.241,3.317,788.449,41.902,28.427,36.061,62.711,42.275,29.010,35.716,69.115,0,0,30.697,0,0,0,31.136,0,40.354,28.514,35.801,65.388,7.005,27.729,0.282,32.692,195.838,104.212,6.961,7.682,13.086,8.227,1.377,1.672,2.334,2.991,3.554,1.445,1.690,2.237,2.912,3.656,1.310,7.132,0.914,0.459,7.065,0.903,0.427,1.734,199.369,104.473
SYN-001563,2025-03-07T02:00:00+07:00,2.752,256.389,3.359,833.007,41.474,30.019,36.368,67.092,43.140,28.109,35.997,68.874,1.067,0,31.729,0,0.642,0,31.125,0,42.978,30.093,35.818,72.084,7.044,32.925,0.215,31.028,205.478,91.657,7.064,12.449,13.642,12.896,2.202,1.727,2.228,2.881,3.642,2.353,1.661,2.294,2.975,3.592,2.051,7.166,1.555,0.544,7.140,1.541,0.461,3.098,208.782,89.854
SYN-001564,2025-03-07T03:00:00+07:00,2.735,249.460,3.326,852.094,42.756,29.525,35.194,68.315,44.831,31.659,36.318,71.803,0,0,32.004,0,0.471,0,31.731,0,45.080,32.047,36.292,70.283,7.091,36.321,0.303,31.768,194.066,94.838,6.989,13.716,13.703,14.086,2.368,1.573,2.311,2.985,3.642,2.529,1.598,2.328,2.921,3.654,2.208,7.192,1.762,0.502,7.097,1.722,0.484,2.201,188.465,100.116
SYN-001565,2025-03-07T04:00:00+07:00,2.811,256.614,3.293,861.049,42.549,28.917,35.918,68.252,44.820,31.602,36.392,73.189,0,0,30.926,0,0,0,31.565,0,43.575,30.194,35.372,71.854,6.973,33.323,0.292,30.767,177.343,86.363,6.974,11.208,11.288,11.359,1.794,1.736,2.298,2.937,3.567,1.729,1.610,2.279,2.887,3.639,1.859,7.233,1.271,0.483,7.163,1.318,0.498,2.060,184.720,87.335
SYN-001566,2025-03-07T05:00:00+07:00,2.741,250.141,3.306,847.163,43.515,29.022,35.609,70.527,44.494,29.760,36.637,71.278,1.012,0,31.544,0,1.199,0,30.929,0,44.388,30.274,35.808,70.804,7.107,33.517,0.292,30.994,213.202,95.897,7.149,10.825,13.857,11.256,1.648,1.595,2.303,2.997,3.568,1.521,1.625,2.347,2.884,3.577,1.775,7.206,1.186,0.464,7.081,1.100,0.518,2.358,217.657,97.344
SYN-001567,2025-03-07T06:00:00+07:00,2.814,252.087,3.303,833.005,44.441,31.657,36.136,73.029,45.060,30.009,35.929,73.695,0.215,0,30.809,0,0.145,0,31.572,0,46.025,32.371,36.520,72.717,6.814,30.315,0.298,29.545,199.794,103.529,6.760,10.198,12.599,10.386,1.386,1.620,2.233,2.917,3.626,1.411,1.661,2.316,2.978,3.563,1.362,7.184,1.114,0.438,7.169,1.103,0.445,2.881,204.186,102.479
SYN-001568,2025-03-07T07:00:00+07:00,2.683,250.625,3.310,854.551,44.895,32.423,35.743,73.767,45.513,30.527,35.351,70.041,0,0,31.157,0,0,0,31.347,0,43.991,31.644,35.537,72.076,7.049,27.828,0.294,32.006,207.251,98.068,7.013,8.379,13.955,8.484,1.304,1.631,2.308,2.908,3.474,1.243,1.630,2.347,2.925,3.573,1.365,7.126,0.907,0.425,7.100,0.898,0.433,2.401,220.531,101.564
SYN-001569,2025-03-07T08:00:00+07:00,2.757,243.892,3.310,836.458,43.987,31.268,36.142,70.095,0,0,32.028,0,0.124,0,31.619,0,43.965,28.281,36.676,71.097,45.036,29.404,35.966,69.869,7.094,34.404,0.306,34.595,192.387,98.218,7.005,12.522,14.842,12.152,2.009,1.690,2.276,2.922,3.504,2.102,1.632,2.305,2.893,3.554,1.916,7.191,1.356,0.483,7.171,1.427,0.468,3.380,185.557,98.232
SYN-001570,2025-03-07T09:00:00+07:00,2.744,257.964,3.332,806.573,42.865,30.330,34.970,67.749,0,0,31.154,0,0.981,0,31.225,0,43.864,29.658,36.845,68.478,43.858,30.179,35.792,68.352,6.941,28.253,0.271,30.505,182.152,97.474,7.037,10.215,12.782,9.284,1.510,1.599,2.222,2.982,3.617,1.591,1.666,2.400,2.912,3.605,1.430,7.117,1.111,0.533,7.133,1.121,0.506,1.504,184.646,98.655
SYN-001571,2025-03-07T10:00:00+07:00,2.674,258.526,3.310,831.512,42.677,31.190,36.426,65.656,0,0,31.409,0,0,0,31.819,0,42.821,30.521,36.156,71.105,43.401,31.086,35.899,71.681,7.176,32.215,0.301,33.337,211.758,91.583,7.220,11.750,14.969,10.666,1.932,1.614,2.262,2.855,3.584,1.672,1.621,2.338,2.960,3.535,2.192,7.170,1.390,0.506,7.091,1.431,0.478,2.721,209.524,91.207
SYN-001572,2025-03-07T11:00:00+07:00,2.725,255.401,3.300,806.644,41.702,29.502,35.668,65.722,0,0,31.283,0,0,0,31.380,0,42.881,29.262,35.613,68.993,41.534,29.329,34.757,64.268,7.137,29.950,0.290,34.388,208.917,94.588,7.092,10.960,14.519,11.149,2.046,1.652,2.358,3.023,3.678,2.009,1.680,2.276,2.870,3.513,2.083,7.170,1.466,0.506,7.223,1.428,0.480,2.191,216.647,96.140
SYN-001573,2025-03-07T12:00:00+07:00,2.679,259.488,3.273,803.823,40.099,27.728,35.623,62.796,0,0,30.915,0,0,0,30.682,0,41.112,28.152,35.544,69.020,41.578,29.381,36.030,66.768,6.910,31.729,0.257,29.253,194.962,100.777,6.945,11.537,13.751,12.518,1.974,1.649,2.348,2.960,3.614,1.911,1.714,2.255,2.962,3.577,2.037,7.181,1.344,0.493,7.234,1.328,0.460,2.723,199.849,99.499
SYN-001574,2025-03-07T13:00:00+07:00,2.646,251.198,3.284,819.938,39.959,27.613,35.848,63.061,0.337,0,31.100,0,0,0,31.001,0,39.764,28.247,34.936,65.923,40.774,29.866,35.306,64.425,7.135,24.714,0.269,28.010,202.305,100.076,7.032,8.795,13.229,8.118,1.464,1.663,2.323,2.901,3.643,1.475,1.661,2.302,2.964,3.730,1.454,7.101,1.133,0.440,7.126,1.104,0.456,2.070,200.169,100.460
SYN-001575,2025-03-07T14:00:00+07:00,2.688,258.126,3.257,802.134,39.128,26.935,35.586,64.325,0,0,31.001,0,0,0,31.443,0,39.131,27.871,36.091,62.768,39.526,28.239,35.140,64.594,7.122,31.141,0.302,31.187,180.224,99.586,7.240,9.419,12.969,9.780,1.480,1.668,2.286,2.919,3.578,1.716,1.714,2.304,2.950,3.587,1.245,7.087,1.083,0.444,7.255,1.135,0.369,2.497,176.003,98.113
SYN-001576,2025-03-07T15:00:00+07:00,2.772,249.785,3.320,761.136,37.007,24.588,35.093,60.660,0.304,0,31.120,0,0,0,31.584,0,37.812,27.265,34.688,60.956,38.822,26.408,35.640,60.181,7.085,32.316,0.260,32.304,190.931,101.814,7.086,10.687,14.359,10.549,1.648,1.657,2.283,2.943,3.561,1.754,1.751,2.245,2.856,3.542,1.543,7.231,1.312,0.471,7.052,1.326,0.466,2.933,198.099,96.752
SYN-001577,2025-03-07T16:00:00+07:00,2.686,263.477,3.256,805.551,0.290,0,32.004,0,0,0,32.253,0,37.384,26.225,35.287,58.069,36.250,26.093,34.614,58.079,37.008,26.680,35.460,58.389,7.100,29.217,0.269,28.313,214.998,91.126,7.131,12.557,13.420,12.290,2.251,1.625,2.285,2.922,3.641,2.193,1.705,2.275,2.938,3.579,2.309,7.196,1.615,0.513,7.114,1.624,0.426,1.637,209.404,90.918
SYN-001578,2025-03-07T17:00:00+07:00,2.697,262.871,3.289,779.087,0,0,31.747,0,0,0,31.885,0,36.030,26.716,35.634,55.739,37.333,27.362,35.142,60.431,36.861,26.534,35.071,56.483,7.016,30.638,0.259,32.797,205.259,102.006,6.991,10.643,14.588,11.056,1.698,1.626,2.213,2.952,3.582,1.494,1.650,2.327,2.952,3.620,1.903,7.161,1.302,0.477,7.198,1.333,0.477,2.329,203.002,102.049
SYN-001579,2025-03-07T18:00:00+07:00,2.679,258.612,3.256,776.465,0,0,31.347,0,0,0,31.304,0,38.007,27.712,35.557,59.062,36.919,26.099,34.379,59.326,37.372,26.154,34.873,59.766,6.931,34.134,0.282,30.490,193.924,96.143,6.915,14.134,14.041,14.284,2.176,1.646,2.313,2.928,3.581,2.055,1.726,2.278,2.931,3.572,2.297,7.149,1.631,0.439,7.034,1.602,0.514,2.177,197.615,97.154
SYN-001580,2025-03-07T19:00:00+07:00,2.712,263.394,3.286,760.614,0.381,0,32.033,0,0,0,31.271,0,37.095,29.172,35.629,57.063,36.815,25.026,35.409,57.368,37.083,25.670,35.308,58.266,7.016,31.233,0.237,30.263,208.849,100.810,7.133,11.713,14.123,12.232,1.880,1.665,2.369,3.020,3.537,1.765,1.601,2.280,2.915,3.621,1.995,7.259,1.336,0.469,7.207,1.377,0.529,1.778,204.418,102.161
SYN-001581,2025-03-07T20:00:00+07:00,2.574,258.443,3.268,804.982,0,0,31.624,0,0.000,0,31.982,0,38.088,25.420,35.365,58.406,37.980,26.258,35.967,59.185,38.239,27.282,34.538,60.887,7.187,30.625,0.249,28.914,177.507,100.029,7.167,11.042,11.820,11.173,1.707,1.625,2.329,2.914,3.633,1.671,1.643,2.258,2.896,3.646,1.743,7.168,1.244,0.503,7.169,1.291,0.452,1.867,172.469,100.462
SYN-001582,2025-03-07T21:00:00+07:00,2.624,257.192,3.267,795.854,0.671,0,31.947,0,0.622,0,30.800,0,40.152,26.322,35.698,65.535,36.913,26.688,34.736,59.528,36.994,25.311,35.197,57.769,7.001,30.037,0.253,29.370,189.902,99.335,6.956,10.515,12.495,10.231,1.938,1.658,2.345,2.987,3.569,1.846,1.722,2.266,2.883,3.597,2.031,7.184,1.247,0.415,7.182,1.257,0.474,1.718,185.367,99.171
SYN-001583,2025-03-07T22:00:00+07:00,2.591,271.712,3.291,809.536,0,0,30.984,0,1.275,0,30.764,0,38.656,27.729,34.878,60.700,38.435,27.876,35.060,63.114,38.988,28.652,35.437,65.162,7.057,34.443,0.269,32.621,199.530,99.265,6.968,13.169,15.302,12.888,2.243,1.622,2.185,2.896,3.581,2.339,1.674,2.379,2.967,3.629,2.146,7.242,1.653,0.438,7.181,1.655,0.480,2.934,202.559,102.284
SYN-001584,2025-03-07T23:00:00+07:00,2.619,260.492,3.233,807.996,0.115,0,31.472,0,0.264,0,31.305,0,40.990,28.353,35.568,66.594,40.781,27.691,35.695,67.460,40.572,29.567,36.660,64.251,7.185,32.881,0.326,32.524,194.262,90.773,7.233,10.583,15.245,10.963,1.638,1.629,2.313,2.971,3.613,1.498,1.742,2.370,2.909,3.579,1.778,7.195,1.053,0.422,7.086,1.056,0.432,2.879,195.503,86.372
SYN-001585,2025-03-08T00:00:00+07:00,2.631,265.580,3.224,816.366,1.460,0,31.790,0,41.430,27.782,36.052,61.316,39.745,29.723,34.882,61.751,41.907,29.180,36.149,65.076,0,0,30.534,0,7.056,29.914,0.270,30.572,200.719,97.988,6.971,11.782,13.305,12.040,1.886,1.636,2.331,2.901,3.560,1.641,1.590,2.291,2.922,3.594,2.131,7.105,1.352,0.518,7.054,1.431,0.530,1.670,193.802,97.420
SYN-001586,2025-03-08T01:00:00+07:00,2.620,252.952,3.238,818.648,0,0,30.745,0,42.085,28.582,36.498,66.591,42.066,30.168,35.830,66.243,41.864,29.293,35.625,68.402,0.407,0,31.115,0,6.907,32.713,0.276,30.894,194.205,94.916,6.968,10.475,12.170,10.782,1.609,1.668,2.320,2.911,3.609,1.343,1.649,2.326,2.942,3.591,1.874,7.128,1.127,0.437,7.158,1.113,0.435,2.453,189.336,95.459
SYN-001587,2025-03-08T02:00:00+07:00,2.574,274.180,3.244,835.368,0,0,31.357,0,42.944,30.742,35.819,73.223,43.051,29.575,35.730,67.230,43.850,29.779,35.946,71.068,0.431,0,31.586,0,6.977,28.523,0.279,30.038,203.557,91.206,7.050,9.761,12.465,10.738,1.650,1.712,2.279,2.955,3.586,1.569,1.571,2.341,2.893,3.544,1.731,7.147,1.178,0.469,7.142,1.142,0.439,1.729,204.186,91.347
SYN-001588,2025-03-08T03:00:00+07:00,2.547,266.506,3.248,823.527,0,0,31.897,0,45.050,31.491,35.821,72.004,43.460,31.440,36.488,70.359,43.145,28.996,35.963,69.417,0,0,31.628,0,6.960,27.140,0.286,28.180,204.548,101.740,7.024,10.451,11.417,10.644,1.788,1.690,2.242,3.057,3.571,1.520,1.631,2.304,2.912,3.604,2.055,7.171,1.163,0.512,7.116,1.184,0.424,1.209,201.641,101.261
SYN-001589,2025-03-08T04:00:00+07:00,2.530,267.547,3.200,865.781,0,0,31.377,0,45.067,30.493,34.928,73.394,43.448,30.188,35.909,71.484,45.527,28.875,36.714,76.332,0,0,30.854,0,7.140,29.944,0.272,29.679,196.301,95.423,7.078,10.920,13.548,10.255,1.852,1.625,2.307,2.964,3.605,1.654,1.710,2.300,3.027,3.601,2.049,7.193,1.327,0.505,7.077,1.300,0.461,2.228,193.500,94.294
SYN-001590,2025-03-08T05:00:00+07:00,2.585,276.079,3.258,842.377,0,0,31.372,0,44.723,31.321,36.252,73.200,44.885,32.343,36.276,75.873,45.745,33.273,36.244,73.589,0.572,0,31.450,0,7.040,33.325,0.262,31.943,210.937,98.886,6.967,11.267,13.149,11.508,2.092,1.641,2.291,2.949,3.637,2.084,1.598,2.336,2.922,3.547,2.100,7.138,1.455,0.475,7.186,1.442,0.462,1.476,199.296,98.171
SYN-001591,2025-03-08T06:00:00+07:00,2.543,264.314,3.270,835.774,0.426,0,31.343,0,43.497,30.612,36.062,69.439,45.584,31.345,36.857,71.608,45.306,30.945,36.684,70.318,0.463,0,31.407,0,7.086,24.767,0.303,25.920,206.552,87.583,7.104,10.538,10.467,10.035,1.633,1.686,2.315,3.001,3.673,1.560,1.659,2.297,3.028,3.632,1.705,7.122,1.149,0.461,7.197,1.224,0.462,1.700,209.672,88.251
SYN-001592,2025-03-08T07:00:00+07:00,2.485,266.930,3.251,851.287,0.563,0,31.265,0,44.900,30.412,35.836,70.715,44.722,33.032,36.506,72.948,44.843,30.086,36.199,72.670,0,0,31.474,0,7.047,23.560,0.255,29.048,185.748,102.064,6.895,8.616,12.150,10.131,1.277,1.650,2.278,2.937,3.595,1.319,1.739,2.353,2.985,3.577,1.234,7.104,0.931,0.479,7.118,0.912,0.520,1.900,182.240,104.332
SYN-001593,2025-03-08T08:00:00+07:00,2.489,267.243,3.201,857.697,44.732,31.636,36.821,67.946,45.012,31.479,35.741,72.456,43.812,30.605,36.418,68.724,1.372,0,31.634,0,2.054,0,31.726,0,7.154,31.684,0.207,35.004,221.062,105.669,7.246,11.408,14.510,11.842,1.897,1.615,2.266,2.970,3.678,1.773,1.655,2.208,3.079,3.614,2.020,7.145,1.246,0.470,7.173,1.290,0.441,1.467,219.547,105.787
SYN-001594,2025-03-08T09:00:00+07:00,2.520,270.645,3.241,841.825,42.969,30.791,35.414,67.157,44.797,31.058,36.615,73.092,43.859,30.206,35.591,71.660,0,0,31.116,0,0,0,32.468,0,7.135,29.466,0.298,34.503,219.888,101.036,7.099,10.423,14.601,10.240,1.586,1.681,2.329,2.946,3.630,1.468,1.624,2.382,2.955,3.592,1.704,7.107,1.058,0.460,7.203,0.988,0.425,1.696,215.221,101.182
SYN-001595,2025-03-08T10:00:00+07:00,2.473,272.115,3.187,834.344,44.143,31.103,35.350,71.900,43.625,30.891,36.154,72.556,44.195,31.302,35.793,72.232,0.093,0,31.564,0,0,0,32.113,0,7.116,27.325,0.275,29.549,202.641,94.352,7.048,9.420,13.832,9.809,1.512,1.683,2.280,2.943,3.604,1.726,1.633,2.314,3.012,3.565,1.298,7.088,0.977,0.500,7.259,0.995,0.411,1.854,205.458,92.759
SYN-001596,2025-03-08T11:00:00+07:00,2.475,269.455,3.180,848.166,42.230,28.877,35.714,68.717,42.671,29.804,35.363,70.262,42.383,29.669,35.408,71.143,0,0,31.360,0,0,0,31.623,0,6.994,25.146,0.251,29.123,198.825,96.195,7.055,8.329,12.039,7.503,1.293,1.655,2.360,2.961,3.600,0.995,1.671,2.340,2.974,3.648,1.591,7.111,0.932,0.456,7.239,0.897,0.492,2.147,190.479,97.665
SYN-001597,2025-03-08T12:00:00+07:00,2.458,274.764,3.199,783.779,39.897,29.412,35.243,62.998,41.151,28.546,35.407,66.354,41.563,28.935,35.909,69.853,0.520,0,31.410,0,0,0,31.692,0,6.933,29.617,0.278,31.791,210.088,92.318,6.906,11.312,14.067,11.565,1.816,1.660,2.347,2.911,3.680,1.675,1.563,2.278,2.868,3.626,1.957,7.173,1.335,0.518,7.281,1.363,0.467,1.905,205.929,96.832
SYN-001598,2025-03-08T13:00:00+07:00,2.385,276.574,3.187,823.969,39.533,26.636,35.648,67.107,39.043,29.182,35.080,62.377,40.030,28.138,34.891,59.716,0.232,0,31.533,0,0,0,30.910,0,7.077,26.215,0.303,29.472,194.808,102.749,7.020,9.831,11.465,9.658,1.681,1.630,2.344,2.986,3.649,1.719,1.591,2.318,2.925,3.628,1.644,7.168,1.255,0.445,7.075,1.260,0.506,1.412,194.451,100.899
SYN-001599,2025-03-08T14:00:00+07:00,2.407,272.495,3.158,794.196,40.092,27.792,36.210,63.906,37.931,28.255,35.452,63.231,39.130,27.769,35.456,63.321,0,0,31.296,0,0.505,0,31.190,0,6.949,25.259,0.266,31.846,193.505,105.114,6.894,9.521,14.393,9.900,1.623,1.634,2.324,2.922,3.590,1.761,1.646,2.314,2.985,3.587,1.484,7.161,1.117,0.518,7.116,1.185,0.435,2.229,191.492,103.152
SYN-001600,2025-03-08T15:00:00+07:00,2.447,273.652,3.190,807.181,38.306,28.292,34.612,61.487,38.396,28.938,34.586,63.030,37.220,26.976,35.254,58.573,0,0,32.049,0,0,0,31.849,0,7.090,28.206,0.249,31.397,216.926,96.362,7.119,10.756,14.410,10.149,1.730,1.631,2.239,2.975,3.605,1.601,1.582,2.259,2.938,3.598,1.858,7.204,1.206,0.468,7.259,1.200,0.513,2.299,221.770,94.944
SYN-001601,2025-03-08T16:00:00+07:00,2.401,277.794,3.193,779.167,36.258,-3.000,35.171,57.520,38.120,29.918,35.272,61.212,0,0,31.502,0,0,0,32.231,0,37.689,25.847,35.473,62.274,7.074,28.473,0.318,30.441,193.746,102.362,6.981,10.906,13.093,10.114,1.926,1.685,2.377,2.999,3.576,2.061,1.639,2.428,2.995,3.676,1.791,7.015,1.292,0.477,7.128,1.308,0.467,2.362,198.278,100.929
SYN-001602,2025-03-08T17:00:00+07:00,2.327,274.067,3.188,796.163,38.368,27.364,35.005,59.359,37.091,26.002,35.759,62.733,0.314,0,31.868,0,0.611,0,31.111,0,35.871,25.515,35.287,60.474,6.837,31.013,0.279,31.622,220.937,100.550,6.834,10.562,14.201,10.587,1.671,1.685,2.237,2.965,3.605,1.675,1.593,2.297,2.885,3.634,1.668,7.126,1.226,0.577,7.085,1.239,0.435,1.887,224.406,100.411
SYN-001603,2025-03-08T18:00:00+07:00,2.370,267.226,3.170,773.132,35.474,25.137,34.626,56.798,38.289,27.202,35.532,61.325,1.050,0,31.561,0,0,0,31.025,0,36.971,26.701,35.241,56.502,7.074,26.924,0.239,29.371,217.871,94.696,6.964,9.006,14.237,8.963,1.620,1.655,2.333,2.961,3.553,1.613,1.535,2.325,2.953,3.644,1.628,7.201,1.255,0.477,7.191,1.237,0.460,2.317,215.728,93.886
SYN-001604,2025-03-08T19:00:00+07:00,2.340,273.473,3.158,791.568,35.604,27.891,35.792,54.888,37.042,27.062,34.938,61.212,0,0,31.006,0,0.387,0,31.814,0,37.554,27.695,34.590,56.716,7.054,26.819,0.284,28.097,189.157,89.471,7.106,9.739,13.435,9.853,1.631,1.744,2.277,2.905,3.600,1.409,1.697,2.381,2.923,3.574,1.852,7.188,1.293,0.467,7.276,1.288,0.472,1.591,178.052,91.438
SYN-001605,2025-03-08T20:00:00+07:00,2.322,270.783,3.146,779.550,37.052,27.701,34.524,60.936,38.060,28.073,34.405,63.466,0,0,31.287,0,0,0,31.987,0,38.413,28.506,35.762,58.012,7.255,30.828,0.281,27.262,198.150,100.431,7.310,10.746,11.526,11.429,1.713,1.686,2.259,2.894,3.562,1.557,1.652,2.313,2.907,3.543,1.869,7.132,1.254,0.519,7.087,1.343,0.442,1.968,194.623,98.836
SYN-001606,2025-03-08T21:00:00+07:00,2.331,275.391,3.159,791.771,38.364,27.573,35.408,61.530,37.155,25.150,34.993,63.260,0,0,31.565,0,0,0,31.573,0,37.548,26.517,34.597,58.336,6.989,25.211,0.285,25.918,223.847,87.917,6.934,10.193,13.468,9.852,1.810,1.579,2.267,2.958,3.609,1.803,1.676,2.341,2.961,3.621,1.818,7.115,1.252,0.465,7.103,1.304,0.468,3.541,219.766,87.282
SYN-001607,2025-03-08T22:00:00+07:00,2.348,278.530,3.148,802.301,39.674,24.609,35.880,64.668,38.952,29.644,35.613,58.699,0.632,0,31.588,0,0,0,30.910,0,39.751,26.055,36.087,66.777,7.000,28.640,0.292,29.439,233.705,93.853,7.015,10.419,13.940,10.158,1.552,1.613,2.308,2.956,3.531,1.683,1.591,2.297,2.979,3.532,1.421,7.154,1.091,0.472,7.235,1.149,0.423,2.419,234.921,94.300
SYN-001608,2025-03-08T23:00:00+07:00,2.321,287.462,3.144,785.480,38.787,27.743,35.407,61.118,40.009,29.216,35.635,66.686,0.290,0,31.589,0,1.013,0,30.755,0,39.712,28.732,35.694,64.235,6.993,27.241,0.277,28.093,212.472,98.487,7.104,10.041,12.547,9.788,1.845,1.615,2.358,2.890,3.640,1.859,1.631,2.318,2.963,3.600,1.831,7.127,1.373,0.505,7.227,1.368,0.431,1.956,213.867,98.692
SYN-001609,2025-03-09T00:00:00+07:00,2.311,274.604,3.176,829.143,41.540,30.532,35.572,65.078,0,0,31.363,0,0,0,32.265,0,40.690,25.835,35.952,66.035,40.689,27.091,35.180,65.394,7.057,27.632,0.280,29.236,219.043,89.174,6.884,10.092,10.587,10.325,1.610,1.734,2.322,2.997,3.613,1.589,1.587,2.337,3.035,3.619,1.631,7.155,1.248,0.454,7.165,1.314,0.527,1.300,212.599,87.240
SYN-001610,2025-03-09T01:00:00+07:00,2.279,278.012,3.140,841.136,41.541,29.548,36.219,65.348,0,0,31.886,0,0.054,0,31.312,0,42.117,28.311,35.827,67.684,41.853,28.012,36.613,68.733,7.072,23.254,0.311,27.373,202.918,94.543,7.191,8.009,13.481,8.960,1.255,1.714,2.252,3.012,3.612,1.226,1.724,2.268,2.877,3.658,1.285,7.179,0.880,0.444,7.239,0.909,0.485,2.664,199.751,95.625
SYN-001611,2025-03-09T02:00:00+07:00,2.354,279.322,3.113,851.694,42.761,30.199,35.629,69.285,0.111,0,31.051,0,0,0,31.008,0,42.723,30.113,36.179,67.863,43.755,29.168,35.188,66.894,7.137,24.454,0.266,26.141,195.797,94.576,7.175,8.339,10.297,7.888,1.125,1.670,2.274,2.939,3.609,0.903,1.632,2.263,2.900,3.579,1.348,7.142,0.874,0.490,7.099,0.849,0.477,1.200,188.816,96.181
SYN-001612,2025-03-09T03:00:00+07:00,2.236,276.576,3.146,855.817,43.196,30.292,35.924,70.528,0.072,0,31.678,0,0,0,30.529,0,44.067,30.630,36.329,67.820,43.131,29.376,36.067,71.494,7.043,22.606,0.320,26.090,208.607,103.036,7.137,7.958,10.288,7.433,1.194,1.720,2.248,3.014,3.502,1.182,1.605,2.349,3.046,3.702,1.206,7.246,0.782,0.439,7.118,0.894,0.518,1.681,209.912,102.619
SYN-001613,2025-03-09T04:00:00+07:00,2.230,283.696,3.138,833.512,45.077,30.889,35.762,74.589,0.773,0,31.773,0,0,0,31.711,0,44.475,30.579,36.052,73.591,44.610,31.411,35.132,73.169,7.004,29.723,0.279,30.574,200.306,85.103,7.086,10.684,13.573,11.092,1.676,1.699,2.215,2.969,3.663,1.672,1.596,2.349,2.925,3.543,1.680,7.086,1.265,0.502,7.216,1.242,0.457,2.842,199.100,85.500
SYN-001614,2025-03-09T05:00:00+07:00,2.203,282.263,3.105,859.166,45.120,30.005,35.625,74.177,0,0,32.222,0,0.335,0,31.615,0,44.741,30.918,36.563,68.374,43.638,30.706,35.088,71.523,7.047,27.910,0.330,31.681,218.266,88.033,7.067,8.805,14.159,7.935,1.653,1.714,2.300,2.921,3.566,1.646,1.629,2.250,2.907,3.575,1.659,7.118,1.248,0.465,7.147,1.304,0.437,1.547,224.638,86.567
SYN-001615,2025-03-09T06:00:00+07:00,2.189,281.603,3.152,868.298,45.022,31.617,35.882,72.960,0,0,31.413,0,0.082,0,31.440,0,44.408,30.743,35.634,71.910,45.008,31.456,36.540,71.871,7.064,19.034,0.264,26.483,215.042,89.281,7.058,7.526,12.119,7.541,1.317,1.695,2.272,2.989,3.621,1.100,1.595,2.375,3.024,3.627,1.534,7.189,1.012,0.468,7.116,1.018,0.531,1.868,213.578,88.115
SYN-001616,2025-03-09T07:00:00+07:00,2.212,281.331,3.096,835.386,45.549,33.605,36.101,73.101,0,0,32.009,0,0,0,31.556,0,46.442,31.243,36.224,74.054,45.074,30.843,36.035,73.100,7.118,26.959,0.275,26.839,214.876,97.490,7.192,10.234,12.267,10.358,1.746,1.699,2.337,2.888,3.613,1.681,1.621,2.331,3.014,3.538,1.811,7.143,1.352,0.528,7.128,1.352,0.485,2.151,214.692,97.553
SYN-001617,2025-03-09T08:00:00+07:00,2.156,289.629,3.089,853.670,0,0,31.154,0,0.560,0,30.898,0,44.125,31.046,36.786,70.305,45.559,31.507,35.366,74.487,43.452,31.006,35.674,67.659,6.907,24.428,0.297,27.064,206.698,96.734,6.852,10.117,12.563,8.817,1.636,1.628,2.286,2.993,3.513,1.556,1.611,2.238,2.943,3.545,1.717,7.153,1.097,0.513,7.125,1.125,0.486,2.714,209.816,96.571
SYN-001618,2025-03-09T09:00:00+07:00,2.173,276.560,3.122,836.439,0,0,31.918,0,0.376,0,31.229,0,43.487,31.088,36.142,70.366,43.401,30.453,36.062,67.501,44.270,30.857,35.722,68.912,6.873,23.996,0.307,28.565,200.157,83.633,6.750,8.548,13.083,8.872,1.419,1.619,2.322,2.901,3.662,1.373,1.631,2.259,2.956,3.529,1.466,7.174,1.076,0.452,7.209,1.079,0.419,2.228,186.977,82.290
SYN-001619,2025-03-09T10:00:00+07:00,2.205,279.818,3.084,817.807,0.273,0,31.827,0,0,0,31.080,0,43.574,29.004,35.318,64.928,42.680,30.532,36.852,65.856,41.994,29.442,35.864,68.004,7.079,18.677,0.321,24.125,210.188,94.742,7.066,5.329,11.388,5.140,1.001,1.630,2.319,2.845,3.536,1.027,1.625,2.283,2.919,3.620,0.976,7.118,0.626,0.567,7.170,0.630,0.466,1.642,211.307,93.605
SYN-001620,2025-03-09T11:00:00+07:00,2.173,283.755,3.089,814.813,0,0,31.614,0,0,0,31.030,0,41.068,27.082,35.187,68.499,42.615,29.499,35.892,68.113,41.673,28.237,35.664,63.884,6.920,24.458,0.312,30.070,227.813,92.645,6.925,8.636,12.528,8.886,1.499,1.655,2.231,2.926,3.529,1.453,1.565,2.320,2.926,3.560,1.545,7.157,1.063,0.476,7.066,1.100,0.541,2.227,236.286,93.571
SYN-001621,2025-03-09T12:00:00+07:00,2.087,285.041,3.080,802.877,0.487,0,31.728,0,0.702,0,31.743,0,40.740,28.216,35.250,66.057,41.676,28.816,36.421,66.879,40.431,27.955,36.266,66.455,7.051,18.201,0.273,24.000,193.642,98.933,7.053,6.473,9.845,7.715,0.942,1.620,2.310,2.926,3.601,0.709,1.686,2.302,2.903,3.668,1.174,7.219,0.727,0.490,7.184,0.694,0.447,1.476,196.169,100.086
SYN-001622,2025-03-09T13:00:00+07:00,2.177,275.057,3.071,815.634,0,0,31.843,0,0,0,31.615,0,40.192,27.653,35.334,63.506,39.315,28.044,35.814,62.609,38.148,26.092,35.808,59.008,7.019,25.600,0.274,30.614,196.283,93.683,6.989,8.920,12.715,8.540,1.661,1.650,2.349,2.995,3.613,1.815,1.653,2.337,2.892,3.583,1.507,7.171,1.103,0.477,7.173,1.112,0.446,2.613,190.272,93.820
SYN-001623,2025-03-09T14:00:00+07:00,2.141,281.110,3.062,798.033,0,0,31.381,0,0,0,32.184,0,38.290,27.940,36.144,56.521,39.807,27.801,36.445,65.525,38.611,27.571,35.969,61.748,6.977,22.217,0.292,27.669,220.067,105.676,6.971,8.262,13.182,8.678,1.453,1.694,2.367,3.035,3.599,1.415,1.676,2.325,2.936,3.569,1.490,7.168,0.998,0.480,7.127,1.013,0.433,2.397,215.067,105.206
SYN-001624,2025-03-09T15:00:00+07:00,2.056,287.162,3.069,769.370,1.301,0,31.680,0,0.235,0,30.967,0,37.682,26.916,35.049,64.280,37.755,27.522,35.304,66.133,38.506,27.238,35.026,59.828,7.159,19.957,0.283,26.588,218.243,96.429,7.228,7.342,13.023,7.771,1.244,1.658,2.304,2.989,3.624,1.181,1.684,2.263,2.981,3.623,1.306,7.209,1.006,0.501,7.249,0.948,0.432,2.349,217.567,97.160
SYN-001625,2025-03-09T16:00:00+07:00,2.131,285.429,3.137,797.927,0.150,0,31.242,0,37.409,28.318,35.762,61.054,36.681,26.870,35.351,57.505,37.398,26.025,34.620,57.441,0,0,31.488,0,7.084,23.171,0.259,26.721,215.072,99.420,7.065,9.920,11.701,10.617,1.691,1.625,2.255,2.898,3.602,1.615,1.637,2.321,2.953,3.572,1.767,7.161,1.164,0.464,7.111,1.195,0.504,1.886,216.839,100.215
SYN-001626,2025-03-09T17:00:00+07:00,2.100,282.808,3.074,778.901,0,0,32.188,0,36.296,25.128,35.116,56.681,38.193,26.962,34.636,64.582,37.276,27.418,34.718,59.838,0,0,31.315,0,7.020,21.357,0.321,25.498,200.261,95.161,7.015,7.528,10.009,7.569,1.123,1.650,2.298,2.913,3.633,1.103,1.594,2.344,2.952,3.576,1.144,7.138,0.904,0.455,7.156,0.878,0.480,2.327,202.630,97.118
SYN-001627,2025-03-09T18:00:00+07:00,2.103,288.202,3.102,784.104,0,0,31.300,0,37.053,27.150,35.778,58.706,36.999,27.166,36.393,58.952,36.601,25.434,35.231,58.449,0.119,0,31.301,0,7.096,23.281,0.275,28.624,213.718,100.917,7.101,7.659,13.385,7.048,1.338,1.718,2.285,2.976,3.533,1.250,1.684,2.267,2.991,3.594,1.426,7.073,0.990,0.469,7.080,1.018,0.474,2.622,204.273,100.662
SYN-001628,2025-03-09T19:00:00+07:00,2.121,289.028,3.036,791.144,0,0,32.166,0,36.779,25.227,36.006,57.335,36.097,25.868,35.566,56.336,36.558,26.267,34.999,58.325,0.848,0,32.293,0,7.142,24.584,0.220,29.521,203.036,104.532,7.092,9.593,13.642,9.605,1.514,1.625,2.203,2.989,3.638,1.633,1.633,2.321,2.933,3.599,1.395,7.190,0.995,0.465,7.210,1.033,0.436,2.172,200.604,103.227
SYN-001629,2025-03-09T20:00:00+07:00,2.100,279.165,3.046,757.015,0,0,31.239,0,37.773,26.493,35.505,62.982,37.056,26.403,35.512,57.120,37.117,26.066,34.659,57.131,0,0,31.534,0,6.857,21.909,0.301,27.927,219.123,98.770,6.726,8.719,11.253,8.963,1.234,1.712,2.242,2.965,3.642,1.043,1.648,2.325,2.876,3.616,1.425,7.237,0.939,0.526,7.152,0.905,0.418,2.247,221.523,94.381
SYN-001630,2025-03-09T21:00:00+07:00,2.069,283.088,3.098,810.654,0,0,31.242,0,38.854,26.379,35.203,60.635,38.170,26.475,34.561,58.251,38.851,26.948,34.947,56.322,0,0,31.493,0,7.052,24.850,0.307,29.283,216.302,90.712,7.173,9.634,12.787,9.968,1.493,1.704,2.260,2.962,3.527,1.508,1.597,2.350,2.916,3.508,1.478,7.100,0.958,0.477,7.140,0.983,0.505,2.064,223.725,92.499
SYN-001631,2025-03-09T22:00:00+07:00,2.058,283.369,3.033,785.048,0,0,31.540,0,40.091,29.370,35.235,60.772,38.798,27.465,34.965,62.555,39.454,26.678,35.459,57.513,0,0,31.508,0,7.043,20.673,0.282,24.354,197.012,92.821,7.018,7.622,9.379,7.180,1.278,1.660,2.258,2.937,3.477,1.148,1.632,2.448,2.963,3.513,1.408,7.107,0.877,0.463,6.996,0.867,0.431,0.928,187.869,94.202
SYN-001632,2025-03-09T23:00:00+07:00,2.209,285.173,3.062,795.224,0,0,31.648,0,39.361,27.599,35.046,61.673,39.751,28.354,35.424,64.159,38.784,25.413,34.874,62.081,0,0,32.016,0,7.041,18.278,0.230,26.944,216.651,98.530,7.066,5.467,11.871,5.355,0.886,1.684,2.353,2.915,3.614,1.002,1.646,2.275,2.994,3.687,0.769,7.171,0.590,0.472,7.194,0.604,0.489,2.210,218.728,98.319
SYN-001633,2025-03-10T00:00:00+07:00,2.128,281.253,3.041,820.062,41.770,30.284,35.351,70.709,40.942,28.383,35.391,66.841,39.470,28.974,34.672,63.181,0,0,30.847,0,0,0,31.619,0,6.991,17.323,0.244,28.424,220.599,98.556,6.894,5.711,11.978,5.550,0.939,1.707,2.423,2.957,3.527,0.849,1.763,2.317,3.029,3.552,1.029,7.106,0.683,0.474,7.097,0.735,0.498,1.873,219.722,99.257
SYN-001634,2025-03-10T01:00:00+07:00,2.196,283.331,3.090,795.326,41.778,27.976,35.923,68.992,41.834,29.304,35.574,67.760,42.113,29.918,36.363,66.716,0,0,30.669,0,0,0,31.081,0,7.199,21.034,0.277,27.743,226.535,93.429,7.119,7.882,9.013,8.107,1.221,1.704,2.314,2.974,3.655,0.913,1.660,2.336,2.998,3.596,1.529,7.095,0.920,0.458,7.116,0.958,0.428,1.005,219.291,96.883
SYN-001635,2025-03-10T02:00:00+07:00,2.106,288.861,3.078,834.277,43.924,30.745,35.774,66.689,42.820,29.720,35.420,69.984,44.509,30.810,36.009,70.556,0.054,0,31.765,0,0,0,31.923,0,7.210,20.632,0.224,29.686,203.563,95.791,7.095,6.542,11.722,6.780,0.980,1.651,2.325,2.927,3.626,1.108,1.671,2.282,2.883,3.602,0.853,7.094,0.694,0.491,7.222,0.663,0.517,1.734,194.795,95.452
SYN-001636,2025-03-10T03:00:00+07:00,2.166,287.637,3.065,825.403,43.996,30.987,36.179,69.537,44.320,30.275,35.630,73.819,43.976,30.288,36.231,72.185,0,0,32.091,0,0,0,30.936,0,7.084,17.378,0.250,25.042,188.929,97.720,7.151,6.461,10.302,6.435,0.939,1.558,2.277,2.955,3.593,0.794,1.679,2.256,2.960,3.590,1.084,7.201,0.751,0.517,7.138,0.733,0.500,0.944,183.524,97.869
SYN-001637,2025-03-10T04:00:00+07:00,2.061,292.009,3.061,834.310,43.728,29.739,35.868,68.744,43.228,32.014,35.877,70.815,44.158,30.516,36.567,72.172,0,0,31.289,0,0.127,0,31.289,0,7.063,18.402,0.291,25.859,217.452,98.479,6.978,6.599,9.768,6.832,0.940,1.684,2.251,2.949,3.587,0.841,1.701,2.219,3.017,3.530,1.039,7.160,0.616,0.473,7.214,0.618,0.472,1.577,221.082,99.026
SYN-001638,2025-03-10T05:00:00+07:00,2.132,288.949,3.060,830.152,44.167,31.323,37.136,69.565,43.990,30.895,35.462,69.333,45.189,31.522,35.118,74.830,0,0,31.580,0,0.603,0,31.448,0,7.125,16.873,0.302,20.916,207.881,100.060,7.176,5.937,9.003,6.790,1.164,1.689,2.318,2.930,3.566,1.292,1.619,2.260,2.998,3.561,1.036,7.170,0.829,0.445,7.112,0.856,0.340,1.445,212.001,99.134
SYN-001639,2025-03-10T06:00:00+07:00,2.031,285.266,3.066,866.098,43.750,31.529,36.413,71.574,43.786,28.547,35.892,70.818,45.343,31.665,36.130,68.341,0,0,31.624,0,0.937,0,31.292,0,7.032,20.487,0.279,25.675,204.226,89.973,6.911,6.685,11.103,7.572,1.092,1.652,2.315,3.038,3.612,1.086,1.671,2.312,2.929,3.620,1.099,7.175,0.871,0.459,7.162,0.932,0.513,1.574,201.529,92.256
SYN-001640,2025-03-10T07:00:00+07:00,2.124,288.479,3.017,824.868,44.568,30.000,36.599,71.982,45.146,30.790,36.699,70.981,44.750,31.764,35.692,72.045,0.387,0,31.420,0,0.770,0,31.738,0,6.928,18.089,0.270,26.592,203.728,103.361,6.965,6.285,10.327,5.796,1.015,1.644,2.380,2.967,3.644,0.896,1.712,2.235,2.847,3.559,1.135,7.207,0.627,0.540,7.261,0.653,0.409,1.891,200.528,102.705
SYN-001641,2025-03-10T08:00:00+07:00,2.044,282.388,3.093,831.588,44.055,28.641,35.864,71.888,44.693,29.975,34.811,70.190,0,0,31.870,0,0,0,31.093,0,43.709,30.683,35.464,66.695,7.016,16.647,0.234,28.291,183.619,91.602,7.054,5.989,12.717,6.275,0.943,1.672,2.312,2.905,3.596,1.025,1.651,2.315,2.867,3.651,0.860,7.171,0.793,0.505,7.139,0.841,0.448,1.840,185.244,93.613
SYN-001642,2025-03-10T09:00:00+07:00,2.161,278.886,3.125,832.595,43.038,30.944,36.253,72.064,43.868,31.315,35.578,67.854,0.240,0,31.833,0,0,0,31.733,0,44.134,30.893,35.388,71.824,7.221,16.732,0.284,22.689,209.893,105.327,7.281,9.229,8.598,9.102,1.575,1.709,2.279,2.918,3.574,1.672,1.702,2.235,2.979,3.622,1.477,7.169,1.093,0.452,7.208,1.089,0.460,0.853,205.440,105.947
SYN-001643,2025-03-10T10:00:00+07:00,2.002,288.997,3.089,833.223,43.247,29.728,35.805,69.559,43.116,31.447,35.540,66.735,0,0,31.043,0,0,0,31.836,0,42.939,29.050,36.198,68.104,6.978,18.836,0.281,24.685,195.640,98.853,7.048,8.171,10.340,7.871,1.241,1.646,2.357,3.046,3.611,1.354,1.682,2.368,2.903,3.599,1.127,7.185,1.029,0.486,7.081,1.017,0.514,1.279,199.074,99.919
SYN-001644,2025-03-10T11:00:00+07:00,2.066,282.776,3.084,813.929,42.236,28.648,35.518,66.930,42.212,30.470,35.819,68.743,0.276,0,30.766,0,0,0,31.588,0,42.734,31.952,35.336,70.217,7.157,15.630,0.307,25.301,221.777,96.835,7.174,5.618,9.511,5.493,1.038,1.672,2.287,2.884,3.564,0.939,1.623,2.355,2.971,3.645,1.137,7.122,0.708,0.484,7.137,0.722,0.501,1.859,206.050,94.957
SYN-001645,2025-03-10T12:00:00+07:00,2.105,279.785,3.096,795.675,41.532,31.311,35.465,66.626,41.413,28.519,35.296,69.349,0.063,0,31.114,0,0.011,0,31.193,0,41.375,29.835,35.272,70.059,7.099,19.313,0.271,25.550,213.525,92.022,7.088,7.459,10.676,7.438,1.165,1.547,2.246,2.934,3.594,1.118,1.626,2.337,2.951,3.506,1.213,7.236,0.834,0.402,7.171,0.923,0.507,1.917,220.768,92.964
SYN-001646,2025-03-10T13:00:00+07:00,2.112,285.035,3.093,799.243,40.847,28.197,35.760,66.561,39.439,27.209,35.586,61.942,0,0,30.854,0,0.630,0,30.945,0,41.555,28.259,35.859,67.052,7.064,17.791,0.244,22.398,227.152,98.421,7.013,6.560,9.422,5.928,1.038,1.679,2.274,2.927,3.611,0.891,1.646,2.272,2.910,3.596,1.186,7.180,0.732,0.441,7.011,0.809,0.469,1.515,220.004,99.633
SYN-001647,2025-03-10T14:00:00+07:00,2.118,278.925,3.092,831.864,36.963,27.331,35.449,58.579,39.285,27.451,35.553,61.926,0,0,30.844,0,0,0,31.633,0,40.290,28.017,35.146,65.561,7.047,15.485,0.274,25.913,214.003,96.192,7.051,5.589,10.033,5.469,0.855,1.683,2.223,2.884,3.586,0.810,1.658,2.371,2.971,3.567,0.900,7.152,0.594,0.527,7.131,0.598,0.417,1.441,216.448,94.471
SYN-001648,2025-03-10T15:00:00+07:00,2.122,285.275,3.053,815.725,38.403,26.780,35.032,61.277,38.434,27.977,35.431,60.220,0,0,30.692,0,0,0,31.071,0,38.002,26.653,34.891,62.441,6.931,15.794,0.350,24.948,221.119,93.868,7.000,6.469,11.088,6.174,0.937,1.609,2.249,2.888,3.560,1.014,1.624,2.404,3.003,3.594,0.860,7.173,0.650,0.535,7.067,0.608,0.478,2.280,220.023,90.815
SYN-001649,2025-03-10T16:00:00+07:00,2.056,285.435,3.098,805.257,38.568,27.883,35.239,63.454,0,0,31.517,0,0.359,0,30.837,0,37.913,27.781,35.229,59.607,37.054,25.235,34.944,57.737,6.916,15.955,0.289,25.751,213.096,102.565,6.974,4.334,10.442,4.950,0.662,1.627,2.304,3.006,3.515,0.658,1.617,2.286,2.982,3.686,0.666,7.115,0.418,0.486,7.320,0.433,0.475,1.510,215.015,104.374
SYN-001650,2025-03-10T17:00:00+07:00,2.153,276.979,3.100,794.272,37.349,26.735,35.962,57.986,0.080,0,31.560,0,0.038,0,31.889,0,35.991,26.302,34.984,55.188,38.989,27.027,35.096,59.395,7.042,18.677,0.257,25.497,188.012,98.770,6.977,7.478,9.302,7.440,1.260,1.712,2.317,2.931,3.559,1.232,1.657,2.280,2.921,3.622,1.288,7.182,0.915,0.491,7.137,0.880,0.497,1.817,189.062,96.657
SYN-001651,2025-03-10T18:00:00+07:00,2.155,270.024,3.092,772.472,36.575,25.625,34.611,54.514,0,0,30.980,0,0.594,0,31.908,0,36.631,27.430,35.419,57.443,36.539,28.202,34.769,60.520,7.134,18.360,0.279,29.480,202.659,91.762,7.084,5.187,11.842,5.115,0.967,1.548,2.267,2.911,3.548,0.913,1.653,2.248,2.902,3.633,1.022,7.150,0.630,0.481,7.145,0.596,0.494,2.334,193.619,91.751
SYN-001652,2025-03-10T19:00:00+07:00,2.161,287.320,3.061,773.509,37.827,25.759,35.630,59.454,0,0,31.262,0,1.690,0,31.165,0,36.800,25.738,35.632,56.832,36.765,27.891,35.153,57.654,6.985,19.456,0.272,23.227,183.290,106.362,6.995,5.934,10.993,5.386,0.938,1.675,2.382,2.946,3.616,0.935,1.640,2.274,2.941,3.692,0.942,7.108,0.642,0.504,7.099,0.625,0.515,1.798,186.327,102.789
SYN-001653,2025-03-10T20:00:00+07:00,2.127,276.666,3.062,809.651,37.494,25.449,34.963,62.378,0.777,0,31.566,0,0,0,31.747,0,37.947,27.746,35.791,62.408,37.069,25.978,35.076,59.746,7.206,15.122,0.278,25.186,211.900,93.236,7.258,7.033,10.823,6.676,1.208,1.671,2.253,2.914,3.601,1.253,1.656,2.222,2.869,3.660,1.163,7.170,0.907,0.522,7.125,0.965,0.513,1.614,203.476,91.112
SYN-001654,2025-03-10T21:00:00+07:00,2.189,288.584,3.121,832.650,37.400,27.038,36.045,60.384,0.467,0,31.180,0,0,0,31.079,0,38.209,26.497,34.882,60.031,38.823,26.472,35.353,62.620,7.103,16.132,0.289,21.249,203.320,95.625,7.044,6.918,10.681,7.161,1.156,1.682,2.292,2.950,3.522,1.297,1.588,2.291,2.977,3.605,1.014,7.144,0.765,0.512,7.134,0.736,0.509,1.117,200.737,95.899
SYN-001655,2025-03-10T22:00:00+07:00,2.099,291.346,3.059,823.532,39.207,27.504,35.380,65.429,0,0,31.442,0,0.328,0,31.230,0,38.462,28.943,35.295,58.455,38.322,28.005,34.352,60.739,7.058,11.345,0.276,22.804,240.277,96.527,6.990,3.931,11.563,3.914,0.530,1.588,2.248,2.874,3.556,0.415,1.587,2.265,2.920,3.562,0.646,7.131,0.424,0.401,7.095,0.480,0.419,1.721,241.173,94.503
SYN-001656,2025-03-10T23:00:00+07:00,2.149,288.879,3.135,794.925,40.470,27.349,35.353,62.905,0,0,30.981,0,0.422,0,31.731,0,41.367,30.806,35.488,67.538,39.970,28.978,35.933,64.613,6.999,16.656,0.283,22.521,214.403,98.001,7.039,6.147,9.481,6.158,1.108,1.519,2.343,2.929,3.654,1.079,1.707,2.327,2.947,3.563,1.138,7.185,0.703,0.438,7.194,0.695,0.495,0.779,214.759,100.161
SYN-001657,2025-03-11T00:00:00+07:00,2.248,267.181,3.099,823.710,0,0,31.349,0,0.132,0,31.553,0,41.132,30.813,35.141,67.433,42.303,30.590,34.929,68.998,41.859,27.660,35.492,68.393,7.061,17.813,0.238,26.210,195.078,96.674,7.154,7.782,9.090,7.814,1.370,1.639,2.296,2.936,3.611,1.463,1.600,2.285,3.011,3.575,1.277,7.177,0.883,0.445,7.131,0.947,0.462,1.036,187.109,98.569
SYN-001658,2025-03-11T01:00:00+07:00,2.161,280.469,3.088,830.759,0,0,31.319,0,0,0,31.682,0,41.731,27.756,35.602,68.697,41.285,29.350,35.715,65.432,42.738,28.659,35.784,66.315,7.085,15.435,0.349,25.836,210.285,106.883,7.002,4.327,11.387,4.078,0.768,1.714,2.299,2.901,3.543,0.694,1.618,2.351,2.998,3.496,0.843,7.088,0.533,0.496,7.116,0.550,0.464,2.403,211.371,107.797
SYN-001659,2025-03-11T02:00:00+07:00,2.196,276.429,3.151,827.117,0,0,31.602,0,0,0,31.658,0,41.585,29.961,35.788,67.904,42.218,30.105,35.515,67.377,43.272,30.763,36.204,70.819,7.103,18.757,0.286,28.338,198.708,90.995,7.128,8.678,12.641,7.769,1.525,1.745,2.333,2.925,3.631,1.636,1.634,2.284,2.894,3.600,1.414,7.121,1.114,0.441,7.189,1.071,0.483,2.395,194.848,88.918
SYN-001660,2025-03-11T03:00:00+07:00,2.224,277.490,3.139,810.169,0.493,0,31.179,0,0,0,31.760,0,44.462,30.773,35.397,70.541,43.938,29.944,35.300,72.668,45.281,33.667,35.539,75.919,7.035,18.295,0.306,28.113,224.140,96.887,6.958,7.175,12.367,7.860,1.187,1.689,2.261,2.933,3.604,1.305,1.645,2.331,2.990,3.664,1.069,7.085,0.871,0.455,7.150,0.833,0.437,1.943,225.921,98.514
SYN-001661,2025-03-11T04:00:00+07:00,2.163,286.619,3.079,854.112,0,0,30.769,0,0.015,0,32.297,0,43.689,31.274,35.257,72.039,44.229,31.968,36.124,72.048,44.848,31.596,35.955,73.133,6.931,17.676,0.268,20.799,194.045,101.979,7.033,5.937,8.905,5.846,0.950,1.616,2.224,2.953,3.600,0.946,1.541,2.320,3.022,3.566,0.954,7.221,0.684,0.496,7.171,0.685,0.487,0.626,194.459,101.623
SYN-001662,2025-03-11T05:00:00+07:00,2.310,280.027,3.075,874.776,0,0,30.483,0,0,0,31.321,0,45.482,31.195,36.650,72.578,45.260,29.719,35.806,76.611,44.582,29.752,35.677,71.509,7.043,19.312,0.275,26.620,199.578,100.414,7.033,7.470,11.303,7.641,1.233,1.789,2.335,2.943,3.630,1.204,1.590,2.303,2.945,3.637,1.263,7.078,0.998,0.463,7.141,0.982,0.469,2.064,194.523,99.937
SYN-001663,2025-03-11T06:00:00+07:00,2.254,274.041,3.091,843.245,0,0,30.864,0,0.500,0,31.493,0,45.483,30.924,36.462,72.620,45.516,31.135,35.710,70.479,44.125,30.354,35.574,68.512,7.040,17.892,0.336,30.665,208.463,94.441,7.121,6.607,14.161,6.751,0.942,1.617,2.265,2.914,3.507,1.021,1.677,2.291,2.884,3.602,0.863,7.122,0.605,0.496,7.183,0.618,0.405,2.132,205.042,94.436
SYN-001664,2025-03-11T07:00:00+07:00,2.159,279.588,3.109,818.407,0,0,30.759,0,0.114,0,31.619,0,44.928,29.918,35.459,72.074,43.982,29.760,36.296,71.312,45.164,30.317,36.215,71.938,7.000,15.445,0.289,22.538,206.619,97.048,7.030,6.203,9.018,5.715,0.860,1.624,2.274,2.898,3.660,0.843,1.632,2.244,2.872,3.603,0.877,7.125,0.538,0.451,7.097,0.533,0.406,2.090,205.650,96.579
SYN-001665,2025-03-11T08:00:00+07:00,2.241,275.290,3.128,829.419,0,0,32.340,0,44.764,30.616,36.891,73.593,44.233,31.966,36.030,70.927,43.911,30.513,36.362,72.488,0,0,32.014,0,7.025,16.461,0.342,22.572,198.076,102.357,6.878,4.140,9.392,4.021,0.418,1.647,2.313,3.006,3.585,0.536,1.614,2.358,2.897,3.524,0.300,7.172,0.328,0.513,7.010,0.245,0.428,1.538,189.196,105.574
SYN-001666,2025-03-11T09:00:00+07:00,2.266,285.826,3.121,818.193,0.423,0,31.988,0,43.682,30.525,35.836,69.022,43.999,29.702,36.362,69.647,44.376,31.728,35.316,70.160,0.867,0,31.806,0,6.980,16.367,0.264,25.342,219.731,100.318,7.058,6.042,9.921,5.894,1.154,1.679,2.270,2.968,3.628,1.138,1.702,2.322,2.917,3.544,1.169,7.306,0.830,0.464,7.143,0.890,0.483,0.582,213.038,101.279
SYN-001667,2025-03-11T10:00:00+07:00,2.289,281.797,3.132,818.840,0.136,0,31.490,0,43.069,27.772,35.907,67.897,43.592,29.865,35.395,67.749,43.791,29.473,36.105,67.288,0.047,0,32.419,0,7.125,16.954,0.303,25.976,221.222,90.849,7.152,5.501,11.438,4.856,0.798,1.750,2.318,2.933,3.581,0.768,1.670,2.276,2.945,3.584,0.828,7.131,0.587,0.431,7.049,0.561,0.454,2.081,223.813,88.469
SYN-001668,2025-03-11T11:00:00+07:00,2.234,283.454,3.114,825.463,1.265,0,31.794,0,41.843,30.624,35.540,69.039,41.156,27.826,35.466,59.547,42.490,28.714,34.988,66.992,0,0,31.747,0,6.980,19.443,0.265,24.895,189.445,93.192,7.016,5.854,10.852,6.181,0.914,1.606,2.304,2.919,3.548,0.930,1.637,2.307,3.008,3.658,0.898,7.180,0.579,0.465,7.093,0.560,0.461,1.299,189.222,91.060
SYN-001669,2025-03-11T12:00:00+07:00,2.302,272.757,3.086,790.701,0,0,31.210,0,41.663,28.436,35.994,65.129,42.120,27.907,36.232,69.239,40.742,28.839,35.861,63.234,0,0,31.963,0,6.851,13.849,0.212,22.766,223.993,95.749,6.946,4.469,9.310,4.390,0.693,1.649,2.201,2.985,3.549,0.762,1.655,2.360,2.865,3.657,0.625,7.164,0.489,0.489,7.101,0.555,0.503,0.707,225.274,96.399
SYN-001670,2025-03-11T13:00:00+07:00,2.306,276.280,3.108,816.546,0,0,31.694,0,38.881,27.222,35.356,63.307,40.481,28.844,35.116,60.130,40.248,28.945,35.032,65.191,0,0,31.338,0,7.021,20.745,0.268,25.179,218.648,94.234,7.000,7.588,11.070,7.226,1.370,1.702,2.306,2.944,3.661,1.332,1.586,2.315,2.945,3.605,1.407,7.103,1.041,0.436,7.151,1.028,0.459,1.497,216.557,96.578
SYN-001671,2025-03-11T14:00:00+07:00,2.335,279.232,3.144,774.422,0,0,30.417,0,39.556,29.084,35.171,63.313,39.998,28.840,35.127,67.536,38.349,27.049,35.794,60.025,0,0,31.772,0,7.005,15.122,0.252,21.843,184.881,103.868,6.937,6.017,9.666,6.172,1.035,1.571,2.312,2.981,3.505,1.219,1.606,2.307,2.965,3.575,0.851,7.172,0.659,0.489,7.093,0.580,0.473,2.143,185.519,103.688
SYN-001672,2025-03-11T15:00:00+07:00,2.345,276.133,3.143,778.332,0,0,31.137,0,38.779,27.039,35.437,59.621,37.045,26.151,35.244,60.793,37.692,28.850,34.121,62.133,0.716,0,31.225,0,6.920,12.393,0.266,21.528,215.351,96.706,6.990,3.621,9.574,3.401,0.646,1.605,2.204,2.908,3.497,0.657,1.627,2.300,2.966,3.591,0.635,7.103,0.497,0.516,7.268,0.482,0.482,1.090,210.658,97.115
SYN-001673,2025-03-11T16:00:00+07:00,2.334,276.109,3.156,765.010,37.158,26.708,35.860,59.571,37.488,27.411,35.414,58.403,37.783,27.000,35.203,60.429,0,0,32.088,0,1.057,0,31.706,0,7.138,13.911,0.287,19.456,197.248,100.903,7.181,2.138,8.255,2.495,0.243,1.661,2.237,2.966,3.551,0.406,1.647,2.305,2.961,3.620,0.079,7.223,0.041,0.524,7.171,0.038,0.458,0.412,203.901,99.891
SYN-001674,2025-03-11T17:00:00+07:00,2.333,266.330,3.169,774.045,36.441,26.331,36.208,57.764,38.258,28.352,35.984,64.588,37.118,27.762,35.807,59.015,0.761,0,31.997,0,0.471,0,31.741,0,7.006,11.569,0.286,21.383,223.385,100.641,7.022,4.428,7.727,4.528,0.925,1.705,2.308,2.975,3.612,0.897,1.595,2.390,2.911,3.592,0.953,7.189,0.726,0.423,7.064,0.743,0.494,0.847,230.919,100.719
SYN-001675,2025-03-11T18:00:00+07:00,2.363,268.435,3.193,792.240,36.616,25.664,34.515,59.095,35.891,25.029,35.156,53.919,35.812,27.177,35.792,58.008,0,0,30.961,0,0,0,31.778,0,7.146,10.732,0.274,22.335,196.486,98.684,7.186,5.072,10.587,5.265,0.950,1.645,2.300,3.064,3.591,0.904,1.681,2.284,2.966,3.504,0.997,7.120,0.664,0.471,7.156,0.630,0.521,1.932,191.170,98.545
SYN-001676,2025-03-11T19:00:00+07:00,2.408,277.218,3.187,771.799,37.241,28.410,35.257,59.554,36.335,26.880,35.036,57.477,36.118,26.104,35.172,58.700,0.817,0,31.619,0,0,0,31.437,0,6.944,15.016,0.257,22.871,191.104,96.415,7.003,5.503,10.832,5.118,1.004,1.676,2.271,2.900,3.591,0.997,1.713,2.242,2.985,3.622,1.012,7.111,0.716,0.503,7.143,0.644,0.382,2.099,188.007,96.927
SYN-001677,2025-03-11T20:00:00+07:00,2.384,275.111,3.164,761.744,38.153,27.218,36.056,62.548,34.889,26.122,35.387,55.637,38.534,27.151,35.614,61.949,0.315,0,31.587,0,0.039,0,31.489,0,7.055,17.540,0.301,25.388,190.994,100.464,7.154,6.771,10.021,6.828,1.057,1.603,2.321,2.979,3.627,1.061,1.736,2.362,2.979,3.584,1.052,7.183,0.843,0.485,7.002,0.844,0.455,2.502,186.210,101.237
SYN-001678,2025-03-11T21:00:00+07:00,2.376,279.573,3.187,805.147,37.822,26.547,35.815,57.372,38.435,26.988,35.789,58.883,39.002,27.684,35.469,59.618,0.205,0,31.189,0,0,0,30.718,0,6.926,17.547,0.309,23.680,193.890,110.627,6.956,7.165,10.417,6.762,1.292,1.674,2.285,2.985,3.599,1.280,1.707,2.262,2.998,3.579,1.304,7.119,0.824,0.511,7.104,0.886,0.546,1.891,200.130,114.146
SYN-001679,2025-03-11T22:00:00+07:00,2.413,278.222,3.203,799.580,39.682,26.996,35.721,62.129,38.195,26.248,35.163,61.040,39.317,29.540,35.578,62.137,0,0,30.668,0,0.884,0,32.130,0,7.035,19.069,0.340,23.013,197.650,94.864,7.124,7.865,9.581,7.990,1.378,1.712,2.256,2.965,3.702,1.485,1.635,2.361,3.041,3.636,1.271,7.164,1.004,0.480,7.208,1.010,0.473,1.564,194.372,96.721
SYN-001680,2025-03-11T23:00:00+07:00,2.426,270.542,3.192,786.190,40.112,28.319,35.033,62.571,41.504,27.658,36.565,66.444,40.196,28.116,35.924,61.378,0.393,0,31.058,0,0,0,31.555,0,7.092,16.992,0.279,24.597,217.339,103.971,7.140,4.352,9.524,4.105,0.706,1.626,2.323,2.873,3.663,0.640,1.700,2.337,3.015,3.647,0.772,7.189,0.529,0.456,7.048,0.517,0.548,1.144,215.387,99.786
SYN-001681,2025-03-12T00:00:00+07:00,2.342,269.174,3.212,798.924,40.911,29.553,36.004,66.435,40.230,26.993,35.346,61.989,0.686,0,31.532,0,0.107,0,31.766,0,41.240,29.525,35.028,67.025,7.187,11.578,0.277,24.874,218.190,97.321,7.132,3.554,9.605,4.032,0.637,1.660,2.264,2.972,3.601,0.430,1.613,2.285,2.872,3.575,0.845,7.186,0.500,0.471,7.168,0.495,0.512,1.989,217.627,95.942
SYN-001682,2025-03-12T01:00:00+07:00,2.427,269.752,3.163,831.463,42.996,31.808,35.987,67.872,42.077,28.848,34.985,66.649,0,0,31.972,0,0.045,0,31.177,0,41.717,26.886,35.846,66.349,7.093,15.838,0.269,24.825,222.042,105.478,7.068,5.869,10.753,6.466,0.776,1.643,2.273,2.936,3.567,0.879,1.613,2.275,2.905,3.635,0.673,7.168,0.508,0.528,7.227,0.528,0.552,2.025,217.915,106.154
SYN-001683,2025-03-12T02:00:00+07:00,2.466,264.349,3.206,809.343,41.903,30.323,35.047,65.676,43.817,30.124,36.584,70.546,0.598,0,31.148,0,0.398,0,31.817,0,43.738,29.637,35.466,70.922,6.928,14.619,0.283,25.300,217.119,103.216,6.812,4.371,10.197,4.462,0.762,1.668,2.322,2.905,3.627,0.560,1.689,2.337,2.997,3.632,0.963,7.210,0.612,0.481,7.121,0.629,0.492,0.777,215.072,106.883
SYN-001684,2025-03-12T03:00:00+07:00,2.539,273.303,3.210,808.768,45.199,31.343,35.431,73.757,44.628,31.931,35.750,71.889,0.725,0,32.182,0,0.223,0,31.284,0,43.778,30.798,36.178,67.458,7.110,18.260,0.293,27.111,203.165,104.956,7.062,6.842,10.410,7.888,1.134,1.728,2.290,2.925,3.606,1.244,1.723,2.320,2.845,3.614,1.024,7.130,0.784,0.465,7.066,0.841,0.476,2.028,194.087,105.062
SYN-001685,2025-03-12T04:00:00+07:00,2.510,277.074,3.188,836.614,44.600,30.490,36.314,72.810,45.424,31.503,35.925,75.507,0.191,0,32.022,0,0,0,31.143,0,45.149,30.937,36.317,72.117,6.922,19.139,0.259,26.216,214.753,99.626,6.859,6.849,11.501,7.282,1.218,1.570,2.281,2.937,3.603,1.493,1.714,2.254,2.916,3.596,0.944,7.169,0.943,0.470,7.268,0.949,0.469,1.372,219.155,101.158
SYN-001686,2025-03-12T05:00:00+07:00,2.527,267.154,3.210,831.472,45.503,30.933,35.710,73.891,44.774,31.233,36.055,73.098,0,0,31.284,0,0,0,31.027,0,45.259,33.192,35.686,70.003,7.041,17.290,0.344,25.023,210.617,102.724,7.095,6.268,10.657,5.880,1.135,1.670,2.341,2.975,3.588,1.032,1.709,2.341,2.880,3.546,1.239,7.196,0.839,0.505,7.141,0.897,0.476,1.367,214.214,101.839
SYN-001687,2025-03-12T06:00:00+07:00,2.521,276.327,3.208,857.936,44.191,30.639,35.427,66.384,44.684,31.427,36.393,72.628,0,0,31.841,0,0,0,31.372,0,45.141,31.618,35.905,74.704,6.981,12.824,0.289,23.210,217.801,99.447,7.048,5.700,9.486,5.560,0.741,1.629,2.296,2.974,3.612,0.837,1.539,2.279,2.951,3.579,0.645,7.086,0.434,0.497,7.054,0.398,0.468,2.272,219.739,100.467
SYN-001688,2025-03-12T07:00:00+07:00,2.553,267.453,3.208,819.311,43.906,31.002,35.953,69.976,44.889,30.466,35.884,70.773,0,0,32.026,0,0.453,0,31.326,0,45.111,31.386,35.515,70.749,7.332,13.706,0.291,24.837,204.114,101.207,7.387,4.367,8.363,4.519,0.769,1.624,2.246,2.973,3.576,0.621,1.614,2.333,2.957,3.583,0.918,7.174,0.538,0.518,7.064,0.523,0.503,0.773,196.852,101.045
SYN-001689,2025-03-12T08:00:00+07:00,2.567,260.675,3.246,830.975,43.957,31.492,35.817,68.638,0,0,31.207,0,0,0,31.895,0,44.479,29.929,35.658,70.505,43.793,29.243,35.752,69.509,6.950,12.534,0.276,24.282,207.763,95.772,7.048,5.765,10.345,5.271,0.967,1.697,2.211,2.987,3.676,0.932,1.663,2.327,3.001,3.581,1.003,7.158,0.652,0.510,7.113,0.615,0.448,1.503,207.059,93.866
SYN-001690,2025-03-12T09:00:00+07:00,2.583,258.282,3.232,852.414,43.926,29.689,36.036,67.166,0.497,0,31.137,0,0,0,32.516,0,43.821,32.740,36.099,68.947,44.340,30.296,34.896,73.811,7.128,19.888,0.266,27.798,205.003,102.496,7.115,6.545,11.717,6.720,1.065,1.655,2.393,2.954,3.677,0.915,1.648,2.258,2.939,3.565,1.216,7.039,0.755,0.485,7.333,0.731,0.430,2.009,200.179,105.185
SYN-001691,2025-03-12T10:00:00+07:00,2.562,254.805,3.221,829.256,43.775,30.052,36.111,71.070,0.323,0,31.695,0,0,0,31.478,0,42.916,30.061,35.911,66.471,44.124,30.121,36.155,69.906,7.016,16.503,0.306,25.940,186.944,95.249,7.034,6.416,11.857,6.631,1.221,1.688,2.281,2.967,3.553,1.149,1.698,2.270,2.842,3.647,1.292,7.190,0.797,0.485,7.200,0.825,0.448,2.338,190.428,93.908
SYN-001692,2025-03-12T11:00:00+07:00,2.647,257.312,3.220,810.958,40.749,30.262,35.855,63.313,0,0,32.142,0,0,0,31.930,0,41.724,29.254,35.139,69.179,43.067,30.408,35.693,68.589,6.955,13.372,0.236,26.612,218.193,101.469,6.850,3.486,9.097,3.509,0.597,1.578,2.294,2.969,3.572,0.458,1.676,2.391,2.955,3.575,0.737,7.103,0.474,0.500,7.214,0.448,0.516,1.273,220.013,100.802
SYN-001693,2025-03-12T12:00:00+07:00,2.569,271.771,3.328,809.165,41.376,30.698,35.101,66.615,1.826,0,31.758,0,0.667,0,31.660,0,40.981,28.806,35.608,62.517,40.535,27.753,35.079,63.529,6.925,14.929,0.290,23.694,191.516,90.364,6.886,5.861,11.696,7.258,0.892,1.638,2.296,2.946,3.507,0.974,1.691,2.275,2.933,3.608,0.810,7.065,0.511,0.436,7.246,0.489,0.424,1.916,194.110,90.165
SYN-001694,2025-03-12T13:00:00+07:00,2.542,265.589,3.244,793.433,39.938,28.503,35.610,62.549,0,0,31.017,0,0,0,31.497,0,40.117,30.457,36.046,65.308,38.197,25.646,35.582,61.903,6.888,14.028,0.302,24.133,193.312,101.552,6.945,6.243,10.392,6.366,0.928,1.654,2.266,2.991,3.614,0.690,1.647,2.221,2.949,3.582,1.166,7.143,0.676,0.561,7.197,0.643,0.433,0.738,181.432,102.011
SYN-001695,2025-03-12T14:00:00+07:00,2.586,261.726,3.266,802.900,39.122,29.142,35.668,64.492,0,0,31.760,0,0,0,30.895,0,39.273,26.891,34.821,64.882,39.346,28.047,35.133,63.725,7.124,17.900,0.296,24.792,203.463,97.324,6.987,5.431,11.133,5.606,0.908,1.635,2.359,2.953,3.637,0.860,1.611,2.306,2.930,3.654,0.956,7.139,0.707,0.526,7.064,0.683,0.488,1.798,195.903,93.992
SYN-001696,2025-03-12T15:00:00+07:00,2.610,264.362,3.221,800.650,38.525,27.222,34.985,64.202,0,0,31.084,0,0,0,31.670,0,37.361,26.682,35.244,59.779,38.099,27.450,35.609,62.970,7.077,17.375,0.353,25.622,206.087,100.702,7.015,4.993,13.032,5.373,0.911,1.653,2.345,2.924,3.570,0.861,1.634,2.270,2.903,3.543,0.960,7.255,0.709,0.493,7.120,0.752,0.401,2.314,205.940,102.847
SYN-001697,2025-03-12T16:00:00+07:00,2.668,260.217,3.207,770.763,0,0,31.513,0,0,0,31.507,0,37.210,27.838,35.116,59.240,37.629,27.296,35.493,58.569,38.847,28.285,34.755,60.794,6.994,16.170,0.273,26.588,228.904,97.936,6.930,6.671,10.676,6.099,1.075,1.607,2.276,2.950,3.705,1.047,1.676,2.349,2.841,3.597,1.103,7.095,0.730,0.473,7.093,0.683,0.564,1.960,223.110,101.417
SYN-001698,2025-03-12T17:00:00+07:00,2.630,252.987,3.287,762.428,0,0,31.968,0,0,0,31.488,0,38.201,27.461,35.374,59.491,36.194,26.337,34.908,54.525,37.946,28.547,35.790,60.710,7.053,19.901,0.258,25.349,211.607,102.811,7.013,6.093,11.585,5.336,1.188,1.669,2.306,2.962,3.567,1.213,1.611,2.333,2.896,3.698,1.163,7.063,0.795,0.456,7.104,0.741,0.471,1.304,212.558,104.161
SYN-001699,2025-03-12T18:00:00+07:00,2.588,267.216,3.267,808.393,0.605,0,30.579,0,0,0,30.942,0,36.274,25.668,34.734,60.599,36.670,26.555,35.633,58.208,37.366,27.521,35.941,59.547,7.009,14.196,0.221,23.072,209.498,87.003,7.016,3.296,11.526,3.187,0.559,1.734,2.239,2.922,3.553,0.576,1.623,2.270,2.841,3.601,0.543,7.104,0.427,0.469,7.072,0.434,0.532,1.517,215.308,90.030
SYN-001700,2025-03-12T19:00:00+07:00,2.696,256.049,3.299,784.092,0.547,0,31.558,0,0.021,0,31.553,0,36.917,28.422,34.319,57.207,37.742,26.660,34.992,61.362,38.119,27.251,34.732,61.848,7.129,18.373,0.255,25.469,219.554,101.461,7.049,8.077,10.717,8.436,1.380,1.659,2.300,2.929,3.627,1.332,1.684,2.252,2.903,3.582,1.428,7.164,1.007,0.450,7.160,1.023,0.441,1.128,215.601,103.373
SYN-001701,2025-03-12T20:00:00+07:00,2.664,257.584,3.318,782.245,0.779,0,31.275,0,0.050,0,31.766,0,39.306,27.692,35.047,61.421,37.589,27.517,35.017,58.066,37.622,26.849,35.612,58.596,7.090,16.466,0.287,23.195,213.322,105.088,7.188,3.731,9.076,3.828,0.495,1.647,2.233,2.873,3.631,0.582,1.667,2.252,2.892,3.671,0.408,7.152,0.546,0.464,7.096,0.532,0.449,1.524,219.251,103.638
SYN-001702,2025-03-12T21:00:00+07:00,2.758,259.375,3.305,781.653,0,0,31.157,0,0,0,31.081,0,39.399,27.279,36.241,62.262,37.155,26.809,34.727,65.518,37.420,25.127,34.738,60.794,7.097,17.645,0.228,26.325,232.437,105.317,7.184,5.847,11.037,5.614,1.000,1.665,2.282,2.856,3.666,1.062,1.602,2.329,2.980,3.544,0.939,7.131,0.884,0.453,7.140,0.865,0.439,1.627,227.340,105.391
SYN-001703,2025-03-12T22:00:00+07:00,2.739,256.806,3.281,788.271,0.831,0,31.334,0,0,0,32.408,0,40.331,29.606,35.051,58.094,38.363,27.289,35.215,62.672,40.666,27.646,35.536,62.749,6.968,20.026,0.297,24.762,227.493,95.164,6.917,8.462,10.234,8.533,1.421,1.739,2.253,2.883,3.594,1.194,1.663,2.337,3.002,3.592,1.648,7.159,0.973,0.400,7.162,0.915,0.451,0.692,218.783,93.182
SYN-001704,2025-03-12T23:00:00+07:00,2.712,256.852,3.263,811.343,0,0,32.137,0,0.064,0,31.215,0,40.148,28.239,35.668,63.867,40.202,27.567,35.761,61.220,39.950,27.156,35.176,63.983,7.016,15.075,0.286,27.198,219.692,105.054,6.979,6.984,10.972,6.311,1.200,1.631,2.345,2.975,3.549,1.102,1.660,2.283,2.925,3.639,1.297,7.174,0.946,0.504,7.143,0.971,0.431,2.203,223.439,105.436
SYN-001705,2025-03-13T00:00:00+07:00,2.678,259.094,3.312,819.358,0.532,0,31.793,0,41.407,28.847,35.683,66.311,41.043,29.668,35.958,65.869,41.993,27.552,35.611,67.355,0,0,32.084,0,7.173,19.342,0.334,25.203,187.841,97.695,7.077,7.721,10.104,7.218,1.290,1.625,2.310,2.926,3.535,1.293,1.602,2.332,2.928,3.636,1.286,7.173,0.865,0.516,7.277,0.828,0.448,2.276,193.129,94.497
SYN-001706,2025-03-13T01:00:00+07:00,2.717,253.995,3.324,802.491,0,0,31.068,0,41.836,28.736,35.357,69.318,42.640,29.985,35.447,69.588,42.163,29.511,35.825,65.283,1.090,0,31.505,0,7.222,14.705,0.284,27.882,187.209,101.305,7.183,4.700,11.669,4.305,0.826,1.563,2.368,2.982,3.587,0.798,1.564,2.314,2.967,3.572,0.854,7.128,0.696,0.420,7.131,0.694,0.429,1.538,189.370,103.936
SYN-001707,2025-03-13T02:00:00+07:00,2.757,256.244,3.296,829.491,0,0,31.154,0,42.373,30.069,35.565,68.200,43.923,29.185,35.742,76.482,44.447,30.462,36.109,70.534,0,0,32.286,0,6.816,17.557,0.275,24.257,212.784,99.087,6.909,5.960,10.574,5.875,0.867,1.687,2.276,2.923,3.508,0.682,1.612,2.303,2.949,3.667,1.052,7.169,0.581,0.493,7.149,0.601,0.431,1.652,213.517,102.988
SYN-001708,2025-03-13T03:00:00+07:00,2.734,243.607,3.331,831.284,1.239,0,31.520,0,43.475,30.465,35.889,69.822,44.197,31.197,35.789,71.760,44.997,32.771,36.958,74.288,0.971,0,31.568,0,7.044,19.764,0.280,24.146,194.814,83.409,7.097,7.908,9.453,8.065,1.171,1.653,2.315,2.920,3.547,1.005,1.585,2.256,2.890,3.573,1.338,7.164,0.941,0.458,7.095,0.962,0.497,1.359,196.517,84.294
SYN-001709,2025-03-13T04:00:00+07:00,2.697,260.442,3.338,842.424,0,0,31.803,0,44.477,30.190,35.616,73.001,44.382,31.164,36.686,71.706,44.458,31.900,35.878,71.391,0,0,31.609,0,6.962,18.064,0.299,22.301,221.281,104.785,7.063,3.209,8.335,2.564,0.698,1.655,2.289,2.930,3.641,0.666,1.679,2.297,2.982,3.545,0.730,7.167,0.433,0.435,7.184,0.450,0.463,1.230,219.377,105.282
SYN-001710,2025-03-13T05:00:00+07:00,2.726,258.494,3.349,848.864,0.004,0,31.776,0,44.055,29.126,35.543,68.779,44.824,30.309,35.796,73.431,44.741,29.915,35.554,72.761,1.260,0,31.847,0,7.104,22.491,0.245,28.450,176.636,99.920,7.022,7.072,12.580,7.533,1.038,1.686,2.332,2.860,3.652,1.011,1.683,2.271,3.011,3.544,1.066,7.186,0.788,0.526,7.256,0.762,0.412,1.448,176.102,99.893
SYN-001711,2025-03-13T06:00:00+07:00,2.765,257.178,3.341,817.449,0.844,0,30.947,0,44.356,30.657,36.513,71.237,44.154,31.522,35.931,70.298,44.461,31.124,36.301,71.671,0.439,0,30.694,0,7.077,19.075,0.294,26.667,182.671,98.758,7.139,5.923,9.702,5.978,0.834,1.689,2.270,3.014,3.641,0.778,1.674,2.229,2.959,3.633,0.890,7.141,0.538,0.500,7.180,0.530,0.478,1.482,180.669,99.691
SYN-001712,2025-03-13T07:00:00+07:00,2.828,258.131,3.309,855.687,0,0,31.168,0,44.760,30.909,36.387,73.827,45.162,30.079,35.621,72.659,45.091,31.527,35.507,71.511,0.555,0,31.531,0,6.864,14.761,0.270,24.847,206.193,108.437,6.788,4.787,10.414,4.833,0.856,1.688,2.352,3.011,3.608,0.937,1.581,2.283,2.977,3.632,0.776,7.264,0.660,0.429,7.128,0.613,0.465,1.027,201.049,110.554
SYN-001713,2025-03-13T08:00:00+07:00,2.803,254.490,3.290,832.744,44.771,30.274,36.116,71.608,43.755,29.948,35.767,72.039,45.162,31.113,35.754,71.093,0,0,31.500,0,0,0,31.983,0,7.131,18.408,0.309,24.869,209.396,97.080,7.101,5.868,10.467,5.574,0.866,1.580,2.351,2.946,3.626,0.926,1.733,2.257,2.995,3.621,0.806,7.175,0.534,0.425,7.203,0.553,0.471,1.135,204.070,97.171
SYN-001714,2025-03-13T09:00:00+07:00,2.755,238.756,3.322,814.874,43.302,31.007,35.862,71.921,43.460,31.103,35.889,67.588,43.695,29.461,35.883,73.561,0.331,0,31.585,0,0,0,31.996,0,6.992,16.620,0.298,26.587,209.966,98.433,7.036,6.327,10.535,6.880,0.944,1.608,2.225,2.916,3.640,0.881,1.640,2.225,2.927,3.528,1.007,7.077,0.553,0.529,7.142,0.565,0.461,1.836,205.501,102.611
SYN-001715,2025-03-13T10:00:00+07:00,2.769,254.696,3.335,844.434,41.654,28.967,35.233,64.799,42.036,30.813,35.758,65.451,42.717,28.997,35.929,66.948,0,0,31.435,0,0.534,0,31.667,0,6.943,19.658,0.292,24.346,211.846,97.584,6.885,6.646,11.558,6.687,1.024,1.614,2.225,2.937,3.564,1.006,1.714,2.345,2.940,3.618,1.043,7.136,0.658,0.482,7.041,0.687,0.448,2.104,210.468,98.645
SYN-001716,2025-03-13T11:00:00+07:00,2.795,243.271,3.325,819.152,42.208,28.202,35.960,66.066,42.360,31.419,35.481,66.058,41.787,29.132,35.428,66.176,0,0,31.647,0,0,0,31.730,0,7.115,16.838,0.296,24.418,220.214,99.352,7.013,5.532,12.106,6.284,1.038,1.619,2.250,2.945,3.620,1.149,1.621,2.268,2.950,3.644,0.927,7.066,0.613,0.497,7.165,0.606,0.455,1.825,223.047,100.052
SYN-001717,2025-03-13T12:00:00+07:00,2.827,250.204,3.304,798.664,41.505,29.228,35.571,65.252,41.307,28.678,35.725,65.719,41.680,28.946,35.901,67.521,0.132,0,31.172,0,0.522,0,31.799,0,7.035,19.451,0.275,27.750,217.516,91.936,7.087,4.645,12.329,4.800,0.830,1.621,2.290,2.973,3.566,0.907,1.668,2.261,2.857,3.597,0.754,7.112,0.601,0.444,7.105,0.613,0.515,1.273,209.954,90.777
SYN-001718,2025-03-13T13:00:00+07:00,2.745,250.248,3.308,812.499,40.179,29.063,35.314,63.038,41.641,28.832,34.995,70.161,40.195,26.975,35.714,65.518,0,0,31.365,0,0.488,0,31.142,0,7.089,14.072,0.279,22.446,169.202,106.006,7.076,4.824,8.408,4.635,0.872,1.621,2.266,2.925,3.597,0.890,1.721,2.226,2.920,3.579,0.853,7.073,0.718,0.519,7.178,0.737,0.338,1.590,174.011,104.627
SYN-001719,2025-03-13T14:00:00+07:00,2.770,255.155,3.346,789.911,39.279,28.329,35.434,63.334,38.363,26.541,35.022,62.042,39.206,27.789,34.905,67.457,0.141,0,32.631,0,0,0,31.442,0,7.049,20.224,0.247,23.973,202.266,97.072,6.985,8.791,10.254,8.546,1.345,1.612,2.300,2.993,3.614,1.253,1.628,2.297,2.892,3.566,1.436,7.068,0.954,0.457,7.136,0.917,0.542,1.378,199.499,95.428
SYN-001720,2025-03-13T15:00:00+07:00,2.854,250.974,3.370,783.087,38.191,27.200,34.621,62.185,38.087,24.146,35.238,60.504,38.970,26.284,35.066,60.070,0,0,31.600,0,0,0,30.936,0,7.075,18.169,0.292,24.611,202.315,105.626,7.113,8.382,11.851,8.957,1.380,1.656,2.342,2.961,3.583,1.468,1.576,2.265,2.932,3.630,1.292,7.131,1.008,0.492,7.215,0.950,0.435,1.722,207.263,106.477
SYN-001721,2025-03-13T16:00:00+07:00,2.858,246.753,3.315,798.676,37.581,27.460,35.929,60.677,37.323,26.410,35.554,60.457,0,0,31.682,0,1.252,0,32.077,0,36.631,25.436,35.682,60.251,6.881,21.734,0.294,27.184,184.970,96.911,6.843,7.206,11.746,7.246,1.244,1.662,2.286,2.977,3.663,1.114,1.724,2.372,2.926,3.712,1.374,7.151,0.898,0.470,7.209,0.867,0.376,1.783,183.846,99.059
SYN-001722,2025-03-13T17:00:00+07:00,2.813,251.832,3.383,781.721,38.020,27.069,34.361,59.464,36.304,26.343,35.049,56.599,0,0,30.896,0,0,0,31.087,0,37.755,25.877,35.259,56.213,7.081,20.251,0.255,23.466,215.360,102.239,7.039,5.863,10.164,5.018,1.041,1.633,2.363,2.991,3.597,0.829,1.624,2.327,2.992,3.538,1.254,7.152,0.692,0.475,7.198,0.642,0.464,0.842,215.432,101.185
SYN-001723,2025-03-13T18:00:00+07:00,2.828,243.230,3.336,790.735,37.061,26.559,35.424,58.335,36.581,25.752,34.714,59.947,0,0,31.989,0,0.709,0,32.204,0,35.975,24.711,35.400,57.784,7.021,23.332,0.255,26.043,206.046,91.282,6.991,7.859,11.629,7.622,1.432,1.683,2.217,2.985,3.588,1.338,1.697,2.312,3.016,3.517,1.527,7.117,0.933,0.469,7.099,0.917,0.504,1.432,196.982,91.719
SYN-001724,2025-03-13T19:00:00+07:00,2.800,247.948,3.323,779.906,35.956,24.825,35.728,57.909,38.098,29.144,35.652,64.616,0,0,31.990,0,0.244,0,31.201,0,37.348,27.095,34.638,62.611,6.974,17.886,0.309,27.163,187.746,95.646,7.051,7.037,11.366,6.720,1.179,1.652,2.294,2.985,3.525,1.133,1.638,2.342,3.004,3.583,1.225,7.110,0.827,0.461,7.027,0.833,0.466,1.569,199.305,99.052
SYN-001725,2025-03-13T20:00:00+07:00,2.841,249.237,3.340,769.476,37.307,28.265,34.583,62.179,37.304,25.832,35.324,61.167,0,0,31.549,0,0,0,31.829,0,37.966,26.141,33.753,58.418,6.974,20.297,0.245,26.761,199.837,93.571,6.908,5.463,9.731,5.639,1.107,1.601,2.268,2.909,3.596,1.029,1.753,2.324,2.818,3.641,1.184,7.263,0.842,0.477,7.143,0.871,0.405,1.964,190.175,92.316
SYN-001726,2025-03-13T21:00:00+07:00,2.695,258.946,3.287,784.979,39.069,27.203,35.234,61.508,39.600,28.320,35.027,63.486,0,0,31.747,0,0.347,0,32.551,0,38.281,28.997,35.728,62.540,7.046,21.487,0.301,30.734,198.614,96.266,7.015,9.511,14.967,9.623,1.590,1.698,2.357,2.998,3.616,1.613,1.619,2.280,2.913,3.570,1.566,7.149,1.256,0.507,7.109,1.290,0.503,2.865,196.932,100.602
SYN-001727,2025-03-13T22:00:00+07:00,2.777,236.038,3.315,808.109,38.449,27.267,35.281,58.730,38.631,27.889,34.746,63.948,0.253,0,31.595,0,0,0,31.659,0,39.977,29.138,35.313,64.573,7.162,20.652,0.290,26.043,212.213,100.338,7.116,7.440,11.245,7.222,1.326,1.693,2.293,2.971,3.558,1.351,1.558,2.266,2.894,3.541,1.300,7.185,0.887,0.489,7.126,0.872,0.458,2.009,210.069,100.549
SYN-001728,2025-03-13T23:00:00+07:00,2.715,245.995,3.302,805.924,40.776,27.873,35.532,65.756,41.269,27.395,35.035,70.001,0.754,0,31.497,0,0,0,31.289,0,40.536,29.448,35.587,67.299,7.095,20.335,0.351,26.526,177.367,97.005,7.071,7.834,12.244,8.000,1.285,1.662,2.213,2.899,3.577,1.090,1.745,2.318,2.915,3.562,1.480,7.146,0.822,0.447,7.023,0.794,0.499,3.060,194.435,96.896
SYN-001729,2025-03-14T00:00:00+07:00,2.764,246.386,3.342,793.113,40.688,28.690,36.068,64.781,0,0,31.609,0,0,0,31.824,0,41.167,29.277,36.210,67.138,40.478,28.437,36.423,64.836,6.990,22.920,0.304,25.895,205.328,95.286,6.930,7.947,11.307,7.559,1.246,1.683,2.286,2.937,3.546,1.325,1.747,2.300,2.989,3.585,1.166,7.135,0.914,0.482,7.090,0.972,0.381,1.828,209.307,93.049
SYN-001730,2025-03-14T01:00:00+07:00,2.828,235.501,3.358,809.552,41.847,28.141,35.593,66.587,0.328,0,32.082,0,0,0,31.611,0,42.642,27.462,36.196,67.353,42.626,30.695,35.407,68.225,7.090,17.400,0.273,23.983,198.525,103.996,7.108,6.013,9.686,6.716,0.953,1.590,2.231,2.925,3.671,0.939,1.638,2.279,3.029,3.511,0.967,7.171,0.651,0.494,7.220,0.628,0.512,1.693,196.224,103.578
SYN-001731,2025-03-14T02:00:00+07:00,2.779,246.373,3.308,832.113,43.375,31.839,36.240,70.888,0,0,31.721,0,0.660,0,31.075,0,43.282,29.884,35.633,66.348,42.264,30.164,35.673,71.814,7.056,21.841,0.310,29.583,183.860,97.801,7.117,8.762,12.871,8.665,1.394,1.662,2.353,2.957,3.583,1.304,1.662,2.269,3.037,3.541,1.485,7.297,0.898,0.555,7.158,0.958,0.423,1.632,189.717,97.338
SYN-001732,2025-03-14T03:00:00+07:00,2.789,244.359,3.305,823.837,44.286,30.000,35.524,66.298,0,0,31.744,0,1.533,0,30.987,0,43.463,30.143,36.527,68.995,45.750,31.376,36.686,75.123,7.164,22.718,0.270,27.248,206.857,99.277,7.219,6.953,12.393,7.006,1.158,1.634,2.296,2.901,3.533,1.147,1.605,2.273,2.960,3.576,1.169,7.092,0.815,0.484,7.026,0.844,0.521,1.735,204.109,98.901
SYN-001733,2025-03-14T04:00:00+07:00,2.793,244.129,3.304,829.621,43.773,31.080,35.738,69.511,0,0,31.867,0,0.185,0,32.181,0,43.708,29.509,35.691,70.250,44.468,32.145,35.800,70.248,7.038,22.867,0.303,28.760,197.915,103.251,7.092,7.588,10.768,7.235,1.368,1.735,2.318,2.997,3.553,1.347,1.609,2.332,2.952,3.603,1.389,7.163,0.942,0.454,7.047,0.976,0.483,1.568,199.545,104.892
SYN-001734,2025-03-14T05:00:00+07:00,2.717,246.585,3.329,849.905,44.601,32.584,35.781,73.854,0,0,31.469,0,0,0,31.543,0,45.051,29.264,35.659,68.752,44.952,30.835,36.467,71.461,7.082,24.252,0.274,25.363,194.153,103.530,7.052,9.071,9.570,9.006,1.642,1.692,2.301,2.940,3.625,1.406,1.745,2.249,2.999,3.606,1.878,7.221,1.299,0.496,6.992,1.299,0.518,1.853,189.946,103.529
SYN-001735,2025-03-14T06:00:00+07:00,2.726,237.002,3.297,857.380,44.661,32.002,35.472,71.635,0.847,0,30.940,0,0,0,31.342,0,45.497,30.737,35.673,71.845,45.052,31.837,36.156,71.106,7.079,21.821,0.307,30.918,203.601,85.757,7.036,8.856,13.292,8.917,1.481,1.681,2.348,2.897,3.657,1.454,1.609,2.317,2.959,3.624,1.508,7.097,1.041,0.475,7.221,1.102,0.456,2.641,207.808,87.047
SYN-001736,2025-03-14T07:00:00+07:00,2.725,237.635,3.307,836.841,43.306,30.165,35.825,69.017,0.219,0,32.023,0,0.279,0,31.761,0,44.050,30.060,36.392,71.459,45.307,32.076,36.688,68.757,7.021,23.574,0.309,26.315,184.861,106.238,7.089,8.986,11.647,8.409,1.594,1.645,2.317,2.979,3.621,1.473,1.599,2.275,2.974,3.619,1.715,7.140,1.025,0.523,7.104,1.026,0.413,1.902,175.269,109.142
SYN-001737,2025-03-14T08:00:00+07:00,2.784,241.245,3.308,820.765,0.079,0,31.465,0,0,0,31.550,0,44.765,30.492,35.953,68.872,45.558,32.372,36.038,71.451,44.964,30.899,36.241,67.794,7.001,25.162,0.272,27.271,205.102,104.251,7.052,7.578,12.071,7.203,1.452,1.664,2.354,2.892,3.637,1.418,1.603,2.260,2.921,3.665,1.486,7.153,1.076,0.466,7.236,1.072,0.499,2.027,207.318,106.285
SYN-001738,2025-03-14T09:00:00+07:00,2.759,247.524,3.320,839.918,0,0,32.034,0,0,0,31.560,0,43.473,31.002,35.701,68.840,44.141,31.278,36.060,70.628,44.142,29.599,36.345,69.778,7.107,23.555,0.262,25.688,193.588,104.736,7.065,10.214,10.945,10.964,1.614,1.697,2.330,2.949,3.637,1.529,1.635,2.312,2.945,3.609,1.698,7.126,1.124,0.462,7.064,1.192,0.485,1.991,194.311,106.050
SYN-001739,2025-03-14T10:00:00+07:00,2.774,242.231,3.335,820.358,0.244,0,31.518,0,0.150,0,31.096,0,42.369,30.536,36.163,69.052,42.858,31.415,36.432,66.950,41.734,30.295,36.372,59.833,6.965,28.826,0.294,32.323,190.765,93.217,6.942,9.781,13.101,9.450,1.668,1.619,2.299,2.902,3.663,1.632,1.598,2.364,3.006,3.556,1.705,7.137,1.162,0.449,7.161,1.201,0.456,2.266,191.211,90.420
SYN-001740,2025-03-14T11:00:00+07:00,2.752,241.159,3.307,820.637,0,0,31.237,0,0,0,31.840,0,43.019,30.944,36.085,67.753,41.799,29.949,35.788,63.581,42.778,30.991,35.458,67.249,7.004,26.081,0.260,27.948,200.313,90.608,6.903,9.400,10.704,9.175,1.507,1.622,2.312,2.900,3.613,1.521,1.600,2.269,2.945,3.640,1.492,7.131,1.123,0.521,7.169,1.111,0.389,2.042,205.734,87.101
SYN-001741,2025-03-14T12:00:00+07:00,2.737,248.915,3.326,824.864,0.039,0,31.278,0,0,0,32.095,0,39.690,27.082,35.454,61.547,42.092,29.775,36.284,71.523,40.015,27.323,34.944,63.240,7.040,26.192,0.328,25.216,200.360,93.940,7.009,9.517,9.000,9.822,1.442,1.646,2.326,2.905,3.620,1.619,1.636,2.286,3.019,3.550,1.266,7.102,1.044,0.449,7.109,1.024,0.459,1.595,202.138,94.033
SYN-001742,2025-03-14T13:00:00+07:00,2.696,248.023,3.315,810.361,0,0,31.266,0,0.568,0,31.239,0,41.037,28.445,35.582,66.868,38.971,26.363,35.591,61.601,39.317,26.247,35.723,62.051,6.922,29.112,0.268,27.693,198.419,100.359,6.936,10.004,11.173,9.459,1.584,1.607,2.325,2.841,3.664,1.654,1.593,2.370,2.942,3.556,1.514,7.135,1.215,0.472,7.164,1.266,0.490,2.425,201.707,98.956
SYN-001743,2025-03-14T14:00:00+07:00,2.718,240.620,3.265,804.365,0,0,31.287,0,0.278,0,31.708,0,38.998,26.816,35.602,59.536,39.967,29.791,36.254,65.014,38.606,26.981,34.904,61.259,6.775,29.981,0.291,26.257,208.193,93.659,6.771,9.530,10.352,9.519,1.521,1.704,2.249,2.925,3.593,1.660,1.698,2.309,2.877,3.569,1.381,7.068,1.003,0.485,7.125,0.997,0.462,1.728,210.702,93.273
SYN-001744,2025-03-14T15:00:00+07:00,2.711,235.309,3.322,761.516,0,0,31.478,0,0,0,31.292,0,38.265,28.576,35.439,66.767,37.807,26.933,35.270,56.817,38.330,26.674,35.534,60.972,7.110,28.175,0.321,26.132,201.204,96.045,7.163,11.343,11.521,10.771,1.810,1.665,2.311,2.901,3.496,1.613,1.630,2.366,3.021,3.646,2.008,7.109,1.354,0.482,7.162,1.332,0.448,2.437,198.727,92.325
SYN-001745,2025-03-14T16:00:00+07:00,2.724,235.692,3.292,797.228,1.102,0,32.033,0,37.190,26.338,35.123,59.780,37.656,26.730,35.469,64.402,37.664,27.477,35.581,61.981,1.208,0,31.193,0,7.157,21.966,0.260,27.492,200.226,94.601,7.183,7.515,12.987,7.300,1.184,1.660,2.284,2.983,3.675,1.335,1.592,2.365,2.991,3.633,1.034,7.101,0.758,0.490,7.095,0.726,0.493,2.044,207.799,97.619
SYN-001746,2025-03-14T17:00:00+07:00,2.734,237.390,3.291,778.681,0.806,0,31.366,0,36.378,27.610,35.287,58.230,38.496,28.631,35.119,62.273,36.999,24.506,35.553,57.578,0,0,32.175,0,6.895,22.288,0.271,29.920,198.471,103.284,6.859,8.750,12.541,9.242,1.524,1.625,2.379,3.043,3.617,1.433,1.665,2.264,2.869,3.591,1.615,7.064,1.107,0.509,7.205,1.100,0.416,2.157,205.495,103.355
SYN-001747,2025-03-14T18:00:00+07:00,2.639,240.216,3.329,801.051,0.041,0,32.050,0,37.007,26.988,35.281,60.358,35.835,24.833,34.532,57.204,36.689,25.264,35.131,62.495,0,0,31.518,0,7.081,26.412,0.277,26.206,194.407,104.798,7.116,10.270,10.321,10.092,1.724,1.690,2.213,2.954,3.624,1.594,1.717,2.252,2.997,3.618,1.854,7.272,1.244,0.486,7.042,1.188,0.487,1.269,194.899,105.059
SYN-001748,2025-03-14T19:00:00+07:00,2.629,231.886,3.307,768.764,0,0,31.167,0,37.110,25.837,34.917,58.176,36.756,26.788,35.432,57.370,37.154,28.560,34.888,61.321,1.284,0,31.216,0,7.064,22.517,0.323,28.928,202.695,103.015,7.015,7.778,12.343,7.358,1.127,1.600,2.286,2.992,3.670,1.100,1.736,2.289,2.981,3.555,1.154,7.182,0.877,0.430,7.035,0.867,0.456,2.079,203.774,101.254
SYN-001749,2025-03-14T20:00:00+07:00,2.749,234.272,3.320,764.465,0,0,31.847,0,37.238,27.565,34.500,58.702,37.590,27.360,34.835,58.141,37.998,28.224,35.417,61.431,0.345,0,31.637,0,7.108,28.191,0.238,28.823,187.666,102.168,7.178,10.477,11.527,10.386,1.734,1.658,2.350,2.917,3.615,1.583,1.644,2.260,2.935,3.576,1.884,7.135,1.298,0.470,7.156,1.224,0.452,1.562,191.064,103.588
SYN-001750,2025-03-14T21:00:00+07:00,2.634,236.807,3.267,778.099,0,0,32.016,0,38.896,28.616,35.815,62.799,38.222,27.362,35.006,64.186,37.875,28.429,35.887,58.742,0.516,0,31.744,0,7.051,31.888,0.296,31.322,198.415,93.364,6.941,9.301,13.477,9.192,1.661,1.590,2.342,2.988,3.597,1.414,1.665,2.327,2.948,3.528,1.908,7.196,1.148,0.428,7.117,1.139,0.534,2.368,189.291,96.094
SYN-001751,2025-03-14T22:00:00+07:00,2.587,238.787,3.299,785.703,0,0,30.968,0,39.254,27.824,36.434,60.021,39.052,26.966,35.802,63.658,39.025,27.593,35.314,63.267,1.069,0,32.090,0,6.893,29.122,0.324,28.284,225.557,94.257,6.902,11.031,12.810,11.722,1.856,1.626,2.254,2.960,3.610,1.692,1.618,2.281,2.956,3.619,2.019,7.163,1.271,0.487,7.142,1.325,0.456,1.924,227.340,95.606
SYN-001752,2025-03-14T23:00:00+07:00,2.609,240.443,3.270,796.014,0.080,0,31.744,0,38.749,27.544,35.496,61.758,39.867,30.807,34.901,62.814,40.190,27.637,35.550,65.968,0,0,32.000,0,7.070,33.408,0.263,33.571,191.106,98.882,7.058,12.334,14.577,11.501,2.114,1.739,2.328,2.850,3.605,1.958,1.676,2.305,2.957,3.619,2.270,7.253,1.619,0.463,7.140,1.617,0.470,2.963,182.941,98.435
SYN-001753,2025-03-15T00:00:00+07:00,2.565,240.891,3.252,816.112,40.773,29.674,36.227,67.355,41.331,29.868,35.706,63.155,40.095,28.603,35.656,61.304,0,0,31.289,0,0.958,0,31.849,0,7.076,27.743,0.286,28.734,215.953,96.040,7.012,11.422,12.912,11.712,1.936,1.675,2.319,3.009,3.615,1.861,1.629,2.325,2.988,3.598,2.011,7.130,1.416,0.476,7.106,1.413,0.450,1.921,220.069,96.457
SYN-001754,2025-03-15T01:00:00+07:00,2.552,241.147,3.262,807.323,41.667,30.539,36.413,69.131,40.326,29.078,34.923,63.849,41.749,28.268,36.023,64.768,0,0,31.440,0,0,0,31.968,0,7.069,25.648,0.264,29.393,226.043,103.195,7.063,10.876,13.278,10.457,1.790,1.721,2.290,2.944,3.602,1.716,1.621,2.327,3.026,3.698,1.864,7.179,1.440,0.505,7.042,1.438,0.463,1.526,232.853,103.896
SYN-001755,2025-03-15T02:00:00+07:00,2.609,238.113,3.231,849.879,44.081,29.718,36.100,73.092,42.556,29.126,34.681,66.240,41.216,29.210,35.275,64.631,0,0,31.538,0,1.194,0,30.707,0,6.947,28.840,0.279,33.209,220.124,95.402,6.968,10.446,15.040,10.155,1.830,1.673,2.296,2.985,3.614,1.723,1.685,2.255,2.940,3.625,1.937,7.157,1.310,0.468,7.282,1.317,0.552,2.278,222.966,94.346
SYN-001756,2025-03-15T03:00:00+07:00,2.593,234.149,3.198,837.798,44.249,30.905,34.945,69.454,43.317,30.902,34.910,73.267,42.332,29.536,35.700,69.608,0,0,30.981,0,0,0,31.101,0,7.097,34.373,0.346,28.144,222.880,107.112,7.033,13.814,13.480,13.545,2.236,1.670,2.273,2.926,3.613,2.143,1.636,2.321,2.934,3.633,2.329,7.106,1.568,0.466,7.173,1.600,0.487,2.151,226.685,103.209
SYN-001757,2025-03-15T04:00:00+07:00,2.448,236.266,3.258,820.953,44.742,32.788,36.010,67.534,44.517,30.949,35.363,75.183,44.579,32.247,35.859,71.173,0.022,0,31.545,0,0.096,0,31.921,0,7.115,29.896,0.244,29.618,209.184,95.780,7.152,10.796,11.097,10.224,1.620,1.642,2.262,2.943,3.708,1.494,1.664,2.260,2.981,3.621,1.747,7.205,1.282,0.443,7.108,1.241,0.475,1.436,213.324,97.368
SYN-001758,2025-03-15T05:00:00+07:00,2.532,243.017,3.195,858.426,45.036,31.303,35.888,71.365,45.029,31.648,35.556,72.285,44.361,29.841,35.304,69.413,0.382,0,31.346,0,0.430,0,31.934,0,7.153,31.508,0.263,32.799,225.088,99.674,7.091,11.790,13.870,11.947,1.967,1.627,2.304,2.921,3.584,1.990,1.642,2.273,2.974,3.638,1.944,7.136,1.355,0.381,7.022,1.363,0.391,1.948,225.097,99.031
SYN-001759,2025-03-15T06:00:00+07:00,2.529,237.442,3.267,850.938,44.787,30.943,36.448,70.493,45.161,31.748,35.601,72.912,45.290,31.907,35.135,69.865,0,0,31.732,0,0.672,0,31.908,0,7.047,27.194,0.322,30.076,212.872,93.906,7.139,10.016,12.110,10.609,1.529,1.684,2.158,2.996,3.628,1.629,1.628,2.279,2.966,3.585,1.428,7.268,1.084,0.434,7.054,1.103,0.560,2.896,221.778,94.481
SYN-001760,2025-03-15T07:00:00+07:00,2.543,236.517,3.215,836.617,45.607,32.220,36.535,71.898,45.598,32.054,35.490,70.982,44.957,30.852,35.851,72.838,0.430,0,31.688,0,0.541,0,31.249,0,7.073,27.563,0.250,26.514,207.593,97.279,7.221,9.039,11.308,9.082,1.490,1.581,2.349,2.956,3.658,1.473,1.610,2.301,2.942,3.646,1.507,7.195,0.941,0.478,7.128,0.977,0.493,1.917,208.520,99.386
SYN-001761,2025-03-15T08:00:00+07:00,2.524,233.567,3.220,825.207,43.363,31.178,35.893,70.181,44.325,31.454,36.358,68.843,0.959,0,32.291,0,0,0,30.722,0,44.740,31.244,36.011,71.030,7.191,25.792,0.211,24.876,194.090,93.282,7.199,9.076,9.266,7.854,1.617,1.638,2.275,2.971,3.621,1.713,1.596,2.282,3.010,3.560,1.522,7.064,1.018,0.539,7.136,1.022,0.471,1.188,200.005,95.189
SYN-001762,2025-03-15T09:00:00+07:00,2.488,240.973,3.199,834.929,44.561,30.794,35.653,74.001,44.331,31.439,35.632,73.108,1.100,0,31.077,0,0,0,30.964,0,44.759,32.345,36.136,71.037,7.251,27.852,0.257,26.536,210.025,96.726,7.243,11.256,11.044,11.020,1.915,1.665,2.277,2.944,3.590,1.686,1.561,2.341,3.025,3.562,2.143,7.157,1.351,0.579,7.171,1.354,0.473,1.805,218.447,94.116
SYN-001763,2025-03-15T10:00:00+07:00,2.455,232.766,3.238,829.258,41.851,30.244,35.781,69.648,41.453,29.388,34.537,66.367,0,0,30.650,0,0,0,31.366,0,42.618,27.653,35.770,67.054,7.124,31.777,0.317,30.761,216.470,100.829,7.063,11.859,13.047,12.266,1.965,1.618,2.359,2.936,3.591,1.713,1.661,2.324,2.978,3.640,2.216,7.148,1.354,0.470,7.169,1.375,0.521,2.254,219.392,99.003
SYN-001764,2025-03-15T11:00:00+07:00,2.402,239.657,3.166,830.897,41.932,29.739,35.736,70.219,42.008,27.892,35.284,68.416,0.143,0,31.707,0,0.657,0,31.135,0,41.541,28.306,35.098,70.046,7.133,26.779,0.297,32.521,212.713,95.643,7.205,7.896,14.277,7.756,1.222,1.655,2.314,2.860,3.581,1.240,1.646,2.303,2.952,3.560,1.205,7.087,0.780,0.506,7.205,0.766,0.441,2.379,216.406,95.781
SYN-001765,2025-03-15T12:00:00+07:00,2.389,238.402,3.173,802.200,41.115,31.989,35.660,66.506,40.454,29.607,35.576,63.716,0,0,31.512,0,0.122,0,31.481,0,40.152,26.804,35.642,60.447,7.047,25.863,0.284,28.203,212.885,97.444,7.046,9.686,12.247,10.297,1.561,1.614,2.265,2.956,3.606,1.632,1.660,2.297,2.865,3.666,1.489,7.164,1.191,0.493,7.129,1.237,0.463,2.193,206.042,99.044
SYN-001766,2025-03-15T13:00:00+07:00,2.434,237.071,3.224,810.419,39.903,29.582,35.787,60.200,39.857,27.766,35.749,58.428,0.208,0,31.431,0,0,0,31.569,0,39.436,26.063,35.057,62.105,7.034,30.675,0.256,31.991,211.988,93.447,6.966,10.873,12.272,11.458,1.815,1.666,2.256,2.969,3.589,1.933,1.619,2.290,2.979,3.618,1.697,7.206,1.247,0.517,7.126,1.205,0.438,2.182,215.311,92.627
SYN-001767,2025-03-15T14:00:00+07:00,2.421,238.543,3.205,790.862,38.895,28.790,34.758,63.502,38.642,27.109,35.965,62.680,0,0,30.783,0,0,0,31.553,0,39.105,26.913,35.070,61.978,6.992,28.313,0.303,25.455,205.248,98.562,6.980,12.472,11.430,13.073,2.096,1.541,2.299,2.963,3.554,1.885,1.724,2.272,2.958,3.619,2.306,7.071,1.483,0.455,7.015,1.515,0.410,0.729,193.264,99.335
SYN-001768,2025-03-15T15:00:00+07:00,2.392,232.894,3.238,801.761,37.577,25.737,34.706,62.493,39.434,28.907,35.298,65.391,0.748,0,30.729,0,0,0,31.284,0,37.372,26.416,35.158,61.260,7.092,28.922,0.227,30.074,207.697,92.685,7.119,10.746,11.634,10.664,1.862,1.712,2.354,2.957,3.656,1.851,1.640,2.280,3.018,3.631,1.873,7.155,1.269,0.504,7.101,1.274,0.465,1.158,202.952,88.747
SYN-001769,2025-03-15T16:00:00+07:00,2.406,238.446,3.192,812.739,36.881,28.034,34.979,58.573,0.107,0,31.204,0,0.089,0,32.002,0,37.987,26.486,35.175,61.641,37.716,25.681,35.700,61.657,7.072,37.222,0.334,31.220,208.333,93.709,7.043,13.218,11.411,13.565,2.240,1.637,2.282,2.932,3.608,2.200,1.646,2.348,2.901,3.589,2.280,7.149,1.595,0.509,7.269,1.632,0.501,1.362,212.270,90.151
SYN-001770,2025-03-15T17:00:00+07:00,2.409,239.426,3.188,791.503,37.283,27.291,34.799,58.163,0.360,0,31.884,0,0,0,31.379,0,37.214,25.428,34.766,60.980,38.513,30.036,35.353,62.998,7.165,29.289,0.297,30.308,203.414,103.310,7.219,9.919,12.222,9.390,1.546,1.684,2.324,3.003,3.598,1.394,1.671,2.268,2.910,3.527,1.698,7.152,1.087,0.434,7.077,1.096,0.517,1.610,197.361,99.542
SYN-001771,2025-03-15T18:00:00+07:00,2.385,241.259,3.196,797.772,37.817,26.557,35.519,59.747,0,0,31.665,0,0.502,0,31.160,0,37.331,26.674,35.606,58.174,37.963,25.897,34.731,65.903,7.100,29.222,0.233,25.938,195.910,95.507,7.084,10.609,12.235,9.930,1.633,1.608,2.169,2.950,3.631,1.539,1.670,2.254,3.055,3.606,1.727,7.226,1.102,0.434,7.208,1.048,0.414,1.451,194.760,94.916
SYN-001772,2025-03-15T19:00:00+07:00,2.304,231.157,3.192,778.196,36.573,25.185,35.043,59.217,0,0,32.335,0,0,0,30.756,0,37.509,27.196,35.382,60.404,38.125,26.412,35.142,61.700,7.110,30.320,0.265,29.930,212.373,109.013,7.080,11.153,13.433,10.556,1.984,1.630,2.301,2.912,3.685,1.813,1.691,2.294,2.920,3.555,2.154,7.172,1.282,0.462,7.114,1.271,0.506,2.661,216.928,110.459
SYN-001773,2025-03-15T20:00:00+07:00,2.382,237.137,3.150,793.361,38.503,26.814,34.898,63.415,0.887,0,32.128,0,0,0,32.218,0,37.808,28.101,35.975,57.795,36.511,27.100,36.046,57.401,7.141,32.162,0.287,30.526,213.707,96.746,7.157,11.774,15.348,11.534,2.127,1.580,2.287,2.951,3.583,2.048,1.703,2.294,2.972,3.646,2.206,7.231,1.453,0.468,7.252,1.475,0.398,1.998,219.477,99.495
SYN-001774,2025-03-15T21:00:00+07:00,2.291,237.142,3.169,798.002,37.876,26.631,35.214,61.298,0,0,30.974,0,0,0,31.593,0,37.990,27.183,35.810,57.980,37.383,27.811,35.025,62.892,7.166,29.665,0.241,32.677,183.608,94.030,7.168,11.312,14.678,10.637,2.003,1.629,2.345,2.934,3.601,2.028,1.648,2.319,2.920,3.640,1.978,7.115,1.464,0.449,7.179,1.468,0.408,2.516,190.199,95.790
SYN-001775,2025-03-15T22:00:00+07:00,2.285,238.371,3.132,825.148,40.535,29.908,34.761,66.974,0,0,32.547,0,0,0,31.389,0,37.650,26.878,35.103,58.738,39.052,28.290,35.177,65.802,7.027,30.533,0.285,29.790,212.728,101.391,7.090,10.834,12.793,11.047,1.690,1.664,2.230,3.005,3.582,1.783,1.579,2.284,2.904,3.619,1.598,7.072,1.157,0.498,7.062,1.119,0.480,2.190,207.663,99.841
SYN-001776,2025-03-15T23:00:00+07:00,2.262,235.503,3.181,818.628,39.801,27.262,35.054,59.846,0.666,0,31.486,0,0,0,31.541,0,39.452,27.738,35.701,61.755,40.220,28.989,36.114,66.392,7.310,29.318,0.218,32.430,195.857,92.737,7.339,9.500,15.281,9.900,1.482,1.575,2.329,2.970,3.518,1.479,1.597,2.234,2.980,3.720,1.485,7.136,0.973,0.440,7.151,0.942,0.472,3.417,200.037,88.750
SYN-001777,2025-03-16T00:00:00+07:00,2.417,240.512,3.167,848.520,0.584,0,30.974,0,0,0,31.455,0,40.794,28.371,35.693,63.593,40.238,27.843,36.330,63.274,41.014,27.912,34.978,64.436,7.024,32.590,0.291,31.812,214.674,106.066,7.036,13.551,13.250,14.127,2.522,1.688,2.291,2.929,3.664,2.369,1.635,2.335,2.984,3.571,2.676,7.069,1.904,0.400,7.185,1.918,0.405,2.660,214.566,104.491
SYN-001778,2025-03-16T01:00:00+07:00,2.297,239.702,3.123,841.524,0,0,31.752,0,0.024,0,31.237,0,41.603,30.216,35.964,62.199,41.995,31.592,35.245,66.065,42.841,30.575,35.761,67.641,7.106,29.797,0.296,30.705,191.375,97.961,7.215,11.112,12.241,11.779,1.712,1.568,2.222,3.000,3.566,1.666,1.675,2.165,2.884,3.490,1.758,7.264,1.314,0.541,7.218,1.262,0.427,1.911,196.762,94.990
SYN-001779,2025-03-16T02:00:00+07:00,2.319,234.079,3.102,798.916,0,0,31.509,0,0,0,31.280,0,42.767,29.494,36.206,63.531,41.586,29.519,34.984,62.751,42.273,29.792,34.838,69.930,7.078,31.714,0.320,34.998,217.337,95.640,7.056,9.681,13.984,9.353,1.639,1.593,2.290,2.920,3.640,1.691,1.611,2.267,2.989,3.614,1.586,7.155,1.227,0.526,7.197,1.230,0.481,1.706,224.130,97.512
SYN-001780,2025-03-16T03:00:00+07:00,2.240,238.312,3.205,834.835,0.240,0,30.794,0,0.738,0,31.357,0,44.368,31.226,35.514,70.752,44.446,31.889,35.892,73.089,45.038,31.828,36.084,75.213,7.076,29.237,0.278,31.178,212.207,93.034,7.061,9.257,13.117,8.355,1.445,1.608,2.306,2.913,3.587,1.324,1.841,2.288,2.988,3.638,1.565,7.175,1.016,0.508,7.080,0.991,0.376,1.884,209.542,92.278
SYN-001781,2025-03-16T04:00:00+07:00,2.267,228.121,3.107,830.854,0.115,0,31.705,0,0,0,31.958,0,45.698,30.278,36.242,74.039,43.670,29.789,36.456,71.699,43.605,30.519,35.431,70.848,7.038,28.047,0.254,31.019,195.840,99.171,7.035,11.720,11.328,11.050,1.893,1.645,2.183,2.997,3.655,1.862,1.719,2.309,2.872,3.545,1.925,7.110,1.446,0.547,7.207,1.444,0.474,1.628,202.555,100.490
SYN-001782,2025-03-16T05:00:00+07:00,2.268,238.546,3.094,817.478,0.990,0,30.914,0,1.656,0,31.557,0,44.526,30.816,35.929,69.022,43.447,31.626,35.433,71.209,46.080,33.438,35.541,76.139,7.197,29.896,0.284,30.045,195.108,102.791,7.199,10.618,13.657,10.712,1.635,1.628,2.373,2.957,3.606,1.623,1.695,2.356,2.977,3.624,1.646,7.173,1.266,0.516,7.203,1.248,0.483,2.207,192.069,103.059
SYN-001783,2025-03-16T06:00:00+07:00,2.227,230.980,3.138,850.582,0.280,0,31.683,0,0.019,0,31.436,0,43.608,30.621,36.119,71.795,44.940,30.408,36.239,72.612,43.798,30.946,35.574,69.969,7.046,33.104,0.309,31.083,195.324,100.753,7.100,12.019,13.513,11.875,1.945,1.724,2.240,2.992,3.586,1.826,1.701,2.302,3.000,3.598,2.065,7.112,1.509,0.409,7.119,1.515,0.398,1.709,198.058,100.452
SYN-001784,2025-03-16T07:00:00+07:00,2.233,237.249,3.084,841.943,0,0,31.465,0,0.022,0,31.939,0,43.379,32.497,36.396,67.535,45.233,31.889,36.062,70.046,44.847,30.399,36.011,72.621,7.199,27.846,0.256,28.676,202.295,105.401,7.224,9.964,12.827,10.372,1.706,1.698,2.316,2.985,3.525,1.692,1.666,2.286,2.945,3.540,1.721,7.096,1.198,0.470,7.102,1.242,0.417,2.050,205.762,104.093
SYN-001785,2025-03-16T08:00:00+07:00,2.194,233.058,3.131,872.353,0.508,0,31.072,0,45.407,30.550,35.481,71.829,44.366,30.434,35.960,69.636,44.106,30.553,35.996,72.938,0.175,0,31.745,0,6.901,27.028,0.305,32.084,189.933,98.707,6.881,10.374,13.893,9.997,1.585,1.679,2.263,2.963,3.639,1.377,1.662,2.209,2.936,3.611,1.793,7.153,1.098,0.444,7.155,1.017,0.483,2.508,189.611,104.164
SYN-001786,2025-03-16T09:00:00+07:00,2.264,236.761,3.060,818.730,0.438,0,31.540,0,44.340,30.965,36.146,71.784,44.810,30.519,35.451,71.712,45.063,31.355,35.853,76.527,0.332,0,31.850,0,7.003,32.035,0.278,31.442,196.201,93.466,7.046,10.862,13.322,9.983,2.036,1.624,2.317,2.944,3.617,2.099,1.586,2.318,2.953,3.557,1.973,7.124,1.553,0.539,7.166,1.564,0.427,1.998,188.309,92.848
SYN-001787,2025-03-16T10:00:00+07:00,2.192,232.411,3.096,865.386,0,0,31.161,0,42.425,31.464,36.398,69.432,43.155,27.923,35.783,68.894,43.996,29.862,36.603,71.381,0,0,32.091,0,6.851,28.096,0.340,32.194,211.718,93.998,6.840,9.318,14.892,9.342,1.285,1.650,2.302,2.922,3.674,1.316,1.641,2.309,2.917,3.697,1.255,7.116,0.915,0.414,7.067,0.920,0.476,1.575,211.289,94.226
SYN-001788,2025-03-16T11:00:00+07:00,2.163,237.610,3.095,847.612,1.573,0,31.741,0,41.937,30.188,35.175,71.343,41.208,28.822,35.522,65.406,42.431,27.733,35.613,67.466,0,0,31.363,0,7.092,30.309,0.269,26.966,216.427,92.512,7.129,11.232,10.868,11.117,1.870,1.643,2.276,2.915,3.583,1.741,1.660,2.269,2.936,3.591,1.999,7.141,1.370,0.482,7.142,1.497,0.441,2.473,214.186,91.364
SYN-001789,2025-03-16T12:00:00+07:00,2.177,229.822,3.095,829.181,0,0,31.241,0,41.978,28.109,36.553,65.697,41.823,28.234,36.078,66.975,40.895,27.990,36.085,64.573,0,0,31.417,0,6.817,32.416,0.220,30.796,205.825,103.203,6.762,11.798,13.779,11.731,2.012,1.664,2.316,2.878,3.570,1.974,1.711,2.229,2.895,3.687,2.051,7.105,1.551,0.476,7.205,1.501,0.493,1.977,208.214,105.105
SYN-001790,2025-03-16T13:00:00+07:00,2.194,233.968,3.147,820.821,0.966,0,30.720,0,39.571,27.386,36.016,63.883,39.641,28.572,35.545,63.372,39.357,29.297,35.533,63.767,0,0,31.354,0,7.212,32.364,0.274,29.343,217.687,86.200,7.179,12.193,12.130,11.769,2.062,1.675,2.359,2.931,3.648,2.077,1.637,2.293,2.980,3.623,2.048,7.200,1.615,0.450,7.237,1.600,0.434,1.863,211.190,84.636
SYN-001791,2025-03-16T14:00:00+07:00,2.156,239.696,3.076,805.158,1.209,0,31.771,0,39.744,27.517,35.314,61.912,38.353,25.697,34.811,63.758,38.620,27.429,35.611,62.146,0.307,0,32.233,0,7.225,29.912,0.290,28.663,203.061,91.685,7.237,11.672,12.515,11.269,2.027,1.636,2.292,2.881,3.641,2.029,1.641,2.250,3.014,3.631,2.025,7.234,1.445,0.486,7.077,1.438,0.417,1.778,205.075,90.941
SYN-001792,2025-03-16T15:00:00+07:00,2.114,240.633,3.124,795.308,0,0,31.340,0,38.495,27.692,34.583,61.444,38.603,28.123,35.532,63.038,38.986,26.774,35.440,67.955,1.327,0,31.150,0,6.991,29.767,0.284,31.531,204.988,94.630,7.024,11.089,13.119,11.379,1.900,1.662,2.254,2.964,3.550,1.757,1.676,2.213,2.932,3.545,2.043,7.176,1.321,0.507,7.162,1.328,0.451,2.637,206.699,94.967
SYN-001793,2025-03-16T16:00:00+07:00,2.153,237.226,3.096,745.150,37.681,27.315,35.487,57.692,36.933,25.223,35.560,61.258,37.421,27.151,35.011,58.404,0,0,31.255,0,0.938,0,32.261,0,6.978,35.055,0.259,30.194,202.752,103.993,7.105,12.501,13.722,11.993,1.917,1.615,2.290,2.912,3.634,1.834,1.567,2.344,3.033,3.612,2.001,7.119,1.369,0.479,7.199,1.324,0.549,2.320,206.320,104.189
SYN-001794,2025-03-16T17:00:00+07:00,2.215,239.522,3.076,772.977,37.426,27.068,36.284,62.981,37.623,26.880,35.603,59.737,36.889,25.683,35.021,59.301,0.326,0,31.326,0,0.515,0,31.537,0,7.064,31.883,0.326,29.196,177.168,96.606,6.955,12.494,13.614,13.126,2.111,1.732,2.313,2.992,3.589,1.928,1.696,2.345,2.987,3.676,2.294,7.097,1.606,0.479,7.177,1.584,0.416,2.593,171.429,100.494
SYN-001795,2025-03-16T18:00:00+07:00,2.136,235.727,3.093,801.337,37.328,27.955,34.566,56.414,37.333,23.998,35.127,62.194,36.659,26.572,35.519,57.358,0.230,0,31.226,0,0,0,30.966,0,6.958,32.231,0.303,31.444,186.650,97.999,7.006,10.877,14.469,10.700,1.469,1.599,2.337,2.928,3.639,1.323,1.652,2.283,2.948,3.539,1.614,7.043,0.942,0.451,7.109,0.874,0.468,1.859,185.871,97.896
SYN-001796,2025-03-16T19:00:00+07:00,2.086,233.305,3.067,802.340,36.534,25.842,35.493,58.972,35.729,26.307,35.377,54.090,36.680,26.612,35.059,58.512,0.254,0,31.341,0,1.849,0,30.555,0,6.821,26.001,0.290,31.716,212.478,91.950,6.779,10.195,10.511,9.763,1.802,1.658,2.274,2.933,3.529,1.822,1.649,2.332,2.918,3.629,1.783,7.158,1.319,0.496,7.151,1.318,0.440,1.648,210.942,86.510
SYN-001797,2025-03-16T20:00:00+07:00,2.098,235.077,3.102,755.815,38.065,25.187,35.602,59.194,36.567,25.296,35.280,62.658,37.421,25.483,35.545,58.003,1.036,0,31.341,0,0.725,0,32.196,0,6.986,30.574,0.259,30.131,208.180,104.794,7.020,10.509,13.476,10.276,1.749,1.620,2.251,2.915,3.597,1.804,1.690,2.168,3.011,3.561,1.694,7.156,1.266,0.479,7.173,1.240,0.504,2.090,212.015,105.560
SYN-001798,2025-03-16T21:00:00+07:00,2.124,235.657,3.054,801.305,37.814,25.848,35.567,62.814,38.165,25.673,34.785,64.260,38.807,27.501,35.596,64.142,1.213,0,31.953,0,0.433,0,31.656,0,7.185,30.999,0.224,34.337,199.691,92.864,7.205,11.996,13.865,12.064,1.929,1.614,2.238,2.924,3.673,1.882,1.644,2.341,2.944,3.647,1.976,7.140,1.465,0.475,7.203,1.492,0.471,2.695,199.619,89.295
SYN-001799,2025-03-16T22:00:00+07:00,2.134,228.984,3.070,796.244,39.235,27.539,35.596,60.934,39.521,28.605,35.311,63.440,39.862,27.710,34.637,64.596,0.320,0,31.226,0,0,0,31.024,0,7.101,29.723,0.307,27.881,204.406,101.059,7.108,11.079,12.019,10.628,1.952,1.671,2.265,2.976,3.591,1.933,1.717,2.293,2.885,3.589,1.970,7.207,1.304,0.482,7.115,1.292,0.415,2.396,211.887,99.202
SYN-001800,2025-03-16T23:00:00+07:00,2.083,238.391,3.051,804.332,40.896,28.464,35.281,65.510,40.644,27.564,36.527,66.336,40.330,28.043,35.621,65.737,0,0,31.957,0,0,0,31.530,0,7.062,30.876,0.208,31.947,206.234,98.628,7.007,12.495,14.189,12.413,2.028,1.593,2.327,3.003,3.543,1.913,1.684,2.303,2.987,3.665,2.143,7.144,1.497,0.494,7.135,1.496,0.454,2.393,202.205,97.463
SYN-001801,2025-03-17T00:00:00+07:00,2.152,234.119,3.085,805.634,39.444,28.239,35.324,65.069,41.176,28.144,36.447,65.698,0.915,0,31.959,0,0,0,31.609,0,40.278,27.643,35.466,61.275,6.940,32.248,0.224,30.003,207.729,101.277,7.010,12.458,13.626,12.705,2.224,1.646,2.251,2.922,3.583,2.227,1.714,2.240,2.996,3.625,2.222,7.182,1.705,0.505,7.193,1.702,0.449,1.227,208.447,102.020
SYN-001802,2025-03-17T01:00:00+07:00,2.054,238.122,3.020,833.340,41.896,28.804,35.752,68.068,41.447,28.657,36.550,69.363,0,0,30.624,0,0,0,32.042,0,42.793,28.132,36.497,69.907,6.978,30.221,0.268,30.463,215.678,98.166,6.969,10.088,13.311,10.095,1.682,1.609,2.411,2.910,3.709,1.621,1.581,2.315,2.903,3.524,1.744,7.202,1.120,0.473,7.164,1.119,0.491,2.014,219.474,95.702
SYN-001803,2025-03-17T02:00:00+07:00,2.140,228.548,3.066,850.596,43.029,29.939,36.069,68.406,43.032,30.084,34.977,68.898,0,0,31.525,0,1.796,0,30.868,0,43.097,28.720,36.310,69.344,7.068,30.049,0.262,32.567,182.485,98.038,7.101,11.310,13.459,10.914,1.819,1.589,2.344,2.938,3.612,1.776,1.675,2.237,2.944,3.664,1.861,7.188,1.339,0.480,7.076,1.263,0.464,2.207,185.325,101.173
SYN-001804,2025-03-17T03:00:00+07:00,2.138,237.240,3.032,843.361,45.249,30.249,36.642,72.564,44.028,30.703,35.939,74.834,0.170,0,31.645,0,0.424,0,31.697,0,44.015,32.083,34.829,69.919,7.230,30.307,0.256,29.015,178.844,104.167,7.236,13.928,11.297,13.903,2.188,1.630,2.337,3.011,3.625,1.968,1.659,2.257,2.940,3.599,2.409,7.231,1.500,0.510,7.173,1.533,0.465,0.651,187.400,105.418
SYN-001805,2025-03-17T04:00:00+07:00,2.052,233.877,3.057,835.294,43.912,30.563,35.602,69.726,44.973,31.463,37.038,72.280,0,0,31.974,0,0,0,31.858,0,43.973,32.541,35.819,74.018,7.071,28.414,0.222,31.139,206.727,93.986,6.923,10.450,15.301,10.174,1.517,1.562,2.230,2.960,3.622,1.556,1.638,2.344,2.925,3.624,1.477,7.144,1.218,0.479,7.240,1.211,0.518,2.268,212.114,94.073
SYN-001806,2025-03-17T05:00:00+07:00,2.150,231.778,3.100,849.213,43.871,29.484,35.426,69.854,44.647,28.913,35.846,75.572,0.419,0,31.959,0,0.076,0,31.448,0,45.335,30.156,36.395,71.043,7.165,30.393,0.259,28.064,183.423,100.893,7.220,11.250,11.533,11.639,1.768,1.682,2.238,2.895,3.667,1.817,1.626,2.332,2.887,3.641,1.718,7.073,1.409,0.483,7.157,1.463,0.517,2.613,177.723,101.633
SYN-001807,2025-03-17T06:00:00+07:00,2.135,244.424,3.029,840.576,44.363,29.284,36.133,70.262,43.758,28.468,34.885,72.327,0.405,0,30.542,0,0,0,31.896,0,44.358,30.733,36.270,70.778,7.030,34.493,0.324,35.143,185.389,101.227,7.118,13.165,14.357,12.604,2.091,1.584,2.299,2.957,3.558,1.962,1.628,2.369,2.914,3.571,2.219,7.108,1.552,0.472,7.229,1.506,0.449,2.760,185.031,99.646
SYN-001808,2025-03-17T07:00:00+07:00,2.141,226.723,3.048,836.974,44.460,30.041,36.693,69.805,45.043,32.178,35.200,70.525,0,0,31.886,0,0.172,0,32.320,0,46.673,33.410,36.189,70.924,7.201,25.439,0.266,29.090,200.493,101.428,7.220,9.975,13.271,10.716,1.528,1.694,2.321,2.998,3.611,1.450,1.607,2.264,2.995,3.575,1.607,7.067,1.067,0.455,7.183,1.035,0.418,1.779,215.983,103.169
SYN-001809,2025-03-17T08:00:00+07:00,2.142,241.848,3.033,859.458,43.990,29.241,36.207,72.584,0.209,0,31.671,0,0.455,0,31.344,0,45.939,31.057,35.895,73.465,44.622,31.585,34.671,73.870,7.063,31.332,0.303,35.763,204.196,92.920,7.027,11.857,14.435,11.744,1.954,1.642,2.298,2.955,3.573,1.792,1.694,2.226,2.887,3.546,2.115,7.132,1.371,0.437,7.150,1.349,0.441,1.624,202.468,90.465
SYN-001810,2025-03-17T09:00:00+07:00,2.071,233.512,3.121,838.494,44.445,31.035,36.233,69.605,0,0,30.469,0,0.598,0,31.614,0,44.073,32.275,35.381,71.071,42.599,31.043,36.143,70.601,7.136,27.625,0.266,28.922,213.207,94.559,7.211,9.506,11.585,9.517,1.489,1.662,2.282,2.984,3.564,1.591,1.646,2.322,2.903,3.612,1.388,7.143,1.085,0.474,7.255,1.121,0.486,1.904,209.338,98.179
SYN-001811,2025-03-17T10:00:00+07:00,2.117,233.579,3.048,824.803,41.625,30.306,35.920,70.517,0,0,31.526,0,0,0,31.386,0,43.609,29.043,34.609,67.354,43.179,30.117,36.859,64.151,6.989,29.374,0.243,31.128,176.049,97.491,7.034,11.053,13.507,11.188,1.689,1.619,2.324,2.991,3.643,1.711,1.591,2.315,2.995,3.636,1.668,7.195,1.218,0.502,7.144,1.220,0.538,2.351,169.776,100.148
SYN-001812,2025-03-17T11:00:00+07:00,2.117,237.840,3.113,829.342,43.319,31.209,35.835,68.971,0,0,32.343,0,1.742,0,31.664,0,42.355,29.122,35.980,70.190,42.450,29.809,36.216,67.689,7.121,28.891,0.252,28.830,191.961,100.723,7.161,11.691,10.494,11.652,2.077,1.603,2.239,2.985,3.658,1.944,1.656,2.351,2.982,3.594,2.210,7.210,1.506,0.538,7.204,1.494,0.444,1.896,186.772,100.927
SYN-001813,2025-03-17T12:00:00+07:00,2.145,233.114,3.070,815.129,41.296,27.421,36.370,65.018,0.556,0,31.285,0,0,0,31.259,0,40.862,26.183,35.866,68.818,41.118,27.771,35.682,68.004,7.168,25.121,0.259,29.493,215.075,87.129,7.218,9.968,10.900,10.144,1.587,1.716,2.267,2.948,3.508,1.382,1.698,2.349,2.888,3.623,1.793,7.176,1.248,0.467,7.147,1.287,0.523,2.309,212.601,85.345
SYN-001814,2025-03-17T13:00:00+07:00,2.073,239.532,3.054,783.828,39.487,27.627,35.635,62.309,1.100,0,31.341,0,0,0,31.009,0,40.257,28.380,35.523,63.050,39.880,29.373,35.721,62.405,6.972,24.848,0.322,27.538,176.615,96.694,6.973,9.449,14.076,9.180,1.663,1.612,2.332,2.966,3.566,1.420,1.585,2.355,3.007,3.490,1.906,7.237,1.177,0.542,7.190,1.109,0.364,2.104,172.248,97.473
SYN-001815,2025-03-17T14:00:00+07:00,2.091,250.371,3.090,765.279,39.509,30.572,35.122,63.159,0,0,31.360,0,0.095,0,32.246,0,39.111,28.005,35.042,62.368,39.196,27.387,35.339,62.063,7.070,31.816,0.262,32.576,195.155,98.386,6.988,11.743,14.010,10.349,2.063,1.547,2.340,2.951,3.648,1.827,1.698,2.303,2.972,3.567,2.299,7.129,1.450,0.439,7.137,1.446,0.454,1.705,191.422,99.112
SYN-001816,2025-03-17T15:00:00+07:00,2.139,236.334,3.028,807.710,37.698,26.671,35.172,59.405,0,0,31.953,0,0.853,0,31.178,0,37.784,26.863,35.170,63.305,38.677,27.208,35.829,65.606,7.037,27.347,0.242,31.345,181.720,95.285,6.974,9.209,14.430,8.875,1.547,1.709,2.324,2.991,3.671,1.218,1.687,2.381,2.995,3.605,1.875,7.179,1.167,0.486,7.115,1.222,0.418,2.694,177.557,96.926
SYN-001817,2025-03-17T16:00:00+07:00,2.102,243.367,3.049,764.049,0,0,31.792,0,0.942,0,31.416,0,36.302,26.114,35.363,57.140,36.652,26.396,34.886,61.033,36.897,25.311,35.876,65.396,7.018,25.990,0.233,29.579,213.533,98.298,7.150,9.723,12.774,9.725,1.558,1.695,2.323,2.941,3.625,1.570,1.693,2.388,2.976,3.616,1.546,7.072,1.114,0.447,7.112,1.084,0.436,1.678,213.660,98.345
SYN-001818,2025-03-17T17:00:00+07:00,2.128,240.263,3.029,756.684,0,0,31.049,0,0.887,0,31.848,0,37.619,26.608,35.641,60.969,37.736,26.448,34.729,58.934,36.641,25.329,34.800,54.840,6.955,29.614,0.260,31.998,219.261,102.634,7.025,10.916,13.431,10.911,1.748,1.597,2.304,2.840,3.639,1.599,1.613,2.246,2.977,3.651,1.898,7.135,1.255,0.414,7.223,1.248,0.428,1.619,223.241,104.116
SYN-001819,2025-03-17T18:00:00+07:00,2.192,239.928,3.092,777.864,0.523,0,31.064,0,0,0,31.467,0,36.250,26.251,34.002,55.888,37.797,27.418,35.578,58.867,38.624,24.545,35.705,62.181,7.092,29.839,0.286,28.361,206.495,102.101,7.133,10.413,13.618,9.855,1.667,1.650,2.324,2.979,3.658,1.827,1.748,2.350,2.998,3.596,1.506,7.032,1.164,0.500,7.106,1.148,0.496,2.361,201.890,101.858
SYN-001820,2025-03-17T19:00:00+07:00,2.128,240.199,3.091,773.293,0.091,0,31.668,0,0,0,31.720,0,37.133,25.730,35.449,63.910,36.531,25.596,34.627,57.619,36.867,26.781,36.021,60.224,6.988,25.086,0.284,23.777,189.199,93.215,7.015,7.307,12.643,7.296,1.216,1.650,2.293,2.913,3.577,1.128,1.615,2.327,2.948,3.561,1.304,7.247,0.871,0.447,7.057,0.903,0.526,2.073,181.910,90.220
SYN-001821,2025-03-17T20:00:00+07:00,2.163,235.750,3.126,770.455,0,0,31.622,0,0,0,31.508,0,37.038,26.616,34.794,57.707,38.456,29.490,35.735,61.331,38.340,26.986,35.210,64.759,7.159,24.825,0.311,27.158,232.682,102.820,7.261,9.217,11.000,8.913,1.615,1.556,2.212,2.870,3.548,1.585,1.698,2.194,2.992,3.633,1.645,7.213,1.055,0.458,7.033,1.089,0.431,1.648,247.233,105.667
SYN-001822,2025-03-17T21:00:00+07:00,2.208,238.860,3.079,805.743,0,0,31.656,0,0,0,31.631,0,37.211,25.606,34.756,56.809,38.442,27.807,35.054,59.998,38.129,27.867,35.769,60.556,7.003,26.705,0.300,28.167,189.613,99.917,6.990,9.625,11.231,9.943,1.603,1.703,2.266,2.884,3.617,1.499,1.703,2.270,2.954,3.571,1.708,7.063,1.146,0.451,7.161,1.108,0.572,1.265,181.102,99.637
SYN-001823,2025-03-17T22:00:00+07:00,2.146,244.830,3.101,810.577,0.709,0,31.967,0,0.083,0,31.790,0,39.426,27.310,35.253,60.423,38.290,27.811,34.931,58.511,37.953,26.390,36.278,62.211,7.028,27.772,0.285,29.347,214.058,98.805,7.065,11.275,14.234,11.466,1.837,1.692,2.299,2.968,3.622,1.855,1.661,2.329,2.947,3.646,1.819,7.017,1.353,0.398,7.162,1.347,0.448,2.469,213.604,99.942
SYN-001824,2025-03-17T23:00:00+07:00,2.177,244.957,3.101,803.198,0,0,31.866,0,0,0,30.950,0,39.446,27.405,35.796,63.572,39.365,28.793,35.046,60.097,40.569,27.494,35.948,66.516,7.064,23.168,0.248,26.740,195.367,101.876,7.120,9.062,11.923,8.763,1.585,1.693,2.408,2.959,3.561,1.402,1.650,2.286,2.926,3.671,1.767,7.213,1.231,0.542,7.109,1.229,0.429,1.962,188.860,101.361
SYN-001825,2025-03-18T00:00:00+07:00,2.116,238.796,3.093,809.657,0,0,31.176,0,40.951,29.080,35.963,66.728,40.778,29.604,36.215,66.431,40.242,27.400,35.895,63.807,0,0,31.653,0,7.000,27.350,0.251,31.435,178.948,85.350,6.947,9.939,14.435,9.859,1.674,1.639,2.405,2.970,3.611,1.587,1.604,2.252,2.946,3.575,1.761,7.154,1.246,0.512,7.105,1.264,0.462,2.656,173.444,83.947
SYN-001826,2025-03-18T01:00:00+07:00,2.155,234.938,3.131,806.403,1.157,0,32.506,0,42.344,29.193,35.223,69.911,43.013,31.589,36.119,69.894,41.523,29.564,35.732,67.764,0,0,31.158,0,6.983,28.413,0.293,27.679,172.584,97.287,7.048,9.622,13.641,9.688,1.464,1.633,2.305,2.939,3.634,1.378,1.612,2.341,2.874,3.632,1.551,7.138,1.103,0.453,7.137,1.082,0.554,1.965,171.963,98.752
SYN-001827,2025-03-18T02:00:00+07:00,2.237,238.581,3.104,831.501,0,0,31.292,0,42.521,28.330,36.188,67.883,43.636,28.923,35.467,65.529,42.668,27.856,35.224,68.331,1.242,0,32.131,0,6.923,21.801,0.284,29.863,204.970,101.783,6.806,8.754,15.042,8.621,1.324,1.578,2.283,3.005,3.606,1.240,1.588,2.338,2.933,3.609,1.409,7.107,1.030,0.472,7.164,1.078,0.444,3.225,209.720,101.883
SYN-001828,2025-03-18T03:00:00+07:00,2.209,241.361,3.148,832.836,0,0,31.523,0,44.550,30.469,35.827,68.251,43.996,31.916,35.866,70.612,44.318,29.810,35.898,72.151,0.205,0,31.541,0,7.163,31.222,0.239,35.644,205.681,107.425,7.189,11.995,14.958,12.302,1.967,1.584,2.248,2.946,3.657,1.993,1.684,2.311,2.979,3.604,1.942,7.079,1.505,0.510,7.148,1.569,0.438,2.696,211.977,107.381
SYN-001829,2025-03-18T04:00:00+07:00,2.169,241.292,3.148,847.026,1.390,0,30.721,0,44.569,30.175,35.620,69.024,43.119,29.573,35.866,67.401,43.896,29.418,36.306,70.374,0,0,31.302,0,7.191,22.487,0.338,29.294,190.079,94.530,7.161,7.623,14.480,7.406,1.331,1.651,2.351,2.950,3.589,1.348,1.669,2.247,2.960,3.657,1.314,7.177,0.954,0.505,7.079,0.974,0.473,2.512,192.388,97.107
SYN-001830,2025-03-18T05:00:00+07:00,2.274,239.434,3.141,842.144,0,0,31.765,0,45.657,29.713,36.267,72.632,45.354,30.533,34.831,69.873,45.177,31.950,35.458,71.154,0.255,0,31.514,0,6.862,24.498,0.338,30.450,194.295,102.485,6.887,10.601,14.725,10.858,1.845,1.670,2.376,2.903,3.597,1.890,1.672,2.364,3.003,3.524,1.799,7.075,1.352,0.480,7.114,1.371,0.511,2.714,181.339,101.922
SYN-001831,2025-03-18T06:00:00+07:00,2.242,232.929,3.104,842.674,0,0,32.099,0,44.529,30.399,35.819,69.411,45.679,33.161,35.128,71.605,45.667,30.987,36.347,76.982,0,0,31.160,0,7.056,22.397,0.273,29.742,182.415,96.679,7.065,10.099,12.628,10.208,1.700,1.674,2.269,2.917,3.576,1.514,1.639,2.253,2.958,3.550,1.886,7.146,1.248,0.415,7.247,1.196,0.439,1.543,184.438,100.664
SYN-001832,2025-03-18T07:00:00+07:00,2.217,242.566,3.073,849.172,0,0,31.439,0,44.672,30.580,36.625,68.214,44.572,31.265,36.365,66.889,45.389,31.444,35.995,74.009,0.643,0,31.668,0,7.041,23.818,0.269,26.291,181.599,94.690,6.982,7.579,11.948,7.988,1.421,1.639,2.393,2.972,3.512,1.429,1.655,2.224,2.969,3.550,1.412,7.202,1.070,0.519,7.023,0.993,0.496,1.759,181.005,93.451
SYN-001833,2025-03-18T08:00:00+07:00,2.293,248.550,3.155,824.084,45.896,32.550,35.594,74.512,44.449,29.757,36.556,69.986,45.633,31.384,35.784,73.935,0.657,0,32.042,0,0,0,31.423,0,7.102,20.644,0.293,27.853,187.740,107.279,7.085,7.038,11.123,7.043,1.247,1.642,2.287,2.957,3.602,1.367,1.686,2.294,2.865,3.624,1.126,7.185,0.849,0.492,7.126,0.839,0.459,0.989,165.351,108.446
SYN-001834,2025-03-18T09:00:00+07:00,2.263,238.816,3.147,847.203,42.321,28.497,35.608,68.482,43.462,32.064,35.035,69.531,43.643,30.219,35.340,70.372,0,0,31.442,0,0.062,0,31.680,0,6.977,27.458,0.304,27.960,190.996,97.846,6.945,10.793,13.086,11.053,1.833,1.755,2.265,2.990,3.580,1.702,1.681,2.295,2.973,3.630,1.963,7.083,1.312,0.444,7.121,1.323,0.505,1.662,186.063,95.915
SYN-001835,2025-03-18T10:00:00+07:00,2.246,240.213,3.133,822.103,42.780,29.688,34.988,67.268,42.714,31.536,35.547,67.356,42.585,28.783,35.183,67.531,0,0,31.809,0,0,0,31.880,0,6.935,21.754,0.276,23.472,180.345,105.500,6.966,8.485,9.973,8.598,1.479,1.688,2.232,2.981,3.571,1.358,1.604,2.225,3.001,3.607,1.601,7.080,1.127,0.497,7.147,1.237,0.450,1.716,176.676,106.897
SYN-001836,2025-03-18T11:00:00+07:00,2.273,247.274,3.113,827.018,42.309,30.416,35.759,68.089,42.144,28.922,35.692,69.507,42.735,30.778,35.247,62.427,2.007,0,31.194,0,0,0,31.006,0,7.001,20.112,0.309,29.949,204.739,92.630,7.014,6.185,13.135,6.322,1.030,1.602,2.275,2.917,3.547,1.045,1.626,2.280,2.917,3.620,1.014,7.181,0.841,0.470,7.119,0.873,0.469,1.620,196.736,92.184
SYN-001837,2025-03-18T12:00:00+07:00,2.282,241.865,3.127,796.776,40.291,27.757,36.335,61.419,41.454,27.986,35.458,66.421,40.414,27.972,36.057,70.072,0.053,0,32.029,0,0.361,0,31.022,0,7.084,21.491,0.302,26.146,214.946,103.363,7.158,6.722,9.592,6.446,1.012,1.683,2.277,2.889,3.629,1.128,1.677,2.336,3.020,3.688,0.896,7.148,0.668,0.485,7.196,0.660,0.501,1.898,213.157,104.494
SYN-001838,2025-03-18T13:00:00+07:00,2.299,243.711,3.133,806.869,40.387,28.877,35.626,59.808,40.389,29.318,35.881,65.578,39.230,27.759,35.115,65.200,0.343,0,31.303,0,0,0,31.009,0,7.104,19.341,0.307,21.866,200.957,89.147,7.140,5.977,9.780,6.100,0.959,1.648,2.316,3.008,3.616,1.028,1.575,2.268,2.936,3.603,0.890,7.137,0.624,0.534,7.146,0.671,0.506,1.279,197.115,88.271
SYN-001839,2025-03-18T14:00:00+07:00,2.339,245.116,3.152,795.283,40.766,29.572,35.316,67.295,38.388,28.852,35.125,60.887,39.739,28.937,35.402,69.150,0.596,0,31.477,0,0,0,31.319,0,7.118,23.132,0.253,28.433,204.293,102.092,7.144,10.460,11.211,10.377,1.822,1.687,2.266,3.036,3.519,1.795,1.677,2.309,2.871,3.610,1.849,7.213,1.282,0.477,7.135,1.276,0.408,1.572,201.065,101.468
SYN-001840,2025-03-18T15:00:00+07:00,2.301,242.183,3.202,785.724,39.658,27.285,35.725,63.373,37.583,25.936,35.805,62.832,37.886,28.060,35.620,62.006,0.807,0,31.631,0,0,0,31.807,0,7.049,21.523,0.291,29.028,215.700,102.350,7.080,6.778,12.173,6.739,1.048,1.640,2.361,2.966,3.586,0.960,1.682,2.149,2.978,3.613,1.136,7.187,0.757,0.469,7.182,0.757,0.419,1.306,220.956,98.704
SYN-001841,2025-03-18T16:00:00+07:00,2.333,243.694,3.110,797.835,37.389,27.493,35.742,55.835,35.997,25.118,35.368,58.387,0,0,30.846,0,0,0,30.827,0,36.294,25.183,36.118,61.830,7.145,20.792,0.276,25.730,205.109,103.003,7.114,7.500,11.456,8.961,1.269,1.663,2.348,2.920,3.588,1.043,1.667,2.337,2.893,3.586,1.495,7.110,0.972,0.484,7.099,1.012,0.416,2.195,211.005,104.301
SYN-001842,2025-03-18T17:00:00+07:00,2.382,239.641,3.163,790.847,36.361,26.361,35.300,56.719,36.459,26.202,34.680,57.489,0,0,31.568,0,0,0,30.671,0,37.056,25.863,35.134,58.118,7.033,19.113,0.341,25.640,210.377,99.279,6.976,7.150,9.607,7.212,1.262,1.647,2.399,2.950,3.630,1.254,1.691,2.320,3.053,3.514,1.269,7.150,0.912,0.492,7.110,0.862,0.492,1.341,218.946,99.486
SYN-001843,2025-03-18T18:00:00+07:00,2.295,242.918,3.196,777.522,37.146,27.544,36.233,60.718,37.158,26.908,35.719,60.455,0,0,31.854,0,0.736,0,30.931,0,37.181,27.232,34.243,55.101,7.114,25.335,0.281,28.142,207.929,96.699,7.050,8.953,13.418,9.378,1.522,1.653,2.241,2.942,3.670,1.360,1.692,2.185,2.925,3.639,1.684,7.183,1.134,0.472,7.051,1.177,0.391,2.994,206.323,96.790
SYN-001844,2025-03-18T19:00:00+07:00,2.370,242.851,3.173,799.749,35.520,25.918,34.419,53.352,37.884,28.638,35.807,59.040,1.154,0,31.469,0,0.348,0,31.572,0,38.443,29.690,34.338,59.169,7.048,21.546,0.246,25.724,204.871,100.431,7.060,9.090,11.601,9.113,1.528,1.694,2.235,2.962,3.616,1.424,1.567,2.295,2.923,3.611,1.631,7.193,1.157,0.500,7.052,1.163,0.486,2.063,209.333,99.769
SYN-001845,2025-03-18T20:00:00+07:00,2.412,240.193,3.190,788.002,37.799,28.834,35.339,61.333,38.058,26.643,35.710,60.164,0,0,31.284,0,0.117,0,30.864,0,37.689,25.758,34.125,58.139,7.045,20.218,0.245,28.442,203.760,94.086,7.048,6.800,12.494,6.023,1.175,1.700,2.275,2.986,3.595,1.216,1.693,2.320,3.003,3.553,1.133,7.142,0.796,0.454,7.184,0.753,0.514,2.688,208.139,96.495
SYN-001846,2025-03-18T21:00:00+07:00,2.452,251.612,3.195,794.386,38.347,26.959,35.425,62.985,38.505,26.582,34.838,62.004,0.013,0,31.754,0,0.164,0,30.849,0,37.602,26.293,34.816,60.587,7.152,25.275,0.272,26.963,215.326,98.193,7.128,9.091,10.613,9.022,1.419,1.633,2.259,2.890,3.677,1.463,1.629,2.326,2.931,3.566,1.375,7.126,0.973,0.484,7.092,0.964,0.482,0.658,210.143,96.648
SYN-001847,2025-03-18T22:00:00+07:00,2.376,246.530,3.198,808.980,38.401,26.150,35.692,65.565,39.385,27.962,34.168,66.905,0,0,31.820,0,0.294,0,30.835,0,39.695,28.945,35.289,65.845,7.070,18.847,0.300,27.799,210.319,96.423,7.059,8.077,11.072,8.441,1.352,1.637,2.284,2.943,3.550,1.378,1.646,2.326,2.924,3.605,1.326,7.106,1.040,0.489,7.111,1.041,0.460,2.349,205.250,93.226
SYN-001848,2025-03-18T23:00:00+07:00,2.426,251.748,3.155,827.702,40.080,28.318,35.406,60.057,40.264,29.159,35.285,64.127,0,0,31.756,0,0.107,0,32.032,0,40.148,29.387,35.183,62.617,6.912,13.289,0.287,26.038,214.634,92.427,6.916,4.169,12.608,4.141,0.741,1.646,2.377,2.941,3.657,0.668,1.634,2.318,3.024,3.644,0.815,7.136,0.404,0.467,7.162,0.361,0.402,2.073,217.532,91.653
SYN-001849,2025-03-19T00:00:00+07:00,2.476,235.965,3.212,784.851,42.383,30.100,35.732,71.677,0,0,32.545,0,0,0,32.447,0,41.648,29.749,36.660,64.434,40.311,28.740,36.053,64.883,7.026,17.085,0.303,19.956,206.069,89.488,7.155,8.310,7.614,8.635,1.273,1.685,2.383,2.912,3.567,1.485,1.675,2.353,2.914,3.635,1.061,7.234,0.969,0.488,7.178,0.995,0.363,1.485,201.733,89.132
SYN-001850,2025-03-19T01:00:00+07:00,2.470,242.806,3.212,792.629,40.756,27.128,34.831,66.000,0,0,31.310,0,0,0,31.033,0,42.209,29.948,35.517,67.291,42.171,30.328,35.689,69.441,6.961,19.034,0.265,28.879,202.271,107.173,6.998,7.244,12.082,6.283,1.074,1.715,2.201,2.956,3.540,1.017,1.610,2.302,2.946,3.569,1.132,7.233,0.815,0.548,7.138,0.741,0.436,1.992,199.920,107.846
SYN-001851,2025-03-19T02:00:00+07:00,2.473,250.276,3.225,830.083,42.715,29.476,35.334,71.034,0,0,31.387,0,1.404,0,31.264,0,43.616,29.855,36.186,69.751,42.746,30.976,35.808,65.150,7.011,20.270,0.293,23.286,182.290,89.919,7.047,7.909,10.145,7.911,1.217,1.618,2.289,2.966,3.735,0.853,1.640,2.391,2.946,3.633,1.581,7.056,0.796,0.524,7.139,0.810,0.411,2.786,181.448,89.996
SYN-001852,2025-03-19T03:00:00+07:00,2.485,244.859,3.209,849.273,43.750,31.664,35.864,70.453,0,0,31.706,0,0,0,31.399,0,44.081,31.549,36.039,71.172,43.570,30.111,35.608,69.175,6.997,20.436,0.280,25.212,198.914,98.115,6.959,7.301,10.393,7.999,0.964,1.644,2.329,2.945,3.629,0.908,1.657,2.311,2.945,3.605,1.021,7.171,0.600,0.417,7.260,0.647,0.395,1.790,206.338,103.334
SYN-001853,2025-03-19T04:00:00+07:00,2.504,237.598,3.190,841.023,43.760,30.854,36.556,68.912,0,0,30.537,0,0,0,31.099,0,44.402,33.136,35.983,69.349,43.051,30.952,36.048,69.645,7.122,23.443,0.220,29.512,198.848,91.631,7.216,7.252,13.676,7.955,1.103,1.619,2.355,2.945,3.575,1.222,1.710,2.272,2.963,3.615,0.984,7.168,0.867,0.507,7.146,0.822,0.464,1.353,201.582,92.196
SYN-001854,2025-03-19T05:00:00+07:00,2.537,247.834,3.270,836.011,45.770,31.757,36.084,71.639,0.002,0,31.344,0,0,0,31.158,0,45.602,31.228,36.208,75.260,44.614,30.369,35.528,70.105,6.911,21.626,0.298,26.928,198.683,103.539,6.921,6.969,10.835,7.186,1.149,1.732,2.265,2.884,3.610,1.141,1.601,2.258,2.872,3.619,1.158,7.123,0.809,0.526,7.080,0.881,0.522,1.748,197.293,105.357
SYN-001855,2025-03-19T06:00:00+07:00,2.492,241.655,3.250,862.902,44.963,30.930,35.740,72.230,0,0,31.335,0,0.668,0,32.001,0,45.009,30.109,35.197,79.678,45.663,31.561,36.137,75.654,7.107,19.874,0.261,27.813,204.698,96.814,7.132,6.569,10.564,7.123,1.162,1.660,2.329,2.990,3.684,1.061,1.657,2.396,2.979,3.571,1.262,7.093,0.812,0.532,7.111,0.726,0.453,2.151,205.473,93.959
SYN-001856,2025-03-19T07:00:00+07:00,2.545,248.354,3.236,827.394,45.619,30.349,36.790,74.235,0.244,0,31.331,0,1.059,0,30.909,0,43.256,32.146,35.911,67.817,45.440,32.221,36.268,72.583,6.996,23.562,0.284,25.068,195.100,98.333,7.061,7.228,12.257,6.506,0.959,1.640,2.278,2.970,3.625,0.923,1.724,2.213,2.955,3.691,0.996,7.104,0.714,0.503,7.191,0.744,0.454,1.643,196.532,97.353
SYN-001857,2025-03-19T08:00:00+07:00,2.519,253.264,3.216,824.426,0,0,30.968,0,0,0,30.905,0,44.768,30.348,36.144,69.171,42.947,30.883,35.048,68.064,45.008,31.816,36.288,72.804,6.982,23.257,0.261,31.722,195.472,93.479,6.959,9.171,13.971,9.441,1.733,1.620,2.326,2.889,3.638,1.673,1.623,2.314,2.971,3.654,1.794,7.146,1.247,0.496,7.150,1.208,0.439,2.148,193.266,95.772
SYN-001858,2025-03-19T09:00:00+07:00,2.610,245.715,3.263,824.287,1.010,0,31.211,0,0.239,0,32.202,0,43.853,29.446,36.460,69.656,43.917,30.429,34.908,67.005,44.687,31.501,35.835,70.442,6.981,16.087,0.236,27.047,193.278,91.831,6.929,5.763,10.104,6.200,0.981,1.581,2.339,2.935,3.630,0.977,1.638,2.308,2.919,3.617,0.986,7.103,0.764,0.522,7.171,0.798,0.443,0.565,188.746,91.509
SYN-001859,2025-03-19T10:00:00+07:00,2.521,251.302,3.221,828.926,0,0,31.164,0,0,0,32.811,0,42.355,28.061,35.965,64.225,43.838,31.408,35.769,69.922,41.859,29.316,35.679,62.881,7.113,18.399,0.267,20.367,195.110,94.349,7.080,6.606,7.744,6.088,1.054,1.692,2.269,2.900,3.544,1.004,1.607,2.248,2.960,3.620,1.103,7.140,0.772,0.575,7.072,0.742,0.495,2.387,195.474,92.068
SYN-001860,2025-03-19T11:00:00+07:00,2.577,245.050,3.242,842.214,0,0,32.295,0,0,0,31.702,0,42.351,30.150,35.129,66.467,41.836,28.851,36.098,64.731,42.049,29.413,35.813,65.744,6.953,16.109,0.246,25.960,224.208,100.703,7.120,6.544,11.899,6.859,1.185,1.567,2.361,2.963,3.581,1.147,1.650,2.328,2.931,3.558,1.224,7.113,0.851,0.448,7.156,0.896,0.445,1.560,218.453,100.014
SYN-001861,2025-03-19T12:00:00+07:00,2.597,251.543,3.231,841.758,0.035,0,30.295,0,0.303,0,32.067,0,40.626,27.530,34.360,65.160,40.763,29.666,35.572,64.202,41.239,30.445,36.100,65.356,7.035,15.891,0.277,22.966,205.436,90.877,7.082,7.561,7.736,7.527,1.255,1.646,2.347,2.906,3.622,1.244,1.722,2.400,2.987,3.689,1.266,7.168,0.882,0.494,7.151,0.911,0.455,0.633,203.349,95.034
SYN-001862,2025-03-19T13:00:00+07:00,2.569,255.189,3.270,808.405,0.357,0,31.376,0,0.298,0,31.195,0,39.350,28.470,36.224,60.928,40.305,27.962,35.312,64.195,40.039,28.838,35.509,65.901,6.932,14.858,0.284,25.979,187.180,97.174,6.902,6.007,10.885,5.304,0.913,1.670,2.358,2.952,3.590,0.870,1.678,2.248,2.922,3.499,0.956,7.182,0.591,0.461,7.059,0.611,0.450,1.518,183.419,97.670
SYN-001863,2025-03-19T14:00:00+07:00,2.630,241.946,3.232,793.583,0,0,31.851,0,0,0,32.116,0,38.761,28.648,35.622,60.296,40.464,28.015,35.333,63.172,41.661,29.338,36.692,69.435,7.072,16.706,0.308,21.368,204.116,98.581,7.020,3.621,9.887,3.408,0.561,1.630,2.371,2.909,3.606,0.248,1.635,2.322,2.947,3.622,0.875,7.146,0.384,0.513,7.225,0.355,0.483,1.232,202.779,93.537
SYN-001864,2025-03-19T15:00:00+07:00,2.641,256.574,3.240,806.800,0.677,0,31.959,0,0,0,31.564,0,38.079,26.443,35.437,58.778,38.601,27.267,35.900,61.039,38.712,27.567,35.584,61.564,6.879,14.358,0.315,23.367,191.441,98.590,6.859,5.638,10.794,5.603,1.069,1.703,2.272,2.926,3.599,1.031,1.678,2.235,2.965,3.531,1.107,7.088,0.723,0.516,7.133,0.695,0.429,1.880,179.054,99.013
SYN-001865,2025-03-19T16:00:00+07:00,2.636,245.586,3.255,802.591,0,0,30.894,0,39.519,28.921,34.971,63.022,37.243,25.960,35.182,59.177,37.835,27.746,35.139,59.425,0.205,0,31.149,0,7.062,15.635,0.251,24.242,219.934,95.651,7.000,3.828,10.270,3.660,0.684,1.638,2.260,2.962,3.626,0.693,1.661,2.340,2.932,3.575,0.675,7.182,0.481,0.440,7.103,0.475,0.420,1.904,215.858,96.289
SYN-001866,2025-03-19T17:00:00+07:00,2.661,247.849,3.300,795.465,0,0,31.756,0,38.269,27.367,35.499,60.867,35.289,26.911,35.009,56.062,38.130,27.562,35.356,61.787,0.476,0,31.687,0,7.156,18.498,0.282,26.420,198.157,103.742,7.230,7.369,9.972,7.109,1.179,1.656,2.270,2.993,3.625,1.224,1.615,2.362,2.902,3.537,1.134,7.143,0.850,0.533,6.973,0.802,0.552,2.824,199.711,101.967
SYN-001867,2025-03-19T18:00:00+07:00,2.684,249.302,3.303,764.564,0,0,31.716,0,37.808,25.872,35.403,61.156,37.040,26.701,35.388,59.380,37.582,29.814,34.960,60.177,0,0,31.238,0,7.055,19.145,0.270,26.931,196.979,105.313,7.074,7.733,11.506,8.216,1.460,1.662,2.309,2.953,3.545,1.288,1.721,2.349,2.996,3.623,1.633,7.120,1.069,0.480,7.076,1.015,0.469,1.888,192.262,104.028
SYN-001868,2025-03-19T19:00:00+07:00,2.592,249.288,3.256,772.377,0,0,32.166,0,36.588,27.292,35.081,56.913,37.757,27.268,35.998,61.535,37.580,26.552,36.194,61.311,0,0,31.072,0,7.057,18.351,0.273,26.305,198.796,98.129,7.038,4.946,10.894,5.362,0.860,1.636,2.363,2.967,3.666,0.993,1.594,2.282,2.975,3.561,0.728,7.125,0.603,0.473,7.124,0.615,0.441,1.199,201.899,97.395
SYN-001869,2025-03-19T20:00:00+07:00,2.645,247.998,3.276,794.612,0.721,0,31.687,0,36.847,26.790,35.890,58.683,38.426,27.998,35.413,63.504,36.517,26.705,35.760,58.304,0,0,31.570,0,7.053,17.508,0.211,22.826,224.096,90.456,7.093,5.674,9.192,5.811,1.138,1.708,2.255,2.927,3.600,0.957,1.600,2.238,2.982,3.605,1.319,7.071,0.895,0.471,7.050,0.964,0.460,1.565,221.494,93.859
SYN-001870,2025-03-19T21:00:00+07:00,2.703,249.696,3.269,796.800,0.878,0,31.448,0,37.731,27.764,35.786,57.268,38.920,27.909,35.379,62.432,38.015,27.041,35.577,58.175,0.201,0,31.917,0,6.909,13.258,0.362,25.645,217.459,91.454,6.930,3.061,9.824,3.232,0.496,1.585,2.403,2.948,3.515,0.470,1.594,2.250,2.984,3.574,0.523,7.187,0.217,0.459,7.002,0.257,0.513,1.255,222.161,91.054
SYN-001871,2025-03-19T22:00:00+07:00,2.703,242.358,3.278,776.442,0.632,0,31.492,0,38.608,27.323,35.838,59.860,39.299,28.604,35.205,63.113,38.284,27.207,34.879,64.370,0.058,0,31.710,0,6.885,14.768,0.302,23.805,200.928,105.716,6.924,6.058,11.397,5.748,0.970,1.635,2.262,2.938,3.663,0.853,1.620,2.276,2.903,3.575,1.086,7.219,0.526,0.460,7.167,0.472,0.412,2.154,196.786,102.768
SYN-001872,2025-03-19T23:00:00+07:00,2.711,248.954,3.309,801.135,0.366,0,31.771,0,39.812,28.561,35.103,63.286,40.817,28.124,36.364,65.579,39.217,26.248,35.254,63.311,1.204,0,31.868,0,7.072,20.488,0.256,25.424,212.704,106.256,7.120,7.864,13.041,8.534,1.365,1.690,2.337,2.952,3.580,1.403,1.695,2.287,2.968,3.574,1.327,7.182,1.056,0.453,7.194,0.991,0.499,1.972,208.072,103.745
SYN-001873,2025-03-20T00:00:00+07:00,2.709,255.030,3.329,812.845,41.573,28.519,35.248,67.884,43.030,31.329,35.683,71.658,40.986,27.965,36.755,63.693,0.988,0,31.434,0,0,0,31.364,0,7.128,9.738,0.294,18.784,193.304,105.996,7.095,3.740,7.630,3.094,0.787,1.689,2.324,2.964,3.556,0.746,1.593,2.380,2.948,3.644,0.828,7.143,0.671,0.476,7.082,0.677,0.461,1.221,195.090,106.547
SYN-001874,2025-03-20T01:00:00+07:00,2.718,248.478,3.312,819.133,42.487,30.456,35.886,63.059,41.380,30.006,35.136,64.751,42.252,28.587,35.538,69.183,0.080,0,31.226,0,0,0,31.684,0,7.073,16.089,0.246,24.067,191.132,103.997,7.077,5.437,11.058,5.176,1.013,1.735,2.263,2.935,3.645,0.924,1.707,2.324,2.974,3.644,1.102,7.152,0.733,0.424,7.335,0.792,0.475,1.723,183.478,107.053
SYN-001875,2025-03-20T02:00:00+07:00,2.692,261.986,3.285,812.682,42.429,30.188,35.717,68.473,41.813,29.058,35.946,70.700,42.654,30.036,35.439,72.068,0.875,0,32.096,0,0.282,0,31.223,0,7.128,15.425,0.256,25.684,207.216,97.941,7.118,6.609,10.506,7.521,1.141,1.662,2.316,2.869,3.576,1.152,1.582,2.369,3.006,3.619,1.131,7.111,0.772,0.466,7.000,0.750,0.403,1.783,215.588,98.813
SYN-001876,2025-03-20T03:00:00+07:00,2.687,253.595,3.312,830.840,44.059,29.733,35.436,70.342,43.752,30.144,35.562,70.756,43.890,31.501,36.263,70.323,0.951,0,31.741,0,0.331,0,31.964,0,6.898,13.446,0.230,26.540,206.313,95.433,6.897,3.178,10.781,2.779,0.768,1.723,2.340,2.927,3.594,0.666,1.626,2.241,3.024,3.567,0.870,7.228,0.449,0.483,7.188,0.457,0.479,1.797,209.004,98.862
SYN-001877,2025-03-20T04:00:00+07:00,2.723,255.641,3.311,871.947,45.397,32.041,36.019,71.678,43.087,30.420,35.830,63.144,43.391,33.016,34.551,70.459,0,0,31.505,0,0.145,0,31.286,0,7.055,17.437,0.253,27.405,213.207,97.638,6.977,6.298,12.617,6.018,0.912,1.672,2.334,2.951,3.649,0.797,1.651,2.264,2.879,3.583,1.026,7.094,0.722,0.463,7.161,0.694,0.455,1.505,212.867,98.439
SYN-001878,2025-03-20T05:00:00+07:00,2.810,255.107,3.301,853.608,44.995,31.267,36.344,68.628,44.472,30.645,35.585,70.626,44.462,31.268,35.959,74.324,0,0,31.317,0,0.493,0,31.101,0,7.181,15.332,0.253,29.101,213.770,101.597,7.216,6.354,11.489,6.756,0.978,1.653,2.366,2.969,3.628,1.014,1.706,2.241,2.940,3.562,0.943,7.256,0.679,0.549,7.127,0.647,0.439,2.024,217.659,103.904
SYN-001879,2025-03-20T06:00:00+07:00,2.741,260.173,3.318,833.943,45.607,29.277,35.318,76.496,45.157,28.911,36.428,72.968,45.244,30.628,36.035,74.821,0.424,0,31.358,0,0,0,31.117,0,7.175,14.681,0.204,19.816,189.928,91.128,7.101,5.347,9.033,5.326,0.789,1.650,2.344,2.960,3.579,0.768,1.587,2.239,2.935,3.461,0.810,7.144,0.642,0.539,7.187,0.677,0.466,1.429,201.451,91.213
SYN-001880,2025-03-20T07:00:00+07:00,2.769,254.546,3.360,852.659,44.566,30.571,36.227,69.291,45.510,29.921,36.263,74.978,44.705,30.018,36.584,69.885,0,0,31.944,0,0.503,0,31.434,0,7.131,15.252,0.327,23.653,206.489,90.172,7.150,4.372,9.951,4.977,0.617,1.575,2.297,2.889,3.559,0.523,1.572,2.347,2.977,3.639,0.712,7.152,0.412,0.545,7.220,0.398,0.426,1.009,206.619,88.311
SYN-001881,2025-03-20T08:00:00+07:00,2.824,246.458,3.314,822.734,44.614,32.235,35.673,72.735,45.750,31.457,35.482,75.781,0,0,31.701,0,0.238,0,32.011,0,43.646,27.643,35.326,72.564,7.206,12.852,0.283,27.351,189.833,99.743,7.157,4.596,12.468,4.277,0.775,1.642,2.256,2.959,3.560,0.825,1.637,2.371,2.956,3.640,0.725,7.208,0.566,0.519,7.106,0.581,0.453,1.813,195.115,98.598
SYN-001882,2025-03-20T09:00:00+07:00,2.757,246.775,3.339,836.946,43.488,30.269,35.642,63.744,44.275,32.437,36.059,72.326,0,0,31.539,0,0.573,0,32.359,0,44.350,30.151,36.594,72.441,7.026,12.982,0.270,23.525,192.034,97.946,7.172,4.807,9.301,5.512,0.864,1.706,2.327,2.983,3.524,0.931,1.636,2.371,2.977,3.576,0.796,7.174,0.532,0.499,7.033,0.504,0.465,2.104,190.486,95.455
SYN-001883,2025-03-20T10:00:00+07:00,2.768,258.149,3.374,815.135,43.068,29.051,35.772,70.548,42.964,28.784,36.242,71.772,0,0,31.618,0,0,0,31.064,0,43.652,29.251,35.823,69.430,7.117,17.543,0.311,22.999,214.118,106.532,7.071,5.371,11.251,5.126,0.966,1.638,2.273,2.947,3.555,0.778,1.707,2.316,2.952,3.666,1.154,7.081,0.625,0.439,7.090,0.670,0.478,1.962,220.077,106.035
SYN-001884,2025-03-20T11:00:00+07:00,2.768,260.198,3.334,797.757,42.014,30.367,35.182,64.537,42.227,28.685,36.286,67.202,0.142,0,31.298,0,0.442,0,31.700,0,41.919,30.054,35.330,64.675,7.201,12.900,0.309,19.817,223.006,93.332,7.193,4.879,8.871,5.559,0.821,1.627,2.273,2.942,3.650,0.786,1.689,2.312,3.010,3.599,0.856,7.179,0.601,0.491,7.074,0.611,0.456,1.444,222.178,96.033
SYN-001885,2025-03-20T12:00:00+07:00,2.741,257.840,3.346,797.542,40.456,28.417,35.069,67.381,40.466,28.248,36.190,61.754,0,0,32.185,0,0.256,0,31.964,0,40.407,29.834,35.888,64.532,7.118,16.088,0.331,23.626,203.506,102.202,7.185,6.813,10.912,7.921,1.027,1.676,2.197,3.002,3.553,0.961,1.738,2.278,2.977,3.620,1.093,7.173,0.759,0.497,7.140,0.825,0.425,2.191,218.250,102.059
SYN-001886,2025-03-20T13:00:00+07:00,2.848,259.105,3.314,816.187,39.553,26.370,36.117,61.263,39.880,28.337,35.360,66.623,1.112,0,31.237,0,1.280,0,31.606,0,39.844,28.762,35.403,66.285,7.140,17.525,0.346,23.488,193.051,99.465,7.144,6.221,10.757,5.827,0.941,1.594,2.301,2.907,3.620,0.756,1.668,2.361,2.935,3.581,1.126,7.158,0.717,0.446,7.118,0.722,0.426,1.071,192.173,100.990
SYN-001887,2025-03-20T14:00:00+07:00,2.781,253.201,3.318,819.750,38.319,26.431,35.283,59.407,37.608,27.577,35.556,57.566,0,0,31.004,0,0.091,0,31.084,0,39.000,26.987,36.454,65.621,6.983,10.908,0.306,23.193,212.297,103.070,6.929,2.662,9.938,3.415,0.357,1.723,2.387,2.948,3.604,0.379,1.610,2.304,2.947,3.594,0.334,7.072,0.341,0.462,7.184,0.351,0.502,1.375,212.586,103.537
SYN-001888,2025-03-20T15:00:00+07:00,2.850,253.974,3.321,778.977,38.134,26.822,34.983,61.129,38.680,29.624,35.189,61.803,0.121,0,31.230,0,0,0,31.381,0,38.131,28.897,35.263,57.968,6.873,16.468,0.284,23.211,227.391,96.441,6.948,5.602,10.129,5.697,0.961,1.651,2.252,2.857,3.626,1.055,1.642,2.197,3.080,3.654,0.867,7.197,0.669,0.514,7.088,0.596,0.422,1.673,222.401,100.693
SYN-001889,2025-03-20T16:00:00+07:00,2.844,260.503,3.339,773.443,38.892,28.278,35.516,65.000,0.121,0,31.444,0,0.751,0,31.477,0,37.508,26.206,34.502,60.956,37.345,27.414,35.465,61.715,6.994,15.768,0.291,21.926,194.813,98.413,6.942,5.514,9.492,5.158,0.939,1.743,2.279,2.863,3.698,0.893,1.572,2.243,2.946,3.619,0.984,7.117,0.710,0.486,7.075,0.714,0.467,1.471,194.719,97.471
SYN-001890,2025-03-20T17:00:00+07:00,2.746,253.914,3.323,782.500,36.446,26.549,35.731,56.995,1.129,0,30.851,0,0.755,0,31.902,0,36.612,23.889,35.273,59.381,36.636,24.735,34.816,60.432,7.085,16.007,0.283,23.766,204.692,92.640,7.071,5.996,10.960,5.994,0.947,1.622,2.381,2.980,3.592,1.134,1.673,2.204,2.942,3.567,0.759,7.141,0.720,0.521,7.100,0.753,0.402,1.570,210.237,90.975
SYN-001891,2025-03-20T18:00:00+07:00,2.811,261.561,3.350,764.449,37.178,27.231,34.648,58.923,0.236,0,30.782,0,0,0,32.446,0,36.649,26.194,35.121,58.845,36.847,26.332,34.955,60.808,6.870,20.219,0.309,28.043,218.431,95.795,6.887,6.629,12.084,6.842,1.062,1.635,2.310,2.995,3.561,1.021,1.521,2.295,3.019,3.610,1.104,7.119,0.675,0.491,7.108,0.766,0.412,2.132,213.960,94.904
SYN-001892,2025-03-20T19:00:00+07:00,2.795,260.158,3.343,804.367,35.980,27.104,35.957,59.339,0.014,0,31.704,0,0,0,31.329,0,36.445,26.026,34.974,55.591,37.804,26.869,36.034,58.629,7.157,10.055,0.242,24.599,213.757,99.311,7.114,3.130,11.733,2.855,0.325,1.712,2.227,2.941,3.553,0.361,1.619,2.221,2.955,3.607,0.290,7.160,0.261,0.451,7.140,0.246,0.476,1.201,216.260,97.295
SYN-001893,2025-03-20T20:00:00+07:00,2.752,269.985,3.308,765.620,37.104,25.448,34.978,62.924,0.088,0,30.916,0,0,0,31.469,0,37.628,26.453,35.283,60.060,39.279,28.118,35.614,62.533,7.144,14.280,0.312,26.439,180.960,97.279,7.212,4.138,12.168,3.697,0.676,1.521,2.249,2.908,3.535,0.728,1.635,2.325,2.976,3.604,0.623,7.117,0.439,0.512,7.228,0.441,0.458,1.814,187.312,96.035
SYN-001894,2025-03-20T21:00:00+07:00,2.829,266.553,3.303,805.961,38.717,26.626,34.925,60.614,0,0,31.605,0,0,0,32.236,0,37.977,27.933,34.248,61.359,38.315,27.340,34.397,65.515,7.060,18.144,0.261,24.951,224.020,100.047,7.004,5.819,11.393,5.942,0.920,1.697,2.269,2.980,3.550,0.891,1.647,2.281,2.977,3.570,0.949,7.201,0.769,0.490,7.147,0.757,0.512,2.020,229.079,100.258
SYN-001895,2025-03-20T22:00:00+07:00,2.747,255.247,3.306,815.215,39.021,28.509,35.231,63.750,0.281,0,31.022,0,0,0,31.535,0,38.605,27.330,35.514,63.630,39.720,27.167,35.599,65.428,6.990,11.254,0.292,23.010,206.726,98.315,7.008,3.373,8.719,4.815,0.581,1.646,2.272,2.979,3.648,0.632,1.635,2.304,2.963,3.617,0.529,7.165,0.389,0.490,7.209,0.347,0.474,1.404,209.489,97.829
SYN-001896,2025-03-20T23:00:00+07:00,2.773,254.437,3.369,802.923,39.925,27.333,35.052,64.472,0,0,31.485,0,0.672,0,31.103,0,40.758,28.185,35.152,63.098,39.813,29.294,35.942,63.892,7.167,14.698,0.252,21.253,196.877,86.988,7.236,5.838,9.696,5.471,1.110,1.636,2.288,2.981,3.605,0.999,1.668,2.264,2.891,3.593,1.222,7.095,0.647,0.518,7.037,0.696,0.431,2.036,201.035,87.438
SYN-001897,2025-03-21T00:00:00+07:00,2.735,263.100,3.284,814.165,0.344,0,31.924,0,0.625,0,31.381,0,40.663,30.472,35.488,64.531,41.973,28.541,35.432,67.402,39.845,29.468,35.598,60.640,7.057,12.849,0.330,23.605,214.456,94.475,6.994,3.229,10.805,3.979,0.515,1.718,2.256,2.880,3.599,0.479,1.573,2.281,2.998,3.621,0.551,7.189,0.280,0.445,7.228,0.250,0.432,2.211,207.817,97.942
SYN-001898,2025-03-21T01:00:00+07:00,2.785,262.213,3.336,822.212,0.904,0,31.125,0,1.294,0,31.451,0,41.089,30.863,36.332,66.140,41.854,31.766,35.675,65.809,41.157,30.503,35.198,63.260,7.000,7.981,0.306,20.713,214.288,93.767,7.069,3.562,7.635,2.809,0.407,1.676,2.327,3.032,3.615,0.505,1.667,2.281,2.875,3.566,0.310,7.117,0.355,0.496,7.114,0.378,0.461,1.809,216.194,95.707
SYN-001899,2025-03-21T02:00:00+07:00,2.738,267.305,3.277,820.829,0.755,0,31.562,0,1.434,0,31.794,0,42.656,29.698,36.096,66.306,42.545,28.851,35.752,69.762,43.927,30.006,36.613,66.509,7.038,13.973,0.348,26.432,185.929,101.873,7.087,5.930,11.602,5.213,0.874,1.691,2.255,2.943,3.567,0.986,1.548,2.296,3.001,3.661,0.762,7.161,0.494,0.470,7.165,0.475,0.462,1.452,189.829,101.877
SYN-001900,2025-03-21T03:00:00+07:00,2.834,261.279,3.299,813.598,0.860,0,31.491,0,0,0,31.376,0,44.705,32.628,36.232,75.528,44.819,31.195,35.894,71.983,44.169,33.199,35.864,69.781,7.003,13.890,0.293,25.459,235.150,91.893,7.054,4.940,9.263,4.791,0.981,1.688,2.347,2.990,3.567,0.915,1.565,2.296,2.918,3.668,1.047,7.167,0.714,0.424,7.118,0.784,0.473,2.279,231.987,93.878
SYN-001902,2025-03-21T05:00:00+07:00,2.650,273.703,3.289,833.586,0,0,31.415,0,0.133,0,31.335,0,45.334,31.898,36.009,71.391,44.394,29.176,36.021,68.608,44.671,32.413,36.529,75.340,6.988,19.053,0.230,28.495,195.892,104.017,7.129,6.451,12.430,7.063,0.763,1.641,2.313,2.888,3.597,0.819,1.660,2.253,2.929,3.609,0.707,7.176,0.628,0.475,7.192,0.620,0.483,2.120,196.676,105.278
SYN-001901,2025-03-21T04:00:00+07:00,2.771,261.449,3.375,833.031,0.652,0,31.578,0,0.644,0,31.318,0,43.998,28.523,35.922,74.335,44.222,30.046,35.996,72.278,44.773,32.463,35.800,70.459,6.975,20.309,0.318,26.719,211.865,102.683,6.920,5.107,10.330,5.513,0.801,1.642,2.349,2.919,3.648,0.738,1.646,2.301,2.923,3.610,0.863,7.154,0.565,0.528,7.211,0.630,0.450,1.428,215.158,100.317
SYN-001903,2025-03-21T06:00:00+07:00,2.716,274.611,3.339,839.248,0.342,0,31.930,0,0.336,0,31.486,0,44.027,32.291,36.190,71.566,45.584,31.658,35.545,73.299,44.941,29.682,35.800,65.624,7.038,15.136,0.303,26.866,214.931,96.796,6.937,4.932,12.103,5.050,0.847,1.669,2.286,2.989,3.563,0.772,1.684,2.299,2.963,3.592,0.922,7.200,0.784,0.447,7.079,0.787,0.574,1.864,215.125,101.387
SYN-001904,2025-03-21T07:00:00+07:00,2.794,263.158,3.290,860.628,0,0,31.111,0,0,0,31.656,0,45.542,30.656,36.634,74.786,44.809,30.466,35.949,70.018,44.870,30.784,35.601,69.622,7.193,13.173,0.237,18.404,208.099,96.561,7.229,3.717,8.081,3.011,0.559,1.692,2.351,2.973,3.654,0.428,1.641,2.310,2.941,3.599,0.690,7.099,0.462,0.465,7.194,0.501,0.491,1.757,199.065,94.581
SYN-001905,2025-03-21T08:00:00+07:00,2.757,258.766,3.273,847.106,0,0,31.633,0,43.466,30.969,36.421,73.483,44.477,30.741,35.529,69.175,44.109,30.359,35.450,68.315,0.405,0,31.592,0,7.075,15.060,0.276,26.837,199.782,94.951,7.055,4.225,11.737,3.764,0.781,1.633,2.291,2.903,3.599,0.837,1.683,2.271,2.921,3.591,0.725,7.153,0.553,0.491,7.163,0.583,0.509,1.939,199.555,95.022
SYN-001906,2025-03-21T09:00:00+07:00,2.758,272.124,3.308,831.521,0,0,31.675,0,43.395,32.109,36.082,68.638,43.742,30.302,35.668,68.819,44.078,30.887,36.309,69.206,0.549,0,31.544,0,7.201,16.314,0.297,25.407,206.814,103.464,7.057,4.999,11.452,4.619,0.887,1.695,2.338,2.968,3.592,0.951,1.614,2.314,2.955,3.619,0.822,7.199,0.802,0.523,7.196,0.763,0.450,1.979,208.032,102.725
SYN-001907,2025-03-21T10:00:00+07:00,2.789,268.730,3.329,804.939,1.564,0,30.387,0,42.616,31.100,35.571,69.681,42.609,30.134,35.268,71.310,42.482,29.902,35.889,67.662,0,0,31.601,0,7.024,14.537,0.287,25.807,196.868,89.807,7.165,8.030,11.780,7.894,1.424,1.555,2.311,2.914,3.565,1.590,1.705,2.257,2.951,3.601,1.258,7.085,1.055,0.451,7.240,1.068,0.397,2.043,198.811,93.300
SYN-001908,2025-03-21T11:00:00+07:00,2.716,262.753,3.303,824.684,0,0,31.122,0,42.873,28.831,36.112,65.724,41.877,29.564,35.490,69.064,42.807,27.593,36.252,68.954,0,0,31.947,0,6.962,15.018,0.266,22.689,211.739,93.037,6.945,6.923,10.080,5.670,1.161,1.680,2.251,2.942,3.641,1.298,1.699,2.310,2.912,3.638,1.024,7.101,0.773,0.498,7.159,0.729,0.509,1.409,215.900,92.350
SYN-001909,2025-03-21T12:00:00+07:00,2.747,265.831,3.307,812.116,0,0,32.315,0,39.491,28.499,35.615,59.854,41.031,26.405,36.404,63.591,41.419,28.159,35.472,66.119,0.121,0,31.703,0,7.075,15.215,0.263,26.261,222.160,92.319,7.102,5.051,10.274,4.983,1.041,1.608,2.254,2.995,3.528,1.143,1.607,2.315,2.855,3.679,0.939,7.115,0.659,0.469,7.054,0.680,0.426,1.880,215.138,94.817
SYN-001910,2025-03-21T13:00:00+07:00,2.755,266.239,3.271,821.102,0,0,31.192,0,40.169,28.524,35.193,62.543,39.222,27.516,35.351,64.183,39.334,28.505,35.235,60.666,0,0,31.197,0,7.025,15.844,0.341,25.508,185.948,96.070,7.052,6.549,10.569,6.297,1.299,1.737,2.215,2.939,3.656,1.500,1.634,2.245,2.869,3.652,1.098,7.178,0.895,0.463,7.042,0.876,0.451,2.533,190.085,97.947
SYN-001911,2025-03-21T14:00:00+07:00,2.681,270.957,3.354,803.753,0.160,0,31.091,0,38.130,28.099,35.318,60.827,38.887,26.909,35.573,64.671,37.971,28.565,35.862,56.032,0,0,31.377,0,7.077,15.194,0.243,27.005,226.081,100.341,7.179,5.661,10.879,6.474,1.146,1.716,2.291,2.927,3.536,1.196,1.642,2.258,2.899,3.627,1.096,7.177,0.969,0.445,7.148,0.936,0.499,1.953,217.977,99.531
SYN-001912,2025-03-21T15:00:00+07:00,2.708,264.097,3.301,788.530,0,0,31.851,0,37.450,27.799,35.584,60.186,38.017,28.279,34.983,62.812,38.720,27.495,34.510,59.955,0,0,30.980,0,6.892,13.850,0.280,20.091,199.840,94.511,6.902,2.590,9.595,2.005,0.444,1.672,2.301,2.963,3.601,0.448,1.663,2.200,2.902,3.511,0.440,7.099,0.276,0.555,6.976,0.333,0.438,1.842,193.858,94.610
SYN-001913,2025-03-21T16:00:00+07:00,2.683,271.542,3.282,756.186,38.722,28.702,35.212,65.172,37.671,28.657,35.004,56.446,37.624,25.333,35.652,56.552,0.335,0,31.450,0,0.504,0,31.993,0,6.946,18.148,0.265,25.354,207.274,100.176,6.982,6.508,8.988,5.206,0.984,1.626,2.362,2.949,3.588,1.048,1.602,2.299,2.957,3.675,0.919,7.070,0.639,0.517,7.149,0.685,0.425,1.335,212.188,101.949
SYN-001914,2025-03-21T17:00:00+07:00,2.739,273.407,3.274,776.703,37.153,24.515,34.883,58.448,36.535,26.350,35.500,60.159,36.744,27.348,35.525,59.125,0,0,31.572,0,0,0,30.554,0,6.948,15.507,0.262,25.136,216.031,86.582,6.967,6.903,11.956,7.272,0.953,1.748,2.274,2.893,3.641,0.899,1.735,2.339,2.816,3.556,1.006,7.184,0.705,0.487,6.994,0.661,0.473,2.584,216.527,88.300
SYN-001915,2025-03-21T18:00:00+07:00,2.620,268.707,3.288,799.124,37.765,28.039,34.910,63.044,38.284,28.367,34.732,66.234,37.436,25.615,35.659,60.786,0,0,31.056,0,0,0,31.491,0,6.949,16.467,0.199,23.373,218.526,96.484,6.951,4.151,11.680,4.050,0.702,1.708,2.337,2.934,3.523,0.722,1.537,2.308,2.897,3.660,0.682,7.132,0.506,0.425,7.125,0.548,0.489,2.225,219.495,91.850
SYN-001916,2025-03-21T19:00:00+07:00,2.633,264.686,3.286,789.648,37.756,27.508,34.216,59.462,38.015,26.008,35.218,61.955,36.980,27.050,34.362,58.068,0,0,31.803,0,0.037,0,32.165,0,6.951,14.585,0.254,24.318,208.416,102.484,6.826,4.567,11.392,4.991,0.538,1.710,2.280,2.867,3.676,0.527,1.738,2.319,2.947,3.628,0.550,7.089,0.318,0.473,7.187,0.273,0.396,1.630,212.503,101.261
SYN-001917,2025-03-21T20:00:00+07:00,2.692,266.944,3.290,757.857,37.194,26.184,34.873,58.573,37.187,28.465,34.900,58.964,37.676,27.777,35.426,61.146,0.762,0,31.614,0,0,0,30.716,0,7.089,17.015,0.264,28.002,201.629,102.715,7.048,5.191,12.285,6.034,1.086,1.628,2.367,3.056,3.585,1.011,1.747,2.341,2.889,3.576,1.162,7.160,0.686,0.510,7.170,0.666,0.469,1.632,200.896,103.609
SYN-001918,2025-03-21T21:00:00+07:00,2.571,275.754,3.248,771.318,38.999,27.897,35.419,63.715,38.046,26.672,35.319,63.665,37.477,25.739,35.647,62.122,0,0,31.972,0,0.098,0,30.255,0,6.995,15.235,0.344,26.365,195.284,91.841,7.009,5.344,11.226,5.387,0.758,1.690,2.262,2.929,3.639,0.510,1.611,2.285,3.047,3.597,1.005,7.226,0.513,0.473,7.049,0.510,0.566,2.246,190.067,94.941
SYN-001919,2025-03-21T22:00:00+07:00,2.693,270.051,3.267,782.015,40.307,27.828,34.863,62.981,38.620,26.808,35.467,62.296,39.751,26.857,34.920,67.413,0.139,0,31.625,0,0,0,30.936,0,7.050,13.593,0.285,23.860,231.744,97.230,7.101,4.113,10.397,4.026,0.820,1.653,2.289,2.909,3.696,0.944,1.631,2.307,2.964,3.592,0.695,7.193,0.565,0.459,7.155,0.509,0.439,2.868,225.409,99.254
SYN-001920,2025-03-21T23:00:00+07:00,2.604,280.906,3.298,818.965,40.007,29.290,35.208,65.104,40.271,26.596,35.291,63.829,41.279,28.402,35.751,62.334,0,0,31.888,0,0,0,30.986,0,7.014,16.664,0.319,25.192,197.384,97.177,6.971,5.501,10.572,5.849,0.873,1.629,2.324,2.916,3.623,0.906,1.614,2.311,2.963,3.595,0.840,7.186,0.652,0.471,7.121,0.603,0.476,1.744,197.364,99.064
SYN-001921,2025-03-22T00:00:00+07:00,2.654,275.830,3.261,778.235,41.896,29.834,35.923,68.976,40.798,29.327,35.623,65.932,0,0,31.823,0,0.172,0,31.359,0,41.119,30.389,34.929,67.434,7.039,13.500,0.241,24.937,213.313,100.811,7.037,4.698,10.786,4.648,0.956,1.685,2.277,2.869,3.590,0.944,1.628,2.328,2.962,3.482,0.967,7.131,0.542,0.498,7.166,0.493,0.399,1.172,217.998,100.496
SYN-001922,2025-03-22T01:00:00+07:00,2.549,273.105,3.271,828.034,41.802,29.972,34.975,72.001,41.614,30.069,36.236,65.625,0,0,31.988,0,0,0,31.067,0,42.346,30.615,35.369,69.568,7.122,18.698,0.328,26.576,206.412,108.469,7.085,7.472,11.611,7.907,1.186,1.651,2.354,3.016,3.581,0.986,1.744,2.306,2.948,3.506,1.385,7.226,0.948,0.507,7.152,1.025,0.503,2.867,207.489,108.686
SYN-001923,2025-03-22T02:00:00+07:00,2.608,275.059,3.250,840.933,42.322,30.399,35.853,68.273,42.874,30.197,36.373,68.528,0.121,0,31.165,0,0,0,31.570,0,42.316,29.637,35.937,68.727,6.942,18.225,0.263,23.789,223.764,100.738,6.824,6.444,10.656,6.254,1.221,1.583,2.273,2.881,3.538,1.037,1.673,2.258,2.896,3.554,1.404,7.220,0.860,0.501,7.132,0.852,0.484,2.071,230.877,104.771
SYN-001924,2025-03-22T03:00:00+07:00,2.492,272.881,3.235,816.367,44.597,32.226,36.142,69.183,44.613,31.275,36.819,70.549,0.486,0,31.402,0,0,0,31.426,0,41.199,30.875,35.547,63.864,6.873,20.316,0.297,27.282,216.927,96.314,6.769,6.776,13.219,6.808,0.922,1.778,2.383,2.903,3.555,0.595,1.692,2.268,2.900,3.690,1.248,7.161,0.656,0.440,7.134,0.596,0.426,2.293,222.336,96.580
SYN-001925,2025-03-22T04:00:00+07:00,2.545,279.162,3.216,854.955,44.611,31.033,36.737,70.372,43.522,30.319,35.168,68.469,1.083,0,31.685,0,0,0,31.805,0,45.204,31.199,36.289,69.707,7.053,14.884,0.277,25.217,220.397,101.007,6.980,4.993,9.908,5.247,0.828,1.661,2.302,2.936,3.624,0.709,1.658,2.251,2.910,3.614,0.947,7.086,0.514,0.530,7.085,0.467,0.516,2.137,216.728,103.321
SYN-001926,2025-03-22T05:00:00+07:00,2.527,276.778,3.221,827.331,45.004,32.255,35.923,74.978,45.042,32.276,35.403,74.060,0,0,30.832,0,0.787,0,31.587,0,45.025,32.301,36.148,73.542,6.976,16.586,0.291,28.528,214.877,97.163,7.054,7.054,11.690,7.013,1.055,1.659,2.292,3.041,3.554,1.237,1.712,2.311,2.962,3.547,0.873,7.157,0.674,0.438,7.216,0.716,0.478,2.361,217.933,98.878
SYN-001927,2025-03-22T06:00:00+07:00,2.506,269.885,3.234,854.252,44.703,29.224,35.306,67.002,46.669,34.546,35.968,72.798,0.777,0,31.878,0,0.683,0,31.026,0,44.568,31.312,36.457,68.582,7.229,21.135,0.269,27.551,209.983,94.062,7.269,7.336,11.995,6.781,1.159,1.650,2.356,2.897,3.605,1.092,1.732,2.325,2.906,3.572,1.226,7.219,0.849,0.458,7.136,0.885,0.429,2.626,212.003,93.172
SYN-001928,2025-03-22T07:00:00+07:00,2.487,275.243,3.241,868.260,44.605,28.904,35.503,73.992,43.475,30.699,36.245,71.614,0.918,0,33.113,0,0.112,0,31.927,0,45.138,31.542,36.156,72.760,7.020,23.320,0.252,26.049,210.839,109.601,6.997,8.636,9.623,9.023,1.523,1.663,2.281,3.028,3.656,1.535,1.638,2.345,2.962,3.535,1.512,7.065,1.212,0.517,7.096,1.244,0.436,2.216,210.018,106.338
SYN-001929,2025-03-22T08:00:00+07:00,2.491,283.380,3.206,834.169,44.352,31.481,35.074,71.485,0,0,31.184,0,0,0,31.883,0,43.561,32.072,35.938,69.035,44.376,31.200,35.742,72.542,6.973,19.075,0.304,26.632,195.659,101.689,6.939,6.868,11.120,7.008,1.182,1.740,2.356,2.943,3.595,1.097,1.668,2.295,2.950,3.576,1.268,7.099,0.924,0.453,7.162,0.911,0.482,2.239,193.397,100.485
SYN-001930,2025-03-22T09:00:00+07:00,2.500,264.503,3.271,859.463,44.805,30.989,35.819,72.359,0,0,30.780,0,0,0,31.747,0,42.934,29.480,35.815,69.173,44.251,31.038,35.569,72.263,7.122,22.451,0.251,24.743,185.625,98.454,7.202,8.017,10.529,8.900,1.225,1.616,2.303,2.915,3.598,1.171,1.639,2.334,2.953,3.563,1.278,7.126,1.081,0.494,7.030,1.127,0.454,1.861,186.059,100.275
SYN-001931,2025-03-22T10:00:00+07:00,2.494,278.299,3.258,847.675,43.036,31.358,35.783,68.067,0,0,30.538,0,0,0,31.627,0,42.823,29.326,35.658,67.615,42.723,29.522,35.688,67.388,7.193,20.197,0.302,29.522,217.535,99.997,7.263,8.169,12.558,8.315,1.256,1.641,2.303,2.939,3.599,1.274,1.669,2.302,2.879,3.579,1.238,7.055,0.979,0.500,7.269,0.940,0.477,0.665,217.393,101.216
SYN-001932,2025-03-22T11:00:00+07:00,2.449,272.039,3.187,814.079,42.671,29.964,35.466,69.247,0.950,0,31.071,0,0.493,0,31.875,0,41.876,30.171,35.918,67.888,42.029,30.450,35.505,65.513,7.014,23.214,0.330,27.637,210.953,97.501,7.011,8.623,10.957,9.160,1.374,1.698,2.250,2.961,3.600,1.171,1.664,2.380,2.935,3.660,1.576,7.115,0.971,0.426,7.105,0.949,0.412,1.658,210.386,101.452
SYN-001933,2025-03-22T12:00:00+07:00,2.457,282.521,3.199,836.167,40.717,29.360,34.967,66.722,0.797,0,30.656,0,0.629,0,31.468,0,41.006,29.226,35.492,65.961,40.469,29.174,35.170,62.982,7.022,21.281,0.222,28.395,220.074,108.036,7.058,6.156,10.463,6.189,1.032,1.630,2.342,2.973,3.570,1.013,1.707,2.261,2.925,3.603,1.050,7.143,0.775,0.482,7.142,0.766,0.450,2.018,222.487,109.062
SYN-001934,2025-03-22T13:00:00+07:00,2.500,270.769,3.202,799.818,39.865,28.152,35.537,64.357,0,0,30.734,0,0,0,31.607,0,40.318,28.125,35.798,63.525,40.565,28.056,36.264,62.674,7.048,17.178,0.266,25.403,205.071,96.102,6.939,6.134,9.703,5.591,1.017,1.651,2.353,2.855,3.525,1.102,1.685,2.315,2.972,3.621,0.932,7.228,0.820,0.463,7.074,0.770,0.443,1.653,207.863,93.839
SYN-001935,2025-03-22T14:00:00+07:00,2.422,278.447,3.201,797.192,39.792,28.978,34.899,65.771,0,0,31.750,0,0.443,0,31.269,0,39.551,28.014,35.580,65.264,39.705,27.852,35.340,62.907,7.104,22.616,0.279,28.373,220.701,98.638,7.110,6.979,12.429,6.701,1.205,1.581,2.298,2.992,3.607,1.082,1.613,2.193,2.913,3.537,1.328,7.178,1.014,0.453,7.148,1.055,0.480,2.722,217.423,94.278
SYN-001936,2025-03-22T15:00:00+07:00,2.409,283.719,3.209,798.827,38.543,25.859,35.634,63.601,0.960,0,31.406,0,0,0,31.779,0,37.723,26.224,35.049,60.502,38.386,27.465,34.848,57.442,6.868,25.591,0.238,27.400,218.142,92.980,6.870,10.396,12.430,10.557,1.652,1.704,2.268,3.015,3.508,1.548,1.725,2.328,2.954,3.606,1.755,7.130,1.018,0.513,7.093,1.040,0.474,2.181,218.828,92.074
SYN-001937,2025-03-22T16:00:00+07:00,2.417,278.504,3.162,775.786,0.969,0,31.477,0,0,0,31.182,0,36.326,28.661,35.244,57.683,38.508,27.463,35.115,62.467,37.951,28.962,34.004,60.240,7.103,17.186,0.335,26.362,199.833,94.405,7.232,7.156,12.406,7.570,1.198,1.648,2.287,2.968,3.617,1.017,1.605,2.208,3.081,3.540,1.379,7.233,0.905,0.514,7.165,0.924,0.450,1.689,202.083,94.168
SYN-001938,2025-03-22T17:00:00+07:00,2.382,287.738,3.158,781.349,0,0,32.110,0,0.990,0,32.114,0,36.589,26.707,35.365,58.901,36.800,24.626,35.091,60.750,37.726,26.680,35.321,63.145,6.965,25.918,0.292,25.444,214.302,98.475,7.023,9.271,11.667,9.037,1.590,1.687,2.240,2.922,3.631,1.506,1.573,2.360,2.959,3.549,1.674,7.099,1.098,0.468,7.240,1.114,0.468,2.389,213.127,97.262
SYN-001939,2025-03-22T18:00:00+07:00,2.363,281.141,3.102,763.840,0,0,31.841,0,1.841,0,30.582,0,37.091,27.236,35.322,58.491,37.018,27.491,35.933,57.683,37.283,27.989,35.773,60.720,6.988,22.938,0.238,25.522,194.587,98.185,7.034,8.647,13.221,7.939,1.593,1.627,2.322,2.865,3.611,1.614,1.626,2.238,2.920,3.661,1.573,7.192,1.271,0.488,7.150,1.253,0.436,2.153,194.501,100.395
SYN-001940,2025-03-22T19:00:00+07:00,2.362,286.683,3.190,800.004,0,0,31.892,0,0.776,0,30.480,0,36.809,26.549,34.797,57.087,36.363,24.747,35.487,56.318,36.543,26.409,35.817,58.797,7.004,23.766,0.323,27.076,201.753,91.458,6.990,10.098,11.162,10.400,1.793,1.714,2.229,2.965,3.606,1.709,1.633,2.290,2.989,3.598,1.876,7.159,1.377,0.475,7.187,1.418,0.476,1.185,205.577,91.941
SYN-001941,2025-03-22T20:00:00+07:00,2.340,277.825,3.121,786.396,0,0,32.180,0,0,0,32.006,0,38.445,29.696,34.231,60.593,37.219,29.221,35.277,61.280,36.434,25.701,36.172,57.874,7.096,21.946,0.304,28.899,214.510,103.861,7.093,7.006,11.728,7.718,1.089,1.568,2.347,2.886,3.624,0.955,1.693,2.294,2.966,3.493,1.224,7.118,0.880,0.540,7.147,0.795,0.475,2.035,217.690,105.431
SYN-001942,2025-03-22T21:00:00+07:00,2.295,280.618,3.180,791.018,0.220,0,31.139,0,0,0,31.984,0,38.872,28.427,34.404,63.781,36.964,27.505,35.159,59.746,36.742,27.546,34.964,61.110,7.162,24.888,0.210,30.144,191.286,101.714,7.168,8.928,14.019,9.380,1.262,1.615,2.361,2.935,3.580,1.355,1.606,2.338,3.010,3.619,1.169,7.187,0.783,0.421,7.166,0.832,0.394,2.406,186.609,102.125
SYN-001943,2025-03-22T22:00:00+07:00,2.296,284.743,3.098,838.498,0,0,31.673,0,0.716,0,31.403,0,38.858,25.031,35.580,57.542,39.111,26.275,35.230,62.884,39.429,27.339,35.904,66.964,7.030,22.454,0.269,27.765,213.827,97.805,7.066,8.319,11.681,8.147,1.175,1.645,2.338,2.980,3.619,1.348,1.625,2.220,2.932,3.612,1.003,7.097,0.904,0.427,7.044,0.859,0.391,0.989,218.237,100.342
SYN-001944,2025-03-22T23:00:00+07:00,2.285,281.262,3.189,788.705,0,0,31.547,0,0,0,31.747,0,39.044,27.666,35.060,61.742,39.529,26.650,35.956,64.586,38.953,27.166,35.388,62.630,7.002,26.514,0.348,28.862,221.047,92.972,7.002,10.098,12.432,9.967,1.874,1.593,2.248,2.916,3.604,1.898,1.631,2.374,2.932,3.643,1.849,7.272,1.328,0.511,7.179,1.350,0.404,2.197,220.106,94.555
SYN-001945,2025-03-23T00:00:00+07:00,2.300,287.801,3.203,827.640,0,0,31.647,0,40.692,27.593,34.987,66.542,41.910,28.059,35.144,67.409,41.579,29.071,36.042,65.351,0.166,0,30.544,0,7.031,23.733,0.316,26.902,211.224,95.976,6.972,7.691,10.864,7.529,1.303,1.690,2.336,2.959,3.599,1.334,1.625,2.306,2.931,3.611,1.272,7.232,0.964,0.496,7.299,0.975,0.443,1.646,208.881,96.628
SYN-001946,2025-03-23T01:00:00+07:00,2.317,279.278,3.101,805.621,0.165,0,31.736,0,41.069,29.292,35.554,64.783,41.883,29.454,35.582,67.448,42.464,29.328,35.475,67.989,0,0,32.512,0,7.129,17.990,0.299,20.986,230.241,99.554,7.225,6.376,7.966,6.055,1.132,1.560,2.279,2.932,3.654,1.274,1.668,2.250,2.927,3.608,0.990,7.136,0.923,0.491,7.054,0.893,0.448,0.805,235.533,103.453
SYN-001947,2025-03-23T02:00:00+07:00,2.254,275.790,3.101,818.832,0.756,0,31.228,0,42.896,31.434,35.185,68.695,44.246,30.449,36.255,74.313,42.042,30.716,36.149,66.987,0.676,0,31.530,0,6.927,23.940,0.287,32.880,212.885,89.784,6.845,7.845,14.544,7.821,1.276,1.644,2.333,3.010,3.631,1.267,1.677,2.252,2.878,3.612,1.285,7.114,0.882,0.405,7.135,0.959,0.471,1.730,209.076,89.039
SYN-001948,2025-03-23T03:00:00+07:00,2.276,280.289,3.124,841.076,0,0,31.069,0,43.055,29.062,35.923,67.996,43.561,28.859,36.372,69.351,44.218,30.831,36.084,70.368,0.633,0,31.005,0,7.251,20.410,0.330,23.526,208.643,100.888,7.233,7.470,8.266,8.013,1.042,1.615,2.285,2.983,3.592,0.791,1.660,2.307,2.970,3.682,1.294,7.168,0.773,0.462,7.278,0.731,0.418,0.950,202.565,99.702
SYN-001949,2025-03-23T04:00:00+07:00,2.227,276.845,3.132,829.116,0,0,30.944,0,44.928,30.155,36.301,70.592,43.680,30.161,35.650,69.324,45.059,31.373,36.137,75.021,0,0,31.464,0,7.042,21.228,0.296,28.325,210.944,93.941,7.052,7.569,11.769,7.371,1.277,1.663,2.322,2.983,3.591,1.176,1.684,2.285,2.987,3.573,1.378,7.069,0.981,0.484,7.124,0.991,0.557,1.694,205.890,96.609
SYN-001950,2025-03-23T05:00:00+07:00,2.219,282.162,3.152,842.666,0.193,0,31.887,0,45.005,30.464,36.253,70.191,44.446,30.314,35.802,73.104,45.676,32.401,35.649,71.013,0,0,32.097,0,7.214,21.645,0.332,27.160,220.146,104.260,7.282,8.940,10.797,9.242,1.438,1.587,2.282,2.917,3.625,1.415,1.728,2.329,2.972,3.566,1.461,7.120,1.012,0.409,7.132,1.085,0.445,1.333,216.792,106.656
SYN-001951,2025-03-23T06:00:00+07:00,2.235,283.166,3.098,854.817,0,0,32.442,0,44.566,31.096,36.148,69.062,45.187,32.914,36.491,74.063,44.936,30.597,35.147,69.320,0.592,0,31.614,0,7.046,27.014,0.244,29.473,204.735,108.931,7.114,10.171,14.291,10.624,1.653,1.674,2.326,2.927,3.531,1.618,1.736,2.357,2.929,3.618,1.689,7.132,1.275,0.491,7.174,1.273,0.445,2.239,201.442,113.367
SYN-001952,2025-03-23T07:00:00+07:00,2.161,283.279,3.074,825.271,0.296,0,30.277,0,44.552,31.049,34.751,71.093,45.037,31.995,35.119,70.867,45.087,30.611,35.123,70.741,0,0,31.333,0,7.071,23.721,0.303,28.422,222.761,94.744,6.992,9.356,11.598,9.274,1.639,1.686,2.286,2.881,3.568,1.572,1.609,2.315,2.925,3.639,1.705,7.120,1.229,0.463,7.146,1.255,0.489,2.160,225.463,93.764
SYN-001953,2025-03-23T08:00:00+07:00,2.225,281.826,3.098,854.184,45.999,31.860,35.988,76.735,44.500,29.940,34.888,71.623,43.728,30.211,35.801,71.744,0.585,0,31.102,0,1.176,0,31.261,0,6.961,24.764,0.285,27.426,206.555,96.101,6.991,8.179,12.393,8.509,1.350,1.658,2.344,2.975,3.531,1.142,1.667,2.271,2.913,3.676,1.559,7.215,0.836,0.456,7.144,0.831,0.348,2.700,202.223,94.032
SYN-001954,2025-03-23T09:00:00+07:00,2.180,282.366,3.114,821.046,44.040,30.494,36.054,70.417,43.763,29.664,35.589,70.417,43.622,28.682,35.407,72.454,0.251,0,31.254,0,0,0,31.643,0,7.257,25.551,0.315,28.401,195.920,95.923,7.276,9.246,11.956,9.167,1.759,1.672,2.291,3.045,3.538,1.703,1.673,2.433,2.823,3.649,1.816,7.046,1.215,0.509,7.083,1.196,0.492,1.998,191.415,94.671
SYN-001955,2025-03-23T10:00:00+07:00,2.123,282.430,3.133,837.847,42.255,30.139,35.599,69.604,42.690,27.197,35.671,71.284,43.756,30.402,36.654,71.715,0,0,31.895,0,0,0,31.115,0,7.037,24.992,0.272,27.721,207.684,102.858,7.111,9.000,11.710,10.302,1.556,1.613,2.325,2.889,3.642,1.593,1.634,2.261,2.968,3.596,1.519,7.109,1.020,0.465,7.155,1.026,0.499,2.111,208.060,102.889
SYN-001956,2025-03-23T11:00:00+07:00,2.170,289.536,3.110,820.308,42.928,29.559,35.016,67.738,42.156,30.463,35.672,65.184,43.446,29.019,36.333,71.732,0.675,0,30.763,0,0,0,32.607,0,7.145,27.109,0.311,31.806,210.246,95.044,7.118,9.546,15.489,9.565,1.592,1.705,2.337,2.866,3.530,1.563,1.716,2.283,2.962,3.667,1.621,7.075,1.217,0.520,7.076,1.201,0.470,2.363,206.422,96.715
SYN-001957,2025-03-23T12:00:00+07:00,2.197,282.641,3.136,831.527,42.395,30.005,36.071,61.863,40.326,26.307,35.716,62.274,40.527,28.063,35.813,67.100,0,0,31.402,0,0,0,31.795,0,7.144,26.353,0.281,30.403,205.615,103.032,7.060,9.397,11.918,9.676,1.499,1.694,2.316,2.921,3.589,1.681,1.699,2.274,3.023,3.634,1.318,7.069,1.139,0.490,7.082,1.113,0.450,1.221,206.442,105.788
SYN-001958,2025-03-23T13:00:00+07:00,2.116,287.086,3.083,761.790,40.253,28.215,35.338,64.786,40.208,26.768,35.503,66.302,40.503,29.750,35.786,61.864,0,0,31.323,0,0.757,0,31.757,0,6.944,25.605,0.317,28.598,220.684,96.727,6.957,10.050,12.472,10.362,1.621,1.652,2.370,2.945,3.594,1.613,1.628,2.295,2.955,3.687,1.629,7.208,1.119,0.525,7.190,1.117,0.503,2.427,219.607,96.268
SYN-001959,2025-03-23T14:00:00+07:00,2.164,281.962,3.092,779.914,38.800,28.676,34.648,63.893,39.336,26.531,35.657,66.015,39.395,28.377,34.751,60.555,0,0,31.180,0,0.130,0,30.951,0,7.205,25.750,0.296,27.655,205.407,96.616,7.289,9.783,11.780,9.286,1.866,1.652,2.316,2.942,3.629,1.842,1.651,2.366,2.946,3.619,1.890,7.106,1.311,0.487,7.124,1.350,0.378,1.623,208.817,94.135
SYN-001960,2025-03-23T15:00:00+07:00,2.209,279.327,3.055,792.493,38.572,26.242,35.317,58.901,38.716,27.638,35.436,63.405,38.497,29.110,35.797,65.822,1.065,0,31.857,0,0.557,0,31.068,0,6.892,26.483,0.242,32.418,202.548,102.566,6.873,10.012,13.061,11.248,1.577,1.675,2.297,2.988,3.579,1.534,1.659,2.290,2.999,3.507,1.619,7.106,1.071,0.455,7.200,1.069,0.479,1.390,204.026,103.369
SYN-001961,2025-03-23T16:00:00+07:00,2.123,286.758,3.040,751.882,37.506,27.515,35.186,62.698,37.031,24.990,35.786,64.146,0.501,0,32.324,0,0,0,31.449,0,37.042,25.195,34.564,58.740,7.196,25.635,0.308,27.590,227.681,90.889,7.121,8.074,12.564,7.690,1.310,1.632,2.338,3.032,3.654,1.312,1.604,2.292,2.935,3.552,1.307,7.203,0.924,0.486,7.195,0.864,0.420,1.793,228.501,91.715
SYN-001962,2025-03-23T17:00:00+07:00,2.127,279.817,3.146,773.879,35.436,23.509,35.273,53.184,36.589,23.439,34.748,60.118,0.149,0,31.587,0,0,0,31.633,0,37.727,27.922,34.980,64.372,6.895,22.670,0.301,30.450,194.457,98.558,6.828,9.244,11.794,9.061,1.455,1.658,2.317,2.941,3.586,1.435,1.661,2.283,2.982,3.590,1.474,7.144,1.051,0.443,7.194,1.110,0.494,1.795,182.806,99.098
SYN-001963,2025-03-23T18:00:00+07:00,2.078,274.859,3.106,787.041,37.938,28.038,35.480,62.601,36.542,27.055,34.654,55.654,0.869,0,31.668,0,0,0,31.233,0,37.700,26.262,35.232,63.482,7.045,26.374,0.284,26.311,201.582,102.429,7.084,11.033,11.676,11.077,1.876,1.705,2.285,2.949,3.611,1.808,1.619,2.380,2.963,3.578,1.944,7.252,1.230,0.520,7.163,1.250,0.476,2.511,199.931,101.276
SYN-001964,2025-03-23T19:00:00+07:00,2.067,284.658,3.064,782.807,38.495,25.899,35.745,58.794,36.983,27.399,35.513,64.007,0.622,0,30.890,0,0,0,31.307,0,37.163,26.694,34.932,56.808,7.096,28.946,0.289,29.414,205.241,100.142,7.123,8.848,14.536,7.746,1.559,1.615,2.311,3.033,3.655,1.462,1.620,2.317,2.966,3.576,1.655,7.139,1.024,0.516,7.126,1.016,0.467,2.582,210.610,100.861
SYN-001965,2025-03-23T20:00:00+07:00,2.111,283.733,3.088,774.693,37.470,27.019,35.149,59.157,37.185,27.250,35.100,59.673,0.305,0,31.394,0,0.037,0,32.271,0,37.731,28.210,35.647,65.581,7.101,27.176,0.271,28.933,182.056,91.002,7.089,10.517,11.135,10.424,1.899,1.607,2.246,2.939,3.594,1.912,1.748,2.263,2.989,3.614,1.886,7.218,1.405,0.445,7.159,1.412,0.437,1.061,165.952,88.806
SYN-001966,2025-03-23T21:00:00+07:00,2.158,285.623,3.073,796.118,38.211,25.631,35.696,60.592,37.582,24.330,35.848,60.028,0,0,31.350,0,0,0,30.931,0,38.318,26.513,35.112,59.716,7.125,28.759,0.291,31.069,221.265,95.569,7.158,9.858,14.597,9.829,1.463,1.605,2.256,2.891,3.618,1.384,1.713,2.307,2.980,3.651,1.543,7.216,1.217,0.475,7.142,1.182,0.478,2.613,229.228,93.365
SYN-001967,2025-03-23T22:00:00+07:00,2.141,273.194,3.032,804.462,39.327,26.739,35.345,62.412,39.500,27.401,35.319,62.192,0,0,31.080,0,0.626,0,32.178,0,39.185,27.998,34.803,62.520,7.204,26.970,0.288,28.854,204.033,96.011,7.162,11.004,13.176,9.568,1.808,1.656,2.300,3.007,3.605,1.860,1.620,2.287,2.971,3.583,1.756,7.138,1.244,0.590,7.157,1.184,0.434,2.294,199.137,93.878
SYN-001968,2025-03-23T23:00:00+07:00,2.135,288.237,3.065,814.502,39.043,27.536,35.376,63.837,40.197,28.154,35.019,65.256,0.505,0,31.521,0,0,0,31.784,0,39.104,26.924,34.934,62.223,7.016,27.797,0.313,30.511,210.590,97.371,7.057,10.559,11.091,10.315,1.769,1.578,2.300,2.946,3.585,1.739,1.570,2.207,2.919,3.525,1.798,7.114,1.372,0.442,7.180,1.358,0.401,1.352,212.749,96.356
SYN-001969,2025-03-24T00:00:00+07:00,2.124,278.562,3.066,788.814,40.795,28.887,35.487,65.293,0.058,0,30.776,0,0,0,31.935,0,41.060,29.416,35.904,66.230,40.719,29.157,36.160,67.078,6.991,28.758,0.198,31.972,213.518,94.751,7.050,10.982,13.912,10.571,1.860,1.610,2.264,3.026,3.623,1.723,1.656,2.270,3.010,3.483,1.997,7.123,1.334,0.477,7.182,1.303,0.462,2.505,209.964,92.100
SYN-001970,2025-03-24T01:00:00+07:00,2.160,287.540,3.064,805.819,42.136,26.628,35.326,64.627,0.283,0,31.598,0,0.327,0,30.802,0,41.339,28.736,35.195,68.735,41.968,29.368,35.907,67.863,7.201,30.627,0.277,30.179,213.732,95.581,7.257,10.190,13.130,10.260,1.600,1.703,2.299,2.927,3.633,1.558,1.694,2.354,2.916,3.617,1.642,7.118,1.119,0.504,7.237,1.095,0.537,1.993,208.922,94.378
SYN-001971,2025-03-24T02:00:00+07:00,2.101,280.298,3.068,837.096,42.531,28.082,35.948,65.048,0,0,31.548,0,0.994,0,31.725,0,43.666,31.331,36.013,66.818,43.345,29.617,35.418,69.135,7.031,25.087,0.254,29.235,204.211,100.051,7.042,10.018,12.851,9.656,1.640,1.639,2.352,2.932,3.628,1.500,1.611,2.226,2.921,3.654,1.780,7.128,1.167,0.508,7.160,1.132,0.506,1.482,197.621,100.173
SYN-001972,2025-03-24T03:00:00+07:00,2.070,278.555,3.064,825.134,44.398,32.437,36.169,66.915,1.159,0,31.991,0,0,0,31.687,0,43.932,28.959,35.834,70.227,43.883,30.440,36.662,69.753,7.223,29.650,0.296,32.067,208.405,85.757,7.304,10.838,14.058,11.368,1.742,1.572,2.228,2.901,3.576,1.589,1.671,2.318,2.939,3.611,1.894,7.115,1.243,0.484,7.160,1.298,0.436,2.338,205.132,86.165
SYN-001973,2025-03-24T04:00:00+07:00,2.145,280.106,3.108,843.875,45.051,31.706,36.406,69.980,0.694,0,31.814,0,0.772,0,30.994,0,43.619,30.748,36.641,68.972,44.720,29.697,36.043,69.304,7.089,32.504,0.295,31.332,221.194,95.195,7.139,12.997,13.389,13.365,2.103,1.658,2.248,2.921,3.595,2.168,1.635,2.376,2.869,3.557,2.039,7.179,1.663,0.485,7.116,1.681,0.465,1.708,214.674,95.650
SYN-001974,2025-03-24T05:00:00+07:00,2.110,277.503,3.029,845.832,45.690,32.789,36.657,75.084,0.675,0,31.951,0,0,0,31.640,0,45.043,31.878,35.866,68.592,46.071,33.787,35.867,70.200,7.063,31.525,0.272,32.118,203.963,93.800,7.089,10.815,13.756,11.064,1.628,1.698,2.357,2.850,3.639,1.489,1.808,2.269,3.043,3.588,1.766,7.032,1.155,0.469,7.214,1.145,0.448,1.762,205.850,93.382
SYN-001975,2025-03-24T06:00:00+07:00,2.065,280.776,3.068,859.229,43.958,30.242,36.136,65.751,0.698,0,32.249,0,0,0,31.600,0,45.566,27.797,35.543,73.345,45.210,30.763,36.340,74.315,7.210,23.850,0.274,26.214,203.639,102.463,7.254,8.471,11.974,7.981,1.383,1.648,2.203,2.940,3.628,1.311,1.631,2.309,2.885,3.616,1.456,7.146,0.989,0.525,7.149,1.018,0.487,1.725,204.887,99.945
SYN-001976,2025-03-24T07:00:00+07:00,2.109,291.379,3.082,852.790,43.874,30.860,35.391,70.024,1.017,0,30.927,0,0.184,0,31.840,0,45.132,30.801,36.757,72.840,43.916,29.518,35.782,72.496,7.289,34.914,0.260,30.158,204.325,96.583,7.290,12.142,13.471,12.870,1.860,1.585,2.347,3.043,3.570,1.619,1.647,2.342,2.812,3.571,2.101,7.094,1.360,0.488,7.137,1.386,0.431,2.024,212.396,97.399
SYN-001977,2025-03-24T08:00:00+07:00,2.132,281.253,3.080,817.653,0.293,0,31.475,0,1.644,0,31.942,0,46.095,30.498,35.579,77.343,44.791,30.114,36.256,72.345,44.274,31.162,35.771,66.263,7.103,27.947,0.217,33.731,199.410,93.462,7.093,9.390,15.003,9.796,1.471,1.604,2.266,2.903,3.581,1.512,1.622,2.302,2.967,3.549,1.429,7.187,1.067,0.438,7.109,1.121,0.539,3.226,206.618,88.146
SYN-001978,2025-03-24T09:00:00+07:00,2.180,284.098,3.040,825.303,0,0,30.778,0,0.133,0,31.718,0,44.825,29.825,36.776,69.690,44.075,30.568,35.156,71.510,44.405,30.482,36.210,72.907,7.175,27.051,0.259,29.808,186.261,93.246,7.183,9.496,13.969,9.542,1.518,1.599,2.286,3.008,3.591,1.272,1.675,2.292,2.913,3.605,1.764,7.100,1.058,0.536,7.120,0.999,0.412,2.759,192.300,94.139
SYN-001979,2025-03-24T10:00:00+07:00,2.091,285.110,3.065,785.810,1.615,0,31.480,0,0,0,32.235,0,41.923,29.010,35.895,67.976,43.556,31.750,35.507,69.605,42.737,30.913,36.625,69.998,7.144,29.914,0.301,29.389,231.144,97.578,7.207,10.695,13.234,10.514,1.655,1.716,2.277,2.925,3.720,1.590,1.673,2.330,2.919,3.561,1.719,7.109,1.150,0.511,7.149,1.067,0.490,2.183,230.533,97.400
SYN-001980,2025-03-24T11:00:00+07:00,2.147,280.044,3.069,796.644,0.396,0,31.389,0,0,0,31.560,0,40.122,28.031,36.077,62.676,41.887,30.725,35.857,65.957,42.828,30.488,36.061,72.072,7.030,23.510,0.302,27.687,211.175,101.377,6.958,8.128,11.380,8.205,1.256,1.599,2.292,3.025,3.553,1.335,1.671,2.296,2.912,3.688,1.176,7.096,0.939,0.487,7.165,1.030,0.475,2.398,216.218,101.381
SYN-001981,2025-03-24T12:00:00+07:00,2.152,290.057,3.105,804.385,0,0,30.700,0,0,0,31.750,0,40.850,26.034,34.576,65.476,41.035,29.819,36.337,63.915,40.890,28.935,36.504,65.137,7.024,28.664,0.265,31.042,214.766,99.382,7.050,10.721,13.862,11.008,1.655,1.733,2.299,2.912,3.604,1.460,1.677,2.311,2.893,3.577,1.850,7.144,1.210,0.514,7.278,1.228,0.544,2.631,217.438,99.884
SYN-001982,2025-03-24T13:00:00+07:00,2.160,272.787,3.075,824.009,0,0,31.394,0,1.035,0,31.888,0,40.066,28.034,34.628,62.723,41.143,29.423,35.446,67.955,39.540,27.342,35.640,61.854,7.162,30.460,0.282,34.498,219.742,106.163,7.124,9.743,13.465,9.581,1.736,1.722,2.269,2.973,3.670,1.682,1.659,2.329,2.945,3.584,1.789,7.169,1.172,0.473,7.138,1.089,0.502,2.452,224.831,106.278
SYN-001983,2025-03-24T14:00:00+07:00,2.158,275.147,3.066,826.132,0.254,0,31.870,0,0.238,0,32.406,0,39.493,29.103,36.596,62.284,38.920,27.436,35.266,59.598,38.949,26.851,35.498,63.888,7.015,27.917,0.230,31.752,223.718,96.825,7.083,9.875,12.285,10.323,1.617,1.602,2.361,2.898,3.621,1.599,1.619,2.336,2.914,3.609,1.635,7.108,1.217,0.467,7.030,1.192,0.462,2.165,224.473,95.309
SYN-001984,2025-03-24T15:00:00+07:00,2.074,288.819,3.073,792.022,0,0,31.886,0,0,0,32.135,0,38.723,27.697,35.702,61.364,37.705,27.701,35.902,60.351,37.677,26.389,35.856,58.278,7.090,31.600,0.312,31.305,209.531,104.740,7.161,12.742,13.565,12.911,2.100,1.652,2.387,2.880,3.612,1.856,1.635,2.314,2.885,3.647,2.344,7.163,1.448,0.496,7.182,1.472,0.472,2.389,211.080,105.646
SYN-001985,2025-03-24T16:00:00+07:00,2.101,269.481,3.062,773.021,0,0,31.434,0,38.400,26.861,35.605,65.260,37.500,27.903,35.127,59.067,37.768,26.244,35.020,55.816,0,0,31.346,0,7.132,32.839,0.259,28.179,212.902,110.707,7.170,11.729,13.781,12.891,1.866,1.639,2.313,2.893,3.632,1.845,1.667,2.268,2.963,3.620,1.887,7.175,1.413,0.489,7.105,1.398,0.406,2.683,205.976,109.974
SYN-001986,2025-03-24T17:00:00+07:00,2.139,280.390,3.059,763.320,0,0,32.328,0,36.936,25.119,34.959,58.020,36.402,27.194,35.477,59.583,36.778,26.645,35.712,60.976,0.239,0,31.402,0,6.897,29.312,0.252,29.350,209.092,98.853,6.857,10.244,11.871,10.597,1.648,1.676,2.294,2.908,3.665,1.551,1.625,2.260,2.965,3.498,1.745,7.154,1.050,0.489,7.179,1.086,0.384,1.429,194.783,101.520
SYN-001987,2025-03-24T18:00:00+07:00,2.159,280.540,3.116,786.797,0,0,31.259,0,37.423,26.774,35.314,63.038,36.046,28.004,35.241,56.835,38.003,28.470,35.022,62.798,0,0,31.605,0,7.172,32.217,0.302,29.490,221.180,95.604,7.190,11.078,11.792,11.376,1.771,1.682,2.277,2.970,3.596,1.525,1.600,2.294,2.908,3.595,2.016,7.095,1.364,0.488,7.067,1.314,0.538,2.335,218.679,95.445
SYN-001988,2025-03-24T19:00:00+07:00,2.155,284.636,3.049,797.241,0,0,31.361,0,37.030,26.364,35.105,57.700,38.556,27.070,35.737,61.285,37.403,26.352,35.025,57.096,0,0,31.601,0,7.011,31.265,0.278,25.392,215.643,99.884,7.085,12.773,9.534,12.942,2.020,1.600,2.341,2.899,3.620,1.919,1.616,2.340,2.948,3.597,2.121,7.193,1.563,0.462,7.167,1.588,0.415,1.417,212.754,101.885
SYN-001989,2025-03-24T20:00:00+07:00,2.180,271.909,3.097,779.480,0,0,31.353,0,38.492,28.481,35.389,59.862,38.572,27.781,35.583,61.822,37.402,28.221,35.173,57.138,1.598,0,32.105,0,7.011,31.382,0.323,30.008,210.364,93.148,6.955,11.590,11.547,11.868,2.064,1.612,2.281,2.942,3.637,1.979,1.579,2.301,2.841,3.574,2.148,7.206,1.524,0.474,7.160,1.563,0.389,1.809,213.679,93.765
SYN-001990,2025-03-24T21:00:00+07:00,2.170,280.365,3.056,794.618,1.138,0,30.779,0,38.711,28.130,34.943,61.584,38.591,27.437,35.392,61.319,38.714,27.108,35.267,62.477,0.154,0,30.906,0,7.078,33.435,0.302,31.306,228.067,96.912,7.090,12.500,13.700,12.097,2.209,1.674,2.298,2.966,3.532,2.180,1.555,2.299,2.926,3.696,2.238,7.195,1.620,0.506,7.123,1.633,0.492,2.340,223.206,94.922
SYN-001991,2025-03-24T22:00:00+07:00,2.170,273.441,3.096,770.702,0.404,0,31.497,0,38.190,27.978,34.579,60.316,39.383,28.957,35.858,64.854,38.306,28.311,35.339,63.559,0,0,30.737,0,7.059,28.464,0.337,28.516,216.462,96.289,7.054,10.227,11.950,10.495,1.722,1.667,2.335,2.970,3.552,1.741,1.670,2.235,2.978,3.666,1.702,7.138,1.292,0.481,7.155,1.360,0.464,2.234,215.002,96.169
SYN-001992,2025-03-24T23:00:00+07:00,2.158,274.408,3.061,788.426,0,0,32.132,0,40.638,30.031,35.501,65.582,39.674,27.298,35.363,63.841,40.337,28.190,35.160,64.566,0,0,32.126,0,7.060,30.355,0.317,31.379,210.896,101.891,7.217,12.595,14.834,12.836,2.127,1.669,2.393,2.955,3.569,2.110,1.644,2.385,2.956,3.583,2.144,7.172,1.486,0.459,7.106,1.427,0.407,2.948,213.685,102.009
SYN-001993,2025-03-25T00:00:00+07:00,2.175,271.134,3.110,807.672,40.674,28.462,35.321,66.368,39.590,28.762,35.759,60.844,41.226,26.885,35.063,67.361,0.513,0,31.270,0,0.290,0,31.780,0,7.096,31.337,0.260,29.974,211.778,96.584,7.046,10.031,13.135,9.970,1.641,1.616,2.258,2.997,3.607,1.742,1.595,2.329,3.003,3.601,1.540,7.164,1.199,0.489,7.103,1.207,0.461,2.060,218.565,96.976
SYN-001994,2025-03-25T01:00:00+07:00,2.232,273.695,3.084,814.821,41.238,29.259,36.025,67.193,41.040,28.459,35.931,64.204,41.756,29.871,35.277,67.167,0.851,0,31.223,0,0,0,31.326,0,7.150,28.494,0.311,30.568,197.220,99.149,7.217,10.034,12.225,9.666,1.782,1.554,2.303,2.910,3.643,1.637,1.676,2.269,2.923,3.619,1.926,7.132,1.143,0.464,7.020,1.148,0.495,1.538,198.896,99.260
SYN-001995,2025-03-25T02:00:00+07:00,2.164,267.165,3.170,812.979,43.010,30.380,36.361,70.155,43.298,30.429,36.117,71.739,43.075,27.903,35.766,66.904,0,0,31.586,0,0.328,0,31.502,0,6.880,33.050,0.289,31.049,220.891,103.940,6.779,12.470,14.341,13.305,2.049,1.664,2.356,2.930,3.555,2.088,1.638,2.281,2.944,3.603,2.010,7.092,1.517,0.541,7.121,1.467,0.491,2.458,217.511,104.946
SYN-001996,2025-03-25T03:00:00+07:00,2.186,280.220,3.118,867.331,45.096,30.619,35.987,71.525,43.683,30.547,35.895,68.688,42.831,29.249,35.247,70.484,0,0,31.515,0,0.330,0,31.389,0,7.043,30.543,0.285,31.618,202.323,93.574,7.079,12.715,14.080,12.639,2.168,1.635,2.276,2.943,3.572,2.142,1.735,2.333,3.032,3.547,2.194,7.215,1.606,0.444,7.204,1.583,0.462,2.696,208.023,93.504
SYN-001997,2025-03-25T04:00:00+07:00,2.248,273.272,3.125,846.904,45.488,33.500,35.427,71.321,43.778,31.500,35.409,68.344,44.210,29.995,35.590,68.859,1.099,0,31.855,0,0,0,31.041,0,6.959,28.462,0.337,30.402,196.703,100.840,7.041,9.274,13.330,9.513,1.485,1.604,2.299,3.003,3.646,1.508,1.633,2.348,2.981,3.559,1.462,7.175,1.063,0.449,7.073,1.076,0.426,1.843,194.600,99.280
SYN-001998,2025-03-25T05:00:00+07:00,2.196,268.694,3.113,826.443,44.477,31.346,35.980,71.774,45.375,31.778,36.427,72.419,44.522,30.772,35.381,70.269,1.170,0,31.868,0,0,0,32.295,0,7.010,27.630,0.280,28.885,210.476,102.560,7.052,9.207,11.050,9.032,1.294,1.599,2.224,2.948,3.575,1.151,1.657,2.316,2.975,3.536,1.438,7.124,0.997,0.450,7.149,1.042,0.508,2.094,207.575,102.810
SYN-001999,2025-03-25T06:00:00+07:00,2.247,270.206,3.127,827.004,45.793,30.478,36.141,75.516,44.192,29.942,35.952,71.551,45.192,33.201,36.248,74.701,0,0,30.469,0,0,0,31.774,0,7.199,31.494,0.294,27.947,200.372,95.367,7.144,13.279,12.660,13.177,2.088,1.708,2.228,2.961,3.646,2.090,1.627,2.251,2.920,3.651,2.085,7.174,1.522,0.473,7.082,1.547,0.500,2.102,202.134,99.184
SYN-002000,2025-03-25T07:00:00+07:00,2.235,273.711,3.147,843.353,44.891,30.469,36.495,70.418,46.049,30.430,35.857,70.670,44.390,29.856,36.514,70.362,0,0,30.634,0,0.771,0,30.710,0,7.100,33.985,0.243,34.579,202.083,106.349,7.075,10.963,12.909,10.886,1.606,1.630,2.344,2.916,3.512,1.646,1.553,2.289,2.882,3.546,1.566,7.192,1.066,0.454,7.173,1.068,0.451,2.763,199.210,107.191
SYN-002001,2025-03-25T08:00:00+07:00,2.218,271.341,3.107,841.286,45.190,30.904,36.647,70.281,45.384,31.539,36.222,68.101,0.254,0,30.889,0,0,0,31.125,0,45.248,31.914,36.113,74.155,7.032,34.898,0.270,31.691,200.677,88.846,7.172,12.199,12.560,12.134,2.074,1.682,2.359,2.961,3.563,2.190,1.688,2.344,2.904,3.570,1.959,7.140,1.542,0.469,7.058,1.536,0.454,2.709,206.198,87.365
SYN-002002,2025-03-25T09:00:00+07:00,2.327,265.051,3.146,809.855,43.743,28.964,36.056,72.736,43.725,31.865,35.779,73.435,0,0,31.721,0,0.135,0,31.383,0,44.531,30.263,36.051,69.484,7.047,33.941,0.302,30.385,227.841,97.728,7.015,12.767,14.756,12.943,2.112,1.706,2.285,2.999,3.634,2.137,1.566,2.269,2.956,3.597,2.086,7.247,1.514,0.551,7.155,1.514,0.478,2.463,228.226,98.305
SYN-002003,2025-03-25T10:00:00+07:00,2.269,264.967,3.103,825.741,42.165,29.243,34.274,66.976,42.094,28.825,35.784,66.241,0.490,0,30.746,0,1.070,0,31.275,0,42.618,29.717,35.196,68.962,7.009,34.279,0.239,31.151,208.735,87.036,7.036,11.908,13.976,11.847,1.964,1.705,2.255,2.941,3.629,1.940,1.630,2.368,2.957,3.664,1.988,7.043,1.389,0.526,7.148,1.413,0.425,3.018,212.066,89.536
SYN-002004,2025-03-25T11:00:00+07:00,2.324,259.389,3.174,807.766,42.060,28.433,35.342,65.291,41.975,30.030,35.352,67.167,0,0,31.192,0,0,0,31.538,0,40.950,28.803,35.811,63.304,7.029,29.265,0.287,33.340,201.310,99.350,6.956,9.885,15.637,9.784,1.871,1.609,2.311,2.905,3.599,1.869,1.599,2.180,2.966,3.548,1.872,7.191,1.326,0.453,7.314,1.381,0.500,2.608,210.419,102.522
SYN-002005,2025-03-25T12:00:00+07:00,2.284,262.030,3.107,809.895,40.723,29.200,35.220,63.013,41.853,28.994,35.742,68.739,0,0,31.298,0,1.902,0,32.224,0,40.101,28.288,34.550,62.791,6.931,28.032,0.312,30.212,210.612,91.435,6.889,10.790,13.830,10.913,1.827,1.720,2.281,2.952,3.570,1.957,1.659,2.293,2.965,3.577,1.697,7.133,1.399,0.481,7.219,1.404,0.400,2.460,213.607,92.283
SYN-002006,2025-03-25T13:00:00+07:00,2.282,270.665,3.136,815.777,39.078,29.173,36.013,60.916,40.270,27.919,36.061,60.990,0,0,31.443,0,0,0,31.837,0,39.975,27.630,35.115,63.858,7.096,35.035,0.246,31.062,221.179,93.614,7.133,13.188,13.224,13.341,2.196,1.669,2.307,2.997,3.494,2.131,1.554,2.261,2.993,3.553,2.261,7.222,1.621,0.431,7.062,1.732,0.463,1.151,220.709,94.064
SYN-002007,2025-03-25T14:00:00+07:00,2.323,271.127,3.135,810.113,39.152,28.819,35.811,64.559,39.746,27.495,36.208,65.800,0,0,31.539,0,0,0,32.077,0,38.743,28.201,35.323,62.365,6.866,30.950,0.312,31.286,199.689,103.694,6.852,10.520,14.675,10.701,1.699,1.656,2.322,2.966,3.538,1.610,1.662,2.237,2.900,3.564,1.789,7.188,1.106,0.459,7.186,1.130,0.466,2.546,204.044,105.823
SYN-002008,2025-03-25T15:00:00+07:00,2.317,263.533,3.133,805.792,38.295,27.366,35.955,62.681,38.184,27.897,35.023,61.006,0.791,0,30.474,0,0.928,0,31.943,0,37.638,27.601,35.045,61.160,7.058,29.530,0.245,32.049,195.256,97.408,7.081,9.508,12.724,9.863,1.733,1.626,2.314,2.910,3.551,1.501,1.657,2.350,2.995,3.561,1.966,7.133,1.273,0.486,7.196,1.268,0.408,2.246,189.028,97.607
SYN-002009,2025-03-25T16:00:00+07:00,2.332,265.965,3.171,815.974,37.426,26.047,34.633,62.068,0.872,0,31.643,0,0,0,30.972,0,38.098,26.310,35.460,64.334,36.797,26.205,35.359,56.901,6.948,31.925,0.306,30.448,208.872,101.542,6.947,9.614,13.442,9.550,1.356,1.677,2.291,2.978,3.587,1.474,1.708,2.293,2.957,3.630,1.238,7.102,0.965,0.511,7.105,1.011,0.442,2.135,208.602,100.775
SYN-002010,2025-03-25T17:00:00+07:00,2.377,260.254,3.146,770.100,37.405,26.520,35.189,58.665,0,0,31.997,0,0.523,0,31.628,0,36.414,24.792,35.351,55.388,37.655,27.273,35.398,60.280,7.039,30.651,0.295,29.470,198.473,97.651,7.060,10.119,10.058,10.309,1.567,1.662,2.298,2.919,3.563,1.323,1.663,2.288,2.950,3.613,1.811,7.079,1.115,0.462,7.078,1.153,0.423,1.431,201.487,98.627
SYN-002011,2025-03-25T18:00:00+07:00,2.412,271.803,3.145,789.212,37.088,27.510,34.932,59.400,0.701,0,31.947,0,0.186,0,31.565,0,37.056,26.705,35.576,62.460,37.482,26.482,35.659,56.781,7.080,28.067,0.319,34.181,194.679,98.533,7.168,10.405,14.853,10.811,1.854,1.598,2.267,2.919,3.603,1.893,1.636,2.336,2.957,3.580,1.815,7.220,1.360,0.478,7.194,1.397,0.440,3.006,200.077,98.542
SYN-002012,2025-03-25T19:00:00+07:00,2.361,261.221,3.153,815.314,36.986,26.439,35.189,55.117,0,0,30.692,0,0.511,0,32.482,0,36.989,27.210,35.741,58.618,36.799,25.790,35.313,59.516,6.861,26.535,0.266,26.695,230.257,92.808,6.810,9.051,12.269,9.272,1.710,1.675,2.292,2.935,3.616,1.647,1.577,2.287,2.936,3.576,1.772,7.112,1.132,0.526,7.204,1.119,0.564,1.505,225.251,93.387
SYN-002013,2025-03-25T20:00:00+07:00,2.367,270.378,3.213,761.987,37.131,27.398,35.108,58.517,0,0,31.999,0,0,0,31.631,0,38.474,28.741,35.265,59.304,37.848,28.520,35.775,62.471,6.899,25.690,0.344,28.914,202.931,99.156,7.089,10.206,12.366,10.498,1.787,1.619,2.256,2.989,3.595,1.727,1.642,2.311,2.966,3.544,1.848,7.168,1.241,0.518,7.156,1.300,0.439,1.951,201.178,95.836
SYN-002014,2025-03-25T21:00:00+07:00,2.513,265.204,3.162,797.197,37.879,26.706,35.136,58.876,0.229,0,31.984,0,0.222,0,31.240,0,37.908,24.768,35.083,58.966,39.252,28.044,34.904,60.954,7.195,33.386,0.323,32.400,202.141,100.197,7.132,11.092,14.074,10.918,1.672,1.663,2.297,3.034,3.538,1.512,1.569,2.196,2.949,3.659,1.832,7.101,1.019,0.443,7.056,1.006,0.417,3.187,206.576,100.646
SYN-002015,2025-03-25T22:00:00+07:00,2.389,263.570,3.197,805.478,39.247,26.567,36.178,60.794,0,0,31.715,0,0.296,0,31.504,0,40.066,28.206,36.074,67.876,39.784,26.253,36.104,60.948,7.071,32.150,0.323,29.866,221.693,111.093,7.058,10.727,14.015,10.238,1.862,1.620,2.293,2.958,3.604,1.746,1.604,2.313,2.935,3.670,1.978,7.146,1.394,0.492,7.119,1.412,0.470,2.264,217.523,109.420
SYN-002016,2025-03-25T23:00:00+07:00,2.455,271.800,3.165,769.700,39.665,29.750,35.443,61.902,0,0,30.547,0,0.050,0,30.743,0,40.158,27.552,34.968,66.167,39.333,28.443,35.070,62.864,6.862,25.721,0.241,26.738,203.418,95.154,6.950,9.437,11.088,10.073,1.695,1.719,2.348,2.890,3.633,1.648,1.708,2.271,2.977,3.594,1.742,7.101,1.277,0.502,7.111,1.293,0.467,1.654,200.888,95.494
SYN-002017,2025-03-26T00:00:00+07:00,2.490,261.399,3.164,835.331,0,0,31.849,0,0.076,0,31.550,0,40.716,30.960,36.367,63.230,39.956,28.828,35.755,66.228,40.840,28.765,35.570,68.450,7.196,29.244,0.332,30.997,221.124,92.343,7.184,10.240,13.106,10.437,1.615,1.704,2.304,2.945,3.602,1.485,1.576,2.267,2.880,3.666,1.744,7.185,1.109,0.448,7.170,1.090,0.459,2.982,227.402,86.852
SYN-002018,2025-03-26T01:00:00+07:00,2.485,268.229,3.220,797.119,0,0,31.256,0,0.190,0,32.619,0,43.057,30.090,36.406,74.168,41.292,28.856,35.411,64.134,41.586,32.023,35.944,65.507,7.107,28.147,0.298,28.179,194.949,100.262,7.140,10.540,13.125,9.635,1.856,1.696,2.284,2.923,3.631,1.903,1.628,2.292,2.912,3.672,1.809,7.153,1.357,0.511,7.271,1.373,0.432,1.078,196.836,99.593
SYN-002019,2025-03-26T02:00:00+07:00,2.475,260.288,3.236,814.534,1.168,0,31.821,0,0.183,0,31.583,0,43.986,29.304,35.435,67.507,43.287,29.410,36.108,69.106,42.751,29.109,36.428,66.920,6.974,29.085,0.250,28.427,191.599,104.128,7.041,9.698,11.566,10.408,1.508,1.683,2.345,2.997,3.584,1.419,1.719,2.379,2.930,3.626,1.596,7.174,1.190,0.471,7.078,1.265,0.367,1.520,203.752,105.121
SYN-002020,2025-03-26T03:00:00+07:00,2.526,257.297,3.211,814.276,0,0,31.130,0,0,0,31.175,0,43.904,29.556,35.201,69.992,43.314,31.035,35.871,66.005,44.663,31.572,35.867,68.474,6.987,32.741,0.304,33.753,208.156,105.028,7.046,12.577,14.656,13.246,2.136,1.643,2.260,2.985,3.645,2.035,1.734,2.309,2.923,3.657,2.236,7.057,1.526,0.480,7.117,1.476,0.538,2.355,217.874,105.483
SYN-002021,2025-03-26T04:00:00+07:00,2.533,259.150,3.222,842.169,1.380,0,31.555,0,0,0,30.657,0,44.527,29.142,36.286,72.791,44.557,30.110,36.147,71.906,44.894,32.131,36.949,66.707,7.014,31.831,0.238,35.748,203.614,104.302,7.099,12.275,15.000,12.169,1.930,1.628,2.298,2.960,3.619,1.761,1.650,2.316,2.904,3.602,2.099,7.109,1.375,0.492,7.059,1.339,0.433,2.844,196.143,105.074
SYN-002022,2025-03-26T05:00:00+07:00,2.487,254.743,3.198,851.591,0.519,0,31.735,0,0,0,31.528,0,45.984,32.951,36.401,73.518,43.853,30.324,36.492,71.265,46.059,31.401,35.935,72.298,7.074,31.338,0.273,26.738,209.445,108.367,7.099,11.878,13.148,11.558,1.974,1.619,2.323,2.940,3.610,1.937,1.630,2.273,2.906,3.615,2.012,7.175,1.495,0.510,7.143,1.506,0.427,2.859,204.946,106.858
SYN-002023,2025-03-26T06:00:00+07:00,2.572,257.510,3.237,823.135,0.575,0,31.585,0,0,0,31.434,0,45.992,32.516,35.785,72.075,45.768,32.934,36.170,76.073,45.463,31.377,35.309,74.125,7.107,29.354,0.291,29.541,215.587,91.508,7.207,10.720,12.479,11.126,1.787,1.678,2.296,2.895,3.587,1.758,1.647,2.275,2.951,3.570,1.817,7.150,1.260,0.531,7.175,1.291,0.468,2.531,213.083,89.533
SYN-002024,2025-03-26T07:00:00+07:00,2.576,255.916,3.238,845.156,0.916,0,32.031,0,1.211,0,31.786,0,44.863,29.818,35.746,73.907,44.010,30.425,36.127,68.319,44.016,28.534,35.517,71.164,7.025,29.678,0.240,30.384,202.044,97.548,6.990,9.713,15.194,9.365,1.524,1.656,2.298,2.902,3.618,1.443,1.664,2.349,2.891,3.591,1.605,7.124,1.169,0.479,7.287,1.128,0.486,2.594,204.309,94.758
SYN-002025,2025-03-26T08:00:00+07:00,2.534,255.279,3.263,816.003,0.109,0,30.641,0,44.265,29.868,36.674,73.096,45.242,31.942,36.363,70.001,44.686,31.450,36.580,74.518,0,0,31.242,0,6.884,30.344,0.257,30.421,208.276,95.311,6.960,11.326,13.688,11.767,1.985,1.608,2.419,2.968,3.598,1.890,1.631,2.353,2.951,3.645,2.079,7.109,1.452,0.466,7.178,1.481,0.440,2.313,207.403,95.743
SYN-002026,2025-03-26T09:00:00+07:00,2.613,248.898,3.242,816.147,0,0,31.222,0,43.508,28.401,35.404,71.651,43.022,30.018,36.398,66.934,43.939,30.525,36.146,69.873,0,0,31.600,0,7.111,30.338,0.290,31.449,223.098,94.536,7.102,10.858,13.584,11.219,1.935,1.771,2.322,2.912,3.628,1.935,1.669,2.230,2.995,3.557,1.936,7.235,1.363,0.512,7.102,1.344,0.489,2.428,221.919,94.364
SYN-002027,2025-03-26T10:00:00+07:00,2.594,256.230,3.266,834.545,0.452,0,31.424,0,42.899,29.098,36.487,69.790,42.897,28.621,35.435,69.803,43.243,30.832,36.082,71.708,0,0,31.488,0,7.005,30.185,0.281,31.758,202.658,96.276,7.124,10.119,12.301,9.956,1.767,1.626,2.186,2.994,3.567,1.702,1.737,2.345,2.979,3.602,1.832,7.170,1.377,0.476,7.152,1.391,0.347,2.189,196.570,96.174
SYN-002028,2025-03-26T11:00:00+07:00,2.546,257.719,3.229,822.453,0,0,31.382,0,44.371,28.842,35.019,72.544,42.379,32.526,35.390,68.388,42.126,30.147,35.940,69.385,0.535,0,30.807,0,7.019,30.675,0.306,31.137,209.238,98.766,7.117,12.456,13.983,12.193,2.257,1.626,2.366,2.966,3.577,2.122,1.710,2.269,2.926,3.664,2.392,7.220,1.738,0.507,7.109,1.729,0.470,2.345,214.723,97.573
SYN-002029,2025-03-26T12:00:00+07:00,2.600,259.781,3.277,824.929,0.298,0,30.738,0,41.915,27.305,35.976,69.129,40.592,31.048,34.755,63.223,40.680,27.510,35.953,65.165,0,0,31.359,0,7.222,28.153,0.241,30.236,226.590,98.744,7.167,10.812,12.653,11.130,1.840,1.620,2.330,3.011,3.594,1.809,1.651,2.373,3.000,3.668,1.870,7.117,1.313,0.447,7.086,1.183,0.438,2.135,223.831,98.583
SYN-002030,2025-03-26T13:00:00+07:00,2.623,268.097,3.284,798.944,0,0,30.496,0,39.320,27.172,35.495,61.757,39.749,27.580,35.103,62.680,40.750,27.961,36.411,64.047,0.244,0,32.051,0,6.877,27.294,0.261,25.014,200.338,96.693,6.840,10.387,11.101,10.524,1.751,1.633,2.332,2.923,3.586,1.740,1.653,2.287,3.028,3.689,1.762,7.127,1.231,0.462,7.164,1.219,0.512,2.126,208.098,96.281
SYN-002031,2025-03-26T14:00:00+07:00,2.694,253.660,3.290,800.198,0,0,31.970,0,37.874,29.457,35.058,61.860,38.947,27.849,35.653,61.950,38.803,26.810,35.254,59.440,0,0,30.508,0,7.305,30.835,0.363,34.169,196.483,100.406,7.267,11.094,14.319,10.760,1.724,1.652,2.306,2.966,3.560,1.845,1.712,2.301,2.916,3.587,1.603,7.088,1.132,0.507,7.168,1.122,0.503,2.492,194.024,100.275
SYN-002032,2025-03-26T15:00:00+07:00,2.613,238.824,3.256,799.067,0.849,0,31.764,0,37.825,27.471,35.449,59.258,38.858,29.556,34.898,62.272,36.931,26.292,34.586,59.660,0,0,32.373,0,6.988,25.662,0.282,30.953,190.679,89.719,6.953,9.036,12.488,9.433,1.480,1.579,2.329,2.948,3.550,1.337,1.702,2.328,2.946,3.614,1.624,7.167,1.005,0.441,7.097,1.039,0.414,2.628,184.668,91.564
SYN-002033,2025-03-26T16:00:00+07:00,2.603,247.287,3.290,794.525,37.316,26.728,34.232,62.287,37.516,27.222,35.104,59.969,37.880,26.114,36.052,61.474,0.493,0,31.067,0,0,0,30.339,0,7.129,26.302,0.232,29.759,199.620,98.254,7.139,10.229,11.471,10.352,1.576,1.674,2.315,2.866,3.680,1.567,1.766,2.288,2.838,3.643,1.586,7.215,1.054,0.450,7.123,1.036,0.450,2.186,199.690,95.528
SYN-002034,2025-03-26T17:00:00+07:00,2.654,252.083,3.200,772.104,38.011,25.795,35.319,64.465,36.921,25.273,35.299,59.752,37.720,26.848,34.780,61.128,0.605,0,30.753,0,1.407,0,31.246,0,7.051,23.694,0.284,26.865,195.286,97.417,7.063,8.100,11.073,8.739,1.375,1.574,2.271,2.920,3.576,1.418,1.726,2.299,2.959,3.640,1.332,7.063,0.940,0.598,7.204,0.914,0.585,1.384,200.162,96.882
SYN-002035,2025-03-26T18:00:00+07:00,2.723,247.376,3.303,793.445,36.097,25.822,34.853,56.382,36.313,25.423,35.586,55.651,36.329,26.365,34.745,53.522,0,0,31.914,0,0.753,0,31.649,0,7.036,24.884,0.312,27.148,182.068,93.731,7.034,7.069,11.104,6.588,1.055,1.645,2.260,2.921,3.635,1.024,1.676,2.216,2.872,3.528,1.086,7.315,0.804,0.522,7.100,0.797,0.407,1.430,190.789,95.793
SYN-002036,2025-03-26T19:00:00+07:00,2.661,255.323,3.270,805.379,37.154,27.330,35.313,55.777,36.560,23.937,35.318,59.606,36.102,24.432,34.513,52.844,0,0,31.304,0,0,0,31.324,0,7.029,29.677,0.277,31.826,210.904,101.631,7.071,11.306,12.444,11.908,1.717,1.699,2.289,3.029,3.613,1.572,1.653,2.268,3.000,3.575,1.861,7.085,1.240,0.476,7.102,1.219,0.447,1.567,219.130,99.522
SYN-002037,2025-03-26T20:00:00+07:00,2.744,242.380,3.287,799.665,37.563,26.270,35.866,62.214,36.301,26.651,35.053,55.445,37.520,26.680,35.563,59.118,0,0,31.376,0,0,0,31.531,0,6.961,24.660,0.243,27.352,203.824,94.893,7.111,7.936,11.693,8.048,1.299,1.603,2.242,2.944,3.550,1.358,1.647,2.392,2.870,3.535,1.240,7.117,0.919,0.478,7.204,0.944,0.469,1.562,199.048,94.114
SYN-002038,2025-03-26T21:00:00+07:00,2.694,242.956,3.280,760.029,37.197,25.256,34.803,59.197,38.114,26.936,35.917,59.432,38.180,28.193,35.397,59.689,0.462,0,31.681,0,0,0,31.018,0,6.962,27.972,0.301,31.027,209.593,93.800,6.954,10.471,12.704,10.646,1.845,1.654,2.401,2.934,3.636,1.844,1.683,2.277,2.833,3.615,1.846,7.132,1.337,0.520,7.079,1.316,0.439,2.460,212.234,92.293
SYN-002039,2025-03-26T22:00:00+07:00,2.741,257.664,3.312,790.906,38.915,27.224,36.621,64.966,39.124,26.839,35.741,63.175,39.072,27.792,36.048,62.578,0,0,31.634,0,0,0,30.827,0,7.085,29.258,0.275,28.432,202.474,95.892,7.073,9.514,11.583,10.089,1.584,1.627,2.266,2.956,3.580,1.714,1.674,2.307,3.029,3.592,1.454,7.149,1.166,0.468,7.203,1.148,0.441,2.211,205.762,94.819
SYN-002040,2025-03-26T23:00:00+07:00,2.697,245.516,3.335,809.255,40.168,29.116,35.101,60.109,39.352,28.363,35.733,63.242,41.095,28.893,35.921,67.876,1.309,0,31.453,0,0.658,0,31.077,0,7.055,23.422,0.235,26.763,193.542,98.407,7.005,6.621,10.008,5.528,0.997,1.711,2.263,2.937,3.549,0.969,1.655,2.268,2.924,3.616,1.025,7.219,0.840,0.490,7.094,0.832,0.487,1.989,197.924,98.473
SYN-002041,2025-03-27T00:00:00+07:00,2.711,248.256,3.285,822.502,40.963,30.717,36.162,63.360,42.495,27.753,36.833,67.393,0,0,32.195,0,0,0,31.816,0,40.238,27.808,35.900,61.797,6.884,27.107,0.258,27.938,202.688,97.778,6.894,9.557,11.482,8.916,1.750,1.660,2.278,2.885,3.570,1.675,1.696,2.305,2.898,3.508,1.826,7.165,1.072,0.509,7.174,1.104,0.445,2.073,197.175,98.667
SYN-002042,2025-03-27T01:00:00+07:00,2.748,248.608,3.331,799.851,41.935,30.314,35.664,65.734,42.270,30.136,36.238,70.757,0.717,0,30.893,0,0.646,0,31.178,0,42.192,32.080,35.637,65.571,6.922,27.283,0.256,30.928,177.330,102.204,6.923,9.501,13.467,8.973,1.542,1.600,2.324,2.949,3.563,1.602,1.601,2.302,2.986,3.618,1.482,7.106,1.119,0.462,7.083,1.255,0.499,2.090,170.793,102.096
SYN-002043,2025-03-27T02:00:00+07:00,2.717,247.522,3.282,847.159,41.938,28.507,35.608,64.545,43.597,30.139,36.124,69.266,0.763,0,30.734,0,0.355,0,31.692,0,42.246,30.484,34.861,66.109,7.154,25.849,0.282,29.171,202.689,101.175,7.235,9.609,13.907,9.087,1.420,1.666,2.299,2.929,3.617,1.208,1.744,2.305,2.924,3.635,1.631,7.175,1.035,0.442,7.142,1.079,0.463,2.193,191.269,97.160
SYN-002044,2025-03-27T03:00:00+07:00,2.753,249.786,3.275,830.335,43.880,28.688,36.044,69.305,44.230,32.681,35.790,70.756,0.278,0,31.456,0,0,0,31.768,0,43.400,31.702,35.962,69.515,7.173,19.630,0.349,26.971,202.942,100.112,7.207,7.018,11.430,7.135,1.322,1.690,2.288,2.920,3.564,1.317,1.666,2.268,2.962,3.644,1.327,7.126,0.961,0.490,7.194,0.995,0.488,1.627,204.850,99.520
SYN-002045,2025-03-27T04:00:00+07:00,2.752,248.343,3.286,841.827,44.320,29.242,35.007,70.701,43.967,29.940,35.138,71.284,1.192,0,31.451,0,0.015,0,31.182,0,44.555,31.920,35.530,72.333,7.153,23.421,0.275,30.894,204.855,93.784,7.080,8.893,13.332,9.482,1.652,1.683,2.301,2.950,3.543,1.668,1.683,2.291,2.964,3.582,1.636,7.054,1.244,0.475,7.184,1.283,0.419,1.995,203.101,94.208
SYN-002046,2025-03-27T05:00:00+07:00,2.770,237.945,3.335,803.541,46.273,29.393,34.903,73.652,45.485,31.182,36.866,73.913,0,0,31.161,0,0.305,0,31.668,0,44.709,30.875,36.471,69.372,6.983,21.388,0.284,26.198,203.406,89.832,6.977,8.540,11.484,8.011,1.319,1.689,2.275,2.995,3.568,1.436,1.617,2.326,2.954,3.597,1.203,7.130,0.995,0.456,7.113,1.013,0.471,1.700,209.928,90.976
SYN-002047,2025-03-27T06:00:00+07:00,2.777,238.792,3.333,811.071,46.494,31.324,35.104,75.461,44.798,32.321,35.973,70.434,0.042,0,30.961,0,0.161,0,31.666,0,43.926,31.415,36.075,68.942,6.991,25.353,0.248,25.847,201.559,91.750,6.922,9.768,12.258,9.742,1.570,1.682,2.325,2.957,3.708,1.357,1.545,2.317,2.916,3.626,1.782,7.138,1.111,0.506,7.154,1.183,0.443,1.273,195.896,92.762
SYN-002048,2025-03-27T07:00:00+07:00,2.788,242.554,3.285,852.308,44.967,31.113,35.606,72.561,44.788,33.292,36.049,70.049,0,0,32.257,0,0,0,32.220,0,45.219,30.633,36.328,69.519,7.003,25.473,0.301,26.813,201.972,98.021,7.027,9.733,12.254,9.990,1.642,1.659,2.312,2.926,3.627,1.556,1.566,2.289,2.891,3.578,1.727,7.098,1.196,0.371,7.110,1.147,0.439,1.870,201.325,100.534
SYN-002049,2025-03-27T08:00:00+07:00,2.732,240.004,3.331,849.645,43.510,30.088,36.107,66.992,0,0,31.710,0,0,0,31.930,0,44.647,32.070,36.601,69.306,44.141,31.378,35.789,72.934,6.962,23.231,0.276,26.861,166.893,93.818,6.902,8.038,11.523,8.207,1.392,1.590,2.265,2.919,3.600,1.306,1.732,2.330,2.842,3.666,1.477,7.184,0.944,0.496,7.219,0.930,0.440,1.778,163.699,94.164
SYN-002050,2025-03-27T09:00:00+07:00,2.804,234.112,3.316,820.587,43.751,30.079,35.999,66.794,0,0,31.990,0,0,0,31.174,0,42.038,29.482,35.868,68.987,43.863,30.798,35.418,68.251,7.068,26.982,0.290,30.256,176.350,101.395,7.084,12.434,11.743,13.181,1.995,1.593,2.324,3.001,3.625,2.112,1.645,2.270,2.930,3.583,1.878,7.124,1.490,0.459,7.091,1.412,0.440,2.448,177.062,100.758
SYN-002051,2025-03-27T10:00:00+07:00,2.863,243.855,3.362,815.363,42.727,29.543,35.769,72.057,0,0,31.790,0,0.044,0,31.449,0,43.018,30.584,35.734,72.482,42.344,30.561,35.690,66.398,6.996,26.377,0.311,28.699,193.248,94.609,7.085,9.587,12.114,9.500,1.581,1.778,2.352,2.927,3.568,1.358,1.629,2.289,2.962,3.613,1.803,7.170,1.308,0.552,7.213,1.380,0.524,2.794,191.791,96.126
SYN-002052,2025-03-27T11:00:00+07:00,2.771,242.760,3.386,812.833,40.553,29.352,35.077,66.224,0.990,0,32.039,0,0,0,31.261,0,42.089,30.758,35.821,64.563,42.350,29.608,36.115,71.326,7.007,28.346,0.291,32.288,198.302,100.600,7.068,8.395,13.705,8.354,1.472,1.650,2.248,2.930,3.650,1.554,1.670,2.339,2.958,3.622,1.390,7.191,1.046,0.511,7.218,1.011,0.462,2.272,198.943,98.633
SYN-002053,2025-03-27T12:00:00+07:00,2.835,237.815,3.333,824.896,40.946,28.052,35.622,65.466,0.487,0,31.599,0,0,0,31.163,0,40.455,28.771,35.253,61.549,41.769,27.616,35.863,63.523,6.894,23.515,0.296,29.122,192.897,104.621,6.929,7.384,12.581,7.603,1.096,1.605,2.380,2.971,3.631,1.128,1.606,2.329,2.988,3.609,1.064,7.113,0.789,0.468,7.154,0.885,0.481,2.382,195.163,103.073
SYN-002054,2025-03-27T13:00:00+07:00,2.799,252.849,3.292,825.991,39.835,28.687,35.076,60.214,0,0,31.194,0,0,0,31.529,0,39.535,27.810,35.339,65.144,40.848,27.695,35.419,64.158,6.791,23.860,0.278,27.379,206.196,92.344,6.732,8.126,13.719,8.242,1.358,1.599,2.291,2.907,3.607,1.243,1.669,2.290,2.932,3.571,1.473,7.180,0.979,0.476,7.005,0.965,0.464,2.426,207.775,90.667
SYN-002055,2025-03-27T14:00:00+07:00,2.758,244.257,3.316,790.195,38.099,26.796,34.958,63.163,0,0,30.874,0,1.098,0,32.886,0,40.088,27.753,35.281,67.263,38.746,29.057,36.214,66.260,7.036,20.775,0.292,24.782,200.235,85.542,7.122,8.147,10.143,8.805,1.261,1.589,2.302,2.994,3.605,1.178,1.648,2.319,2.872,3.555,1.343,7.092,1.077,0.504,7.202,1.075,0.464,1.321,200.134,87.479
SYN-002056,2025-03-27T15:00:00+07:00,2.804,246.971,3.309,802.358,37.375,27.603,35.049,58.822,0.136,0,30.719,0,0.231,0,31.483,0,38.624,27.133,35.145,62.044,38.327,27.755,35.728,63.585,7.157,23.699,0.308,23.867,208.651,98.522,7.216,6.699,10.035,6.671,1.073,1.564,2.351,3.025,3.621,0.890,1.634,2.325,3.058,3.598,1.256,7.180,0.727,0.483,7.074,0.673,0.435,1.712,210.455,97.918
SYN-002057,2025-03-27T16:00:00+07:00,2.801,238.247,3.276,809.827,0.765,0,31.225,0,0,0,32.236,0,37.949,28.741,34.488,63.788,37.398,26.533,35.743,60.896,36.893,26.124,35.399,58.054,7.146,22.296,0.236,28.019,229.272,97.506,7.202,8.332,11.581,8.110,1.583,1.697,2.260,2.974,3.635,1.276,1.667,2.316,2.912,3.601,1.890,7.167,1.138,0.455,7.191,1.169,0.494,2.555,226.026,93.457
SYN-002058,2025-03-27T17:00:00+07:00,2.829,227.232,3.332,788.424,0.828,0,31.901,0,0,0,31.580,0,38.485,28.160,35.658,62.149,37.837,27.972,35.379,60.560,37.432,26.639,35.728,60.069,7.088,20.074,0.341,27.615,211.269,106.942,7.124,6.448,9.225,6.126,0.983,1.601,2.303,2.943,3.569,0.897,1.619,2.264,2.956,3.683,1.069,7.199,0.853,0.467,7.096,0.763,0.531,0.680,216.175,109.986
SYN-002059,2025-03-27T18:00:00+07:00,2.821,234.091,3.348,794.619,0.132,0,31.366,0,0.011,0,32.693,0,36.828,25.440,36.040,61.915,36.307,26.932,34.802,57.681,37.151,26.410,35.745,57.412,7.051,20.065,0.289,26.920,202.554,94.092,7.107,7.368,10.686,7.051,1.154,1.673,2.293,2.976,3.678,1.121,1.624,2.236,2.993,3.620,1.187,7.200,0.781,0.446,7.070,0.751,0.416,1.798,211.163,96.481
SYN-002060,2025-03-27T19:00:00+07:00,2.815,238.877,3.327,801.104,0,0,31.121,0,0,0,31.568,0,38.119,27.808,35.304,62.448,37.089,25.056,35.381,59.822,37.176,27.532,34.924,61.091,6.927,22.396,0.255,25.451,226.523,104.275,6.892,8.709,13.189,8.740,1.337,1.577,2.324,2.925,3.609,1.194,1.592,2.281,2.989,3.607,1.479,7.230,1.050,0.542,7.174,1.069,0.455,1.006,224.791,103.674
SYN-002061,2025-03-27T20:00:00+07:00,2.746,237.542,3.361,809.288,0,0,31.603,0,0,0,31.837,0,37.756,26.626,35.027,59.419,37.381,27.608,34.547,60.114,37.621,27.127,35.781,61.110,7.044,24.287,0.288,30.192,224.686,94.215,7.060,8.484,13.685,7.477,1.485,1.685,2.326,2.968,3.638,1.458,1.679,2.275,2.832,3.621,1.512,7.174,1.034,0.443,7.122,0.972,0.439,1.758,211.737,92.299
SYN-002062,2025-03-27T21:00:00+07:00,2.748,231.609,3.341,791.120,0,0,32.563,0,0,0,31.988,0,38.028,27.490,34.934,58.935,39.157,26.626,35.676,59.633,37.907,27.101,35.551,63.511,7.030,18.981,0.319,27.966,207.084,99.068,7.030,6.255,12.552,6.949,1.016,1.600,2.409,2.969,3.550,0.943,1.632,2.275,2.924,3.640,1.089,7.183,0.697,0.535,7.266,0.608,0.452,1.889,201.648,97.233
SYN-002063,2025-03-27T22:00:00+07:00,2.822,232.029,3.350,780.682,0,0,31.853,0,0.136,0,31.644,0,39.010,26.650,35.200,60.254,37.957,27.815,36.046,59.983,39.324,28.535,35.376,65.219,6.986,20.230,0.254,27.923,193.494,95.739,6.974,7.981,11.947,8.070,1.306,1.653,2.264,2.979,3.554,1.071,1.758,2.343,2.970,3.611,1.542,7.155,1.010,0.455,7.165,0.972,0.446,2.209,198.169,95.486
SYN-002064,2025-03-27T23:00:00+07:00,2.843,244.989,3.318,814.743,0,0,30.912,0,0,0,31.979,0,39.571,28.386,35.340,62.728,39.746,29.005,35.728,62.288,40.700,29.922,34.886,61.728,6.886,25.367,0.309,28.456,210.579,103.331,6.914,9.147,12.705,8.949,1.434,1.709,2.281,2.987,3.666,1.363,1.705,2.314,2.877,3.626,1.506,7.191,0.987,0.507,7.029,1.061,0.548,1.355,200.179,102.490
SYN-002065,2025-03-28T00:00:00+07:00,2.761,228.129,3.319,810.692,0,0,31.124,0,40.646,28.862,36.639,67.082,40.538,27.132,35.372,65.542,41.082,30.773,35.502,66.320,0,0,31.429,0,7.129,19.524,0.263,25.461,183.246,103.276,7.250,7.326,9.725,7.644,1.131,1.617,2.324,2.891,3.679,0.878,1.689,2.339,2.956,3.558,1.385,7.162,0.727,0.482,7.098,0.694,0.447,2.035,181.295,101.899
SYN-002066,2025-03-28T01:00:00+07:00,2.736,232.558,3.333,811.739,0.987,0,31.074,0,42.380,29.057,35.367,68.868,40.525,26.842,35.680,65.017,41.625,30.092,36.364,65.684,0,0,31.131,0,6.958,19.078,0.248,25.078,205.036,95.136,6.998,6.978,11.512,6.471,1.090,1.640,2.309,2.991,3.554,0.962,1.544,2.324,2.946,3.634,1.218,7.111,0.895,0.493,7.116,0.889,0.506,1.419,205.008,98.399
SYN-002067,2025-03-28T02:00:00+07:00,2.820,237.710,3.319,835.595,0,0,31.116,0,43.395,30.670,35.568,72.100,43.080,30.939,35.494,67.573,42.646,30.788,35.292,68.991,0.498,0,30.913,0,6.994,19.651,0.234,28.474,199.098,95.742,7.013,9.067,11.855,8.496,1.296,1.615,2.398,3.001,3.553,1.355,1.623,2.258,3.011,3.658,1.236,7.224,0.900,0.432,7.173,0.920,0.447,2.178,198.478,94.899
SYN-002068,2025-03-28T03:00:00+07:00,2.802,227.187,3.320,825.862,1.424,0,31.359,0,43.690,31.462,36.572,69.723,43.854,30.574,36.116,66.029,44.380,32.117,36.230,70.370,0,0,31.272,0,7.115,24.367,0.233,27.983,191.535,90.262,7.199,10.453,11.243,9.944,1.622,1.586,2.306,2.995,3.581,1.503,1.700,2.315,2.948,3.491,1.740,7.093,1.204,0.453,7.047,1.291,0.449,2.102,187.266,95.464
SYN-002069,2025-03-28T04:00:00+07:00,2.853,234.625,3.345,821.873,0,0,31.991,0,45.593,30.785,36.003,75.043,44.966,29.879,36.679,72.805,44.005,29.874,35.647,68.574,0.837,0,31.778,0,7.060,17.044,0.279,23.380,203.957,97.942,7.074,3.875,8.435,3.799,0.397,1.710,2.294,2.983,3.587,0.267,1.646,2.369,2.969,3.605,0.526,7.272,0.278,0.497,7.112,0.270,0.452,1.989,205.589,96.194
SYN-002070,2025-03-28T05:00:00+07:00,2.757,233.930,3.344,829.995,0.096,0,32.349,0,44.881,31.265,36.010,73.159,45.090,30.934,35.236,71.832,45.109,30.523,36.325,73.817,0,0,31.732,0,6.920,18.409,0.269,23.477,193.360,102.639,6.887,5.904,9.073,7.229,0.974,1.544,2.217,2.936,3.604,0.972,1.630,2.256,2.931,3.552,0.975,7.128,0.708,0.492,7.200,0.731,0.420,0.971,194.528,103.620
SYN-002071,2025-03-28T06:00:00+07:00,2.784,230.536,3.288,840.913,0,0,32.226,0,44.568,30.679,36.221,69.064,44.521,29.726,36.332,72.236,45.226,30.290,34.921,73.132,0,0,31.727,0,7.146,19.663,0.324,23.406,221.488,98.987,7.150,6.508,9.425,7.080,0.968,1.653,2.243,2.914,3.699,0.999,1.608,2.265,3.082,3.585,0.936,7.102,0.785,0.532,7.212,0.782,0.456,1.656,217.729,98.784
SYN-002072,2025-03-28T07:00:00+07:00,2.792,242.386,3.341,865.036,0.966,0,32.254,0,44.366,31.412,36.374,71.912,44.565,33.195,36.186,73.608,45.916,33.085,35.682,70.994,0,0,31.539,0,7.048,17.324,0.312,21.438,207.347,98.356,7.036,6.455,6.618,6.030,1.015,1.628,2.359,2.997,3.543,0.913,1.595,2.304,2.957,3.661,1.118,7.182,0.808,0.432,7.181,0.832,0.435,0.166,210.927,97.797
SYN-002073,2025-03-28T08:00:00+07:00,2.752,227.985,3.335,845.104,44.913,30.559,36.420,73.835,44.316,31.167,35.436,70.256,44.012,29.830,35.623,73.732,0.600,0,31.347,0,0,0,31.520,0,7.068,20.908,0.211,26.079,202.952,105.475,7.080,7.132,10.999,6.982,1.155,1.671,2.349,2.899,3.646,1.040,1.711,2.347,2.897,3.636,1.270,7.005,0.821,0.506,7.118,0.737,0.388,2.524,195.178,104.443
SYN-002074,2025-03-28T09:00:00+07:00,2.781,231.128,3.308,835.086,43.390,30.621,36.859,69.263,43.253,30.936,36.187,68.957,43.505,28.793,35.449,69.480,0.402,0,30.540,0,1.250,0,31.890,0,7.159,24.106,0.343,30.259,196.596,101.350,7.141,7.203,13.685,7.784,1.143,1.667,2.336,2.936,3.614,1.296,1.658,2.344,2.957,3.663,0.989,7.148,0.927,0.494,7.191,0.931,0.447,1.990,200.849,103.490
SYN-002075,2025-03-28T10:00:00+07:00,2.730,233.388,3.318,838.521,43.791,30.639,35.364,70.227,43.864,30.841,35.774,71.912,43.141,30.079,35.794,70.921,0.562,0,31.941,0,0.596,0,32.209,0,7.008,20.842,0.258,29.569,196.940,92.908,6.898,7.265,13.153,6.879,1.194,1.646,2.347,2.890,3.524,1.194,1.663,2.282,2.943,3.565,1.195,7.162,0.739,0.473,7.125,0.703,0.470,2.107,195.649,91.598
SYN-002076,2025-03-28T11:00:00+07:00,2.739,229.738,3.332,815.559,41.659,30.779,35.426,66.410,41.981,29.901,35.677,65.478,42.766,29.439,36.388,68.221,0,0,32.823,0,0.233,0,31.575,0,6.940,22.966,0.281,26.383,194.699,97.088,6.952,7.833,11.451,6.866,1.258,1.596,2.322,3.013,3.552,1.180,1.589,2.279,2.943,3.577,1.337,7.183,0.980,0.498,7.217,0.945,0.421,1.006,194.130,97.314
SYN-002077,2025-03-28T12:00:00+07:00,2.728,232.214,3.301,795.083,40.480,29.625,35.243,65.147,40.913,28.328,34.845,67.367,40.772,26.959,35.918,66.022,0,0,30.948,0,0,0,32.120,0,7.099,19.431,0.269,28.171,213.296,94.843,7.123,5.383,12.982,4.942,0.821,1.595,2.207,2.956,3.625,0.826,1.599,2.349,2.902,3.570,0.817,7.151,0.494,0.488,7.032,0.522,0.409,2.308,224.089,95.408
SYN-002078,2025-03-28T13:00:00+07:00,2.789,230.691,3.332,791.265,41.661,29.696,35.320,63.423,40.142,28.385,35.156,61.977,38.947,26.974,34.969,62.286,1.065,0,32.306,0,0.320,0,31.007,0,6.995,13.964,0.259,22.537,187.589,101.540,7.083,4.866,10.923,4.465,0.966,1.665,2.297,3.007,3.613,0.994,1.633,2.309,2.991,3.609,0.938,7.191,0.708,0.534,7.104,0.808,0.384,1.488,203.830,103.005
SYN-002079,2025-03-28T14:00:00+07:00,2.715,242.144,3.309,814.844,39.490,29.891,36.045,61.210,38.646,25.770,35.700,64.768,37.960,24.906,34.834,58.153,0.053,0,31.845,0,0.689,0,32.096,0,7.025,17.954,0.243,27.855,199.432,96.764,7.093,7.017,14.973,6.908,1.166,1.681,2.399,2.935,3.662,0.910,1.760,2.257,2.951,3.610,1.422,7.171,0.883,0.497,7.162,0.976,0.470,2.439,189.769,97.038
SYN-002080,2025-03-28T15:00:00+07:00,2.785,228.475,3.242,777.742,37.565,24.299,35.230,62.758,37.043,28.184,35.388,60.486,38.165,28.769,35.643,59.947,0.592,0,31.909,0,0,0,31.343,0,7.010,18.075,0.328,25.309,191.510,94.721,6.986,7.021,10.006,7.587,1.147,1.701,2.265,2.912,3.619,1.181,1.610,2.235,2.962,3.561,1.112,7.164,0.807,0.445,7.221,0.848,0.520,1.596,189.160,95.139
SYN-002081,2025-03-28T16:00:00+07:00,2.667,236.529,3.307,788.091,38.222,27.543,35.182,59.506,39.693,28.605,35.719,63.578,0.206,0,31.784,0,0.917,0,31.265,0,38.657,26.831,34.945,61.323,6.923,23.910,0.262,31.787,206.887,93.728,6.921,8.697,13.415,8.769,1.310,1.617,2.262,2.881,3.640,1.290,1.626,2.349,2.963,3.561,1.330,7.168,0.933,0.455,7.039,0.916,0.449,1.526,214.305,95.338
SYN-002082,2025-03-28T17:00:00+07:00,2.669,229.341,3.328,763.828,37.015,24.527,35.436,59.167,36.798,25.407,35.418,58.288,0,0,31.290,0,0,0,31.606,0,37.019,25.772,34.830,60.443,7.079,20.392,0.314,25.105,192.908,98.194,7.056,6.803,11.069,6.232,0.979,1.704,2.257,3.062,3.634,0.941,1.590,2.244,2.921,3.607,1.017,7.094,0.763,0.430,7.093,0.826,0.472,2.105,181.826,97.535
SYN-002083,2025-03-28T18:00:00+07:00,2.617,229.317,3.263,776.125,37.317,27.367,35.515,55.524,37.982,27.796,35.544,62.468,0,0,31.812,0,0.821,0,31.559,0,35.955,25.662,35.030,58.842,6.998,19.554,0.301,25.347,199.990,95.957,7.050,6.755,11.568,6.893,1.155,1.687,2.324,2.990,3.576,1.224,1.597,2.241,2.963,3.593,1.086,7.206,0.814,0.554,7.140,0.806,0.487,1.399,201.563,98.946
SYN-002084,2025-03-28T19:00:00+07:00,2.630,230.424,3.285,781.973,35.934,25.094,35.242,59.109,37.257,27.783,34.846,62.710,0,0,32.447,0,0.396,0,31.877,0,37.295,26.787,34.881,58.683,6.950,17.756,0.226,25.672,187.116,96.767,7.024,4.807,12.162,4.739,0.925,1.597,2.357,2.988,3.636,0.755,1.594,2.371,2.957,3.576,1.096,7.208,0.721,0.482,7.097,0.707,0.466,1.541,180.957,98.745
SYN-002085,2025-03-28T20:00:00+07:00,2.703,239.937,3.310,798.183,38.065,26.412,35.810,61.496,38.266,27.968,34.592,59.372,0,0,31.402,0,0,0,31.839,0,36.981,27.365,34.560,63.275,7.099,15.596,0.302,24.459,210.202,96.446,7.148,6.447,8.738,6.198,1.064,1.673,2.208,2.950,3.581,0.965,1.591,2.326,3.000,3.616,1.162,7.108,0.722,0.510,7.082,0.759,0.451,1.070,205.148,94.665
SYN-002086,2025-03-28T21:00:00+07:00,2.638,233.570,3.259,776.669,38.234,27.950,35.157,60.476,37.477,27.027,34.744,61.867,0,0,31.293,0,0.747,0,32.032,0,37.851,26.852,35.939,62.065,7.070,18.126,0.256,25.012,204.373,93.840,6.987,6.966,9.876,6.991,1.086,1.642,2.311,3.002,3.551,0.995,1.601,2.331,2.950,3.568,1.178,7.185,0.784,0.451,7.123,0.845,0.439,1.374,210.849,96.713
SYN-002087,2025-03-28T22:00:00+07:00,2.672,236.769,3.246,776.368,38.806,29.198,35.272,63.526,38.288,27.298,35.692,61.451,0,0,31.469,0,0.345,0,30.871,0,38.659,28.216,35.911,62.960,7.035,10.984,0.303,20.190,204.802,100.508,7.055,3.183,10.283,2.425,0.552,1.669,2.258,2.926,3.517,0.506,1.664,2.277,2.922,3.566,0.598,7.168,0.417,0.473,7.129,0.510,0.477,1.277,198.841,100.750
SYN-002088,2025-03-28T23:00:00+07:00,2.526,232.028,3.301,774.077,40.346,28.861,35.957,63.895,40.273,26.842,35.646,63.066,0,0,30.783,0,0.494,0,31.112,0,40.417,30.373,35.253,66.117,7.115,11.336,0.286,20.230,185.952,98.842,7.125,5.029,8.055,5.224,0.854,1.565,2.230,2.914,3.638,0.860,1.657,2.218,2.934,3.605,0.847,7.102,0.676,0.504,7.217,0.686,0.454,1.510,187.159,96.949
SYN-002089,2025-03-29T00:00:00+07:00,2.612,226.909,3.275,823.573,42.299,30.368,35.602,72.189,0.040,0,31.601,0,0,0,30.978,0,40.935,28.346,36.159,66.746,40.751,28.602,35.951,64.711,7.044,19.387,0.252,24.460,178.907,100.366,7.058,8.334,10.090,8.626,1.361,1.592,2.265,2.914,3.536,1.395,1.621,2.307,2.979,3.558,1.327,7.127,0.913,0.422,7.022,0.961,0.467,1.844,183.117,102.106
SYN-002090,2025-03-29T01:00:00+07:00,2.572,235.984,3.207,823.881,42.268,29.289,35.963,66.730,0,0,32.069,0,0.509,0,30.943,0,42.601,29.602,35.855,65.465,40.981,28.505,35.829,67.820,7.154,18.690,0.224,25.719,197.234,102.717,7.153,4.632,12.815,4.261,0.721,1.659,2.327,3.022,3.577,0.742,1.694,2.366,2.975,3.539,0.700,7.118,0.473,0.513,7.210,0.533,0.443,2.196,195.364,103.329
SYN-002091,2025-03-29T02:00:00+07:00,2.579,242.665,3.228,830.916,43.217,29.607,35.992,70.088,1.056,0,31.650,0,0,0,30.765,0,43.942,29.438,35.791,67.626,44.063,31.598,36.229,73.333,7.169,20.753,0.235,24.759,180.663,100.517,7.248,6.678,9.846,7.083,1.008,1.596,2.311,2.966,3.678,0.973,1.675,2.326,2.980,3.594,1.042,7.165,0.730,0.438,7.122,0.737,0.464,1.363,178.890,102.301
SYN-002092,2025-03-29T03:00:00+07:00,2.569,230.852,3.237,856.693,44.025,29.522,35.223,71.858,0,0,31.344,0,0,0,31.696,0,44.651,31.265,35.494,74.540,42.588,29.745,35.107,69.372,7.043,15.825,0.304,23.791,211.042,94.789,7.091,4.358,9.867,4.738,0.687,1.689,2.312,2.956,3.592,0.812,1.684,2.281,2.957,3.615,0.561,7.105,0.463,0.534,7.118,0.506,0.419,1.144,209.426,94.287
SYN-002093,2025-03-29T04:00:00+07:00,2.537,227.204,3.236,832.429,45.086,31.373,35.603,70.468,0.591,0,31.104,0,1.397,0,31.483,0,43.925,29.042,35.278,69.993,44.314,30.252,35.457,69.754,7.117,20.533,0.242,26.934,202.776,89.439,7.073,5.019,11.633,6.061,0.794,1.610,2.280,2.915,3.624,0.725,1.638,2.285,2.996,3.624,0.864,7.114,0.611,0.458,7.126,0.591,0.453,1.882,202.569,92.375
SYN-002094,2025-03-29T05:00:00+07:00,2.544,229.159,3.193,845.351,43.995,27.955,36.108,68.963,0,0,31.955,0,0,0,31.164,0,43.005,28.850,36.013,67.848,44.596,30.655,36.196,70.369,6.929,17.548,0.267,26.464,189.445,95.392,6.937,5.879,11.491,6.253,1.122,1.708,2.282,2.991,3.599,1.308,1.603,2.329,2.977,3.581,0.937,7.180,0.826,0.498,7.261,0.794,0.445,1.700,191.946,97.418
SYN-002095,2025-03-29T06:00:00+07:00,2.528,227.524,3.278,829.603,45.115,32.299,36.554,71.043,0,0,31.194,0,0.213,0,31.379,0,45.171,31.202,36.332,73.355,46.029,31.199,36.930,75.055,7.114,13.974,0.275,26.725,202.583,100.188,7.049,4.548,10.829,4.540,0.963,1.702,2.211,2.938,3.585,0.850,1.579,2.259,2.913,3.585,1.076,7.211,0.708,0.530,7.166,0.702,0.483,2.828,202.308,99.300
SYN-002096,2025-03-29T07:00:00+07:00,2.526,239.025,3.190,856.044,45.340,30.894,36.330,72.085,0.092,0,30.453,0,0.409,0,31.114,0,44.258,31.368,36.405,72.911,45.144,29.128,35.957,72.431,7.052,21.139,0.279,27.706,199.770,97.098,7.129,6.148,13.284,6.975,0.953,1.674,2.288,2.936,3.746,0.987,1.650,2.253,2.972,3.646,0.918,7.101,0.711,0.462,7.071,0.742,0.428,2.246,200.339,98.957
SYN-002097,2025-03-29T08:00:00+07:00,2.474,230.321,3.263,835.296,0,0,31.883,0,0.335,0,31.167,0,45.070,31.409,35.650,71.420,44.258,31.172,35.958,68.831,45.454,31.913,35.164,75.093,6.897,16.537,0.244,28.478,201.525,99.193,6.845,6.795,10.861,6.629,1.254,1.568,2.364,2.902,3.629,1.246,1.500,2.416,2.932,3.567,1.261,7.118,0.855,0.519,7.012,0.829,0.513,2.296,197.048,101.290
SYN-002098,2025-03-29T09:00:00+07:00,2.502,230.898,3.211,837.350,1.373,0,31.823,0,0.911,0,30.973,0,44.198,31.232,36.015,68.423,43.926,29.703,36.024,72.997,43.241,30.341,35.822,68.351,7.144,18.109,0.315,23.344,204.236,107.933,7.147,7.015,8.836,6.443,1.163,1.603,2.308,2.937,3.631,1.255,1.709,2.351,2.977,3.698,1.071,7.164,0.825,0.464,7.177,0.820,0.452,0.934,203.651,107.536
SYN-002099,2025-03-29T10:00:00+07:00,2.492,227.305,3.215,809.566,0,0,31.707,0,0.369,0,31.172,0,44.506,30.612,36.511,69.038,42.864,30.195,35.224,64.641,43.411,30.804,35.807,70.876,6.990,16.685,0.319,25.153,177.470,97.094,6.937,5.907,11.972,5.227,0.854,1.582,2.431,2.975,3.641,0.760,1.618,2.277,2.924,3.597,0.948,7.159,0.602,0.464,7.217,0.583,0.471,1.174,171.470,98.354
SYN-002100,2025-03-29T11:00:00+07:00,2.467,231.777,3.218,813.495,0,0,31.897,0,1.627,0,31.616,0,42.533,28.870,35.360,68.267,41.531,29.854,35.195,62.610,41.824,28.141,36.115,69.384,7.002,16.200,0.268,21.557,193.248,93.272,7.054,4.743,8.367,4.613,0.756,1.655,2.239,3.034,3.542,0.550,1.714,2.259,2.953,3.541,0.962,7.102,0.673,0.524,7.131,0.744,0.407,0.874,197.353,91.016
SYN-002101,2025-03-29T12:00:00+07:00,2.465,231.730,3.217,794.451,0,0,31.646,0,0.250,0,31.395,0,41.226,28.594,35.559,64.756,41.812,28.858,35.777,66.944,40.821,28.946,36.067,63.163,6.997,8.528,0.263,18.965,198.545,86.389,6.911,4.007,9.218,4.618,0.734,1.631,2.253,2.989,3.590,0.696,1.738,2.231,2.941,3.632,0.773,7.175,0.501,0.442,7.163,0.543,0.433,1.433,196.356,82.193
SYN-002102,2025-03-29T13:00:00+07:00,2.467,228.908,3.203,814.454,0,0,31.276,0,1.024,0,31.256,0,39.806,26.907,36.515,66.594,39.979,29.278,36.534,63.638,40.217,27.111,35.299,64.555,7.154,13.373,0.307,23.326,200.638,103.499,7.134,4.005,7.932,4.251,0.605,1.672,2.289,2.919,3.624,0.723,1.707,2.302,2.867,3.590,0.487,7.131,0.607,0.420,7.185,0.604,0.523,1.122,200.940,103.223
SYN-002103,2025-03-29T14:00:00+07:00,2.413,228.224,3.211,780.959,0,0,31.577,0,0,0,31.460,0,39.896,31.097,34.552,62.484,38.569,27.956,35.193,63.172,40.200,28.233,35.860,66.672,6.937,11.142,0.259,25.503,185.033,89.262,6.815,3.774,10.393,3.367,0.748,1.602,2.263,2.948,3.641,0.629,1.612,2.311,2.949,3.609,0.867,7.188,0.633,0.472,7.107,0.645,0.473,1.709,184.781,88.051
SYN-002104,2025-03-29T15:00:00+07:00,2.399,229.789,3.189,795.289,0,0,31.661,0,0.574,0,31.445,0,37.594,25.849,36.016,58.702,36.723,27.021,34.951,55.506,37.345,25.690,35.629,62.894,6.975,16.762,0.301,22.413,197.449,96.383,6.900,5.071,9.400,4.693,0.750,1.628,2.312,2.872,3.595,0.857,1.654,2.318,2.972,3.561,0.643,7.123,0.605,0.509,7.171,0.673,0.393,2.309,199.574,97.144
SYN-002105,2025-03-29T16:00:00+07:00,2.407,235.271,3.170,753.141,0,0,32.079,0,36.908,27.160,35.133,60.877,38.312,24.528,35.484,59.214,36.256,25.719,34.244,55.291,0,0,31.218,0,6.915,11.249,0.250,23.968,197.936,101.401,6.846,3.683,10.416,3.909,0.679,1.640,2.266,2.998,3.539,0.750,1.681,2.383,2.958,3.689,0.608,7.104,0.508,0.488,7.118,0.516,0.455,1.664,190.701,101.913
SYN-002106,2025-03-29T17:00:00+07:00,2.337,240.392,3.180,768.057,0.080,0,31.995,0,36.038,25.974,35.369,59.206,37.580,27.736,34.667,59.552,37.104,24.590,34.935,61.185,0,0,31.260,0,6.917,12.094,0.329,23.176,195.573,99.453,6.942,3.150,9.833,2.910,0.346,1.671,2.368,2.970,3.662,0.347,1.574,2.375,3.011,3.659,0.345,7.190,0.259,0.428,7.087,0.268,0.455,1.186,192.120,98.930
SYN-002107,2025-03-29T18:00:00+07:00,2.404,234.045,3.177,757.392,0.284,0,31.296,0,36.216,27.006,35.429,56.716,36.228,25.581,35.601,58.339,36.662,25.765,35.470,58.194,0,0,31.381,0,7.119,15.536,0.273,24.139,203.852,98.807,7.170,5.789,11.563,5.860,1.084,1.739,2.349,2.981,3.596,1.002,1.606,2.339,3.033,3.620,1.166,7.132,0.817,0.481,7.109,0.789,0.356,1.480,208.328,99.174
SYN-002108,2025-03-29T19:00:00+07:00,2.356,244.140,3.134,773.981,0.036,0,31.410,0,37.853,27.198,35.417,60.808,35.854,26.979,34.467,58.586,36.257,27.142,35.032,60.746,0.597,0,31.418,0,7.024,12.774,0.327,23.302,177.409,91.848,7.021,4.319,10.520,4.471,0.689,1.606,2.346,2.908,3.562,0.848,1.641,2.352,2.986,3.658,0.530,7.083,0.439,0.481,7.174,0.440,0.428,2.278,176.689,91.839
SYN-002109,2025-03-29T20:00:00+07:00,2.370,227.212,3.151,809.492,0.090,0,31.100,0,38.113,25.949,35.538,60.814,36.661,26.292,35.167,57.070,37.784,25.544,35.087,56.470,0,0,31.116,0,6.993,17.863,0.245,27.307,196.374,96.567,6.974,5.336,12.861,4.705,0.648,1.714,2.330,2.944,3.620,0.638,1.721,2.365,2.883,3.694,0.659,7.155,0.469,0.477,7.193,0.447,0.446,1.484,190.514,101.143
SYN-002110,2025-03-29T21:00:00+07:00,2.362,225.827,3.112,813.014,0.772,0,31.528,0,37.647,25.478,35.585,61.231,38.179,26.203,35.977,61.635,37.670,27.358,35.100,58.636,1.046,0,31.223,0,7.020,17.882,0.283,23.746,185.854,102.864,7.033,5.704,9.615,5.192,0.854,1.676,2.292,3.026,3.667,0.658,1.768,2.208,2.947,3.554,1.050,7.061,0.462,0.573,7.163,0.423,0.458,1.614,193.768,105.602
SYN-002111,2025-03-29T22:00:00+07:00,2.374,228.945,3.199,782.658,0,0,31.027,0,38.812,26.955,34.655,65.013,39.049,25.870,35.699,65.693,39.284,27.453,36.141,66.541,0.507,0,31.676,0,7.055,15.257,0.293,24.308,213.353,92.207,7.002,5.954,9.371,5.692,1.079,1.726,2.313,2.927,3.607,1.078,1.640,2.267,2.974,3.602,1.080,7.238,0.667,0.506,7.148,0.609,0.508,1.818,217.749,91.109
SYN-002112,2025-03-29T23:00:00+07:00,2.298,240.745,3.182,813.459,0.733,0,30.715,0,39.175,28.008,35.333,59.334,39.948,28.593,35.278,66.427,40.321,27.360,35.524,64.772,0,0,31.181,0,7.076,20.149,0.235,28.928,201.350,101.644,7.083,8.021,13.084,8.720,1.145,1.666,2.358,2.940,3.605,1.226,1.700,2.343,2.944,3.619,1.064,7.208,0.796,0.501,7.239,0.733,0.494,1.758,207.389,102.936
SYN-002113,2025-03-30T00:00:00+07:00,2.285,228.380,3.150,830.999,39.963,29.004,35.024,64.387,40.895,29.530,35.619,65.010,41.045,29.570,35.831,66.278,1.185,0,31.528,0,1.137,0,31.778,0,7.021,17.216,0.232,25.275,201.860,99.478,7.009,4.437,11.505,4.676,0.529,1.638,2.334,2.903,3.594,0.572,1.688,2.359,2.961,3.588,0.487,7.178,0.468,0.484,7.106,0.468,0.428,1.888,204.796,99.116
SYN-002114,2025-03-30T01:00:00+07:00,2.314,236.549,3.135,818.829,42.121,29.421,35.201,65.967,41.059,28.806,35.551,66.154,41.724,30.441,35.609,67.067,0.184,0,31.117,0,0,0,31.919,0,7.216,10.036,0.256,25.590,189.856,95.813,7.198,3.844,12.450,3.190,0.668,1.612,2.333,2.938,3.693,0.479,1.618,2.321,2.992,3.548,0.857,7.083,0.464,0.541,7.021,0.533,0.470,1.647,189.892,94.239
SYN-002115,2025-03-30T02:00:00+07:00,2.290,229.850,3.166,829.739,43.593,32.097,36.172,70.263,43.385,27.376,34.776,71.650,42.234,29.403,36.484,68.585,0.620,0,32.022,0,0,0,31.573,0,7.004,16.469,0.290,27.755,219.610,101.913,7.025,5.008,10.764,4.760,0.906,1.593,2.248,2.855,3.641,0.872,1.721,2.323,2.934,3.638,0.940,7.181,0.767,0.480,7.170,0.680,0.448,2.103,221.345,107.336
SYN-002116,2025-03-30T03:00:00+07:00,2.260,231.402,3.148,837.837,43.646,28.871,35.922,70.499,43.250,30.954,35.423,66.918,43.204,29.370,35.820,68.800,0.495,0,32.312,0,0.290,0,31.599,0,7.098,15.191,0.304,22.578,192.459,96.149,7.077,6.338,9.987,5.276,1.040,1.687,2.326,3.010,3.557,1.029,1.655,2.386,2.995,3.518,1.051,7.197,0.702,0.459,7.252,0.740,0.466,1.322,186.890,98.963
SYN-002117,2025-03-30T04:00:00+07:00,2.228,237.593,3.116,856.337,44.746,31.281,35.599,70.313,44.356,29.454,35.651,71.883,45.106,32.902,36.543,72.079,1.528,0,32.031,0,0.250,0,31.306,0,7.089,13.507,0.313,22.670,178.872,97.804,7.107,3.525,8.526,2.986,0.500,1.628,2.286,2.954,3.528,0.464,1.659,2.258,3.000,3.615,0.535,7.177,0.280,0.450,7.096,0.238,0.435,1.013,179.456,98.487
SYN-002118,2025-03-30T05:00:00+07:00,2.140,241.034,3.126,850.396,45.073,31.614,35.688,72.411,44.860,31.447,36.221,68.977,44.605,31.438,36.200,72.399,1.095,0,31.887,0,0,0,31.796,0,7.081,16.909,0.250,26.575,205.372,97.280,7.012,6.108,11.024,6.197,0.912,1.648,2.286,3.004,3.590,0.799,1.702,2.249,2.930,3.598,1.026,7.136,0.638,0.461,7.148,0.652,0.472,1.478,205.993,95.972
SYN-002119,2025-03-30T06:00:00+07:00,2.268,238.979,3.097,833.646,44.803,29.266,36.420,70.255,44.878,30.398,35.417,69.959,45.984,30.820,35.178,74.044,0,0,32.408,0,0,0,31.832,0,7.061,16.653,0.298,22.594,175.833,98.263,7.016,5.653,11.084,5.491,0.931,1.673,2.372,3.011,3.591,0.900,1.652,2.385,2.979,3.574,0.962,7.212,0.722,0.496,7.082,0.781,0.472,2.549,176.479,103.039
SYN-002120,2025-03-30T07:00:00+07:00,2.183,245.494,3.132,847.902,44.660,30.253,35.909,71.957,45.027,30.114,36.336,70.834,44.972,31.121,36.331,68.806,0.330,0,32.135,0,0,0,32.016,0,7.007,15.311,0.272,24.241,211.815,96.355,6.980,4.021,10.025,3.722,0.621,1.637,2.314,2.943,3.561,0.564,1.588,2.318,2.961,3.592,0.677,7.066,0.304,0.462,7.046,0.425,0.425,1.641,209.467,97.321
SYN-002121,2025-03-30T08:00:00+07:00,2.230,239.946,3.114,827.084,45.765,32.721,36.121,72.369,45.238,31.334,35.813,70.917,0,0,31.782,0,0,0,31.416,0,45.427,32.415,35.367,70.859,7.085,16.388,0.234,26.048,217.772,108.125,7.069,6.047,11.859,5.687,1.033,1.645,2.271,3.016,3.599,0.989,1.665,2.309,2.969,3.608,1.077,7.140,0.762,0.505,7.119,0.756,0.420,1.593,213.313,109.654
SYN-002122,2025-03-30T09:00:00+07:00,2.191,240.607,3.065,870.185,44.026,30.170,36.228,72.725,43.749,31.760,35.214,70.533,0,0,31.710,0,0.352,0,31.768,0,43.139,29.715,35.060,72.128,7.216,15.242,0.297,24.623,180.796,92.487,7.160,7.154,10.186,6.275,1.245,1.593,2.285,2.916,3.547,1.184,1.608,2.410,2.957,3.580,1.307,7.120,0.857,0.504,7.108,0.800,0.418,1.744,180.506,92.952
SYN-002123,2025-03-30T10:00:00+07:00,2.199,229.087,3.131,837.463,42.584,28.171,35.745,67.495,42.858,29.436,34.989,71.396,0,0,31.067,0,0,0,31.713,0,44.055,31.256,35.850,71.420,7.109,14.681,0.245,20.023,206.272,104.161,6.968,6.297,8.545,6.155,1.079,1.667,2.260,2.944,3.637,1.094,1.590,2.272,2.890,3.638,1.063,7.080,0.753,0.430,7.075,0.772,0.439,2.639,207.966,105.661
SYN-002124,2025-03-30T11:00:00+07:00,2.181,234.164,3.074,830.620,41.394,28.157,35.580,65.077,41.235,29.407,36.494,68.949,0.381,0,30.988,0,0.666,0,31.619,0,43.186,31.605,36.425,71.399,7.104,15.858,0.255,25.238,195.233,94.566,7.130,4.822,12.421,4.982,0.611,1.677,2.289,2.874,3.656,0.519,1.652,2.262,2.944,3.518,0.704,7.098,0.289,0.428,7.158,0.321,0.435,1.505,201.329,96.682
SYN-002125,2025-03-30T12:00:00+07:00,2.211,241.029,3.068,817.484,40.543,29.224,35.331,65.209,41.069,27.094,35.118,65.657,0,0,30.927,0,0.173,0,31.138,0,41.493,28.092,35.747,65.855,6.977,15.583,0.313,23.440,183.460,103.431,6.994,7.536,9.963,7.906,1.221,1.675,2.251,3.015,3.665,0.973,1.685,2.293,2.926,3.512,1.468,7.127,0.854,0.534,7.146,0.875,0.468,1.159,183.371,104.269
SYN-002126,2025-03-30T13:00:00+07:00,2.167,241.531,3.110,830.163,40.405,28.069,34.560,65.678,40.258,27.488,35.937,62.798,0.305,0,31.853,0,0,0,32.125,0,40.416,27.807,35.046,64.696,7.109,15.383,0.260,23.934,183.776,103.266,7.219,5.382,10.304,4.919,0.831,1.608,2.291,2.899,3.540,0.666,1.595,2.297,2.947,3.636,0.996,7.189,0.627,0.508,7.110,0.678,0.476,2.317,180.265,107.572
SYN-002127,2025-03-30T14:00:00+07:00,2.159,234.205,3.099,770.242,38.293,28.479,34.870,61.240,39.012,28.162,35.196,63.273,1.222,0,31.262,0,0.211,0,31.714,0,38.924,26.629,34.876,60.860,6.900,16.973,0.294,25.621,209.025,94.792,6.878,7.164,11.013,6.948,1.254,1.697,2.329,2.972,3.598,1.356,1.596,2.301,2.904,3.666,1.152,7.242,0.973,0.451,7.236,0.949,0.532,1.537,205.267,96.542
SYN-002128,2025-03-30T15:00:00+07:00,2.189,234.225,3.096,798.569,37.541,26.722,35.276,60.955,38.195,27.107,34.869,65.475,0,0,30.941,0,0,0,31.546,0,37.097,26.290,35.848,60.993,7.059,18.442,0.292,26.767,235.320,94.923,7.161,5.717,13.103,5.065,0.911,1.578,2.328,2.976,3.587,0.687,1.650,2.267,3.015,3.681,1.135,7.143,0.657,0.489,7.181,0.634,0.482,2.468,233.799,91.236
SYN-002129,2025-03-30T16:00:00+07:00,2.111,232.529,3.094,805.045,36.712,26.059,35.182,54.317,0.020,0,31.171,0,0.008,0,31.259,0,36.649,24.962,34.876,58.695,37.613,26.606,35.369,59.386,6.885,14.328,0.293,25.474,197.309,95.673,6.785,5.103,8.999,5.444,0.644,1.652,2.249,2.924,3.651,0.628,1.677,2.328,2.998,3.670,0.659,7.127,0.393,0.481,7.184,0.398,0.455,1.485,197.459,97.350
SYN-002130,2025-03-30T17:00:00+07:00,2.096,240.558,3.066,771.694,37.460,28.254,35.814,58.887,0.686,0,31.444,0,0,0,31.504,0,37.371,27.059,36.104,55.114,37.054,26.817,34.947,54.808,7.026,16.780,0.291,28.535,203.025,96.715,7.004,6.904,13.319,6.629,1.034,1.667,2.341,2.938,3.512,1.026,1.676,2.336,3.021,3.515,1.041,7.114,0.659,0.513,7.128,0.658,0.449,1.870,202.476,102.749
SYN-002131,2025-03-30T18:00:00+07:00,2.165,240.036,3.081,789.426,37.670,28.261,36.047,61.210,0.766,0,32.033,0,0.033,0,31.295,0,38.158,27.516,35.117,62.487,38.657,27.585,35.394,58.728,7.026,19.552,0.272,24.562,196.911,94.901,7.081,5.754,9.083,6.234,1.066,1.704,2.277,2.940,3.550,0.947,1.636,2.334,2.945,3.618,1.184,7.250,0.823,0.470,7.098,0.837,0.466,1.722,200.207,97.336
SYN-002132,2025-03-30T19:00:00+07:00,2.088,248.107,3.071,773.064,37.530,27.001,34.441,60.219,0.899,0,31.686,0,0.107,0,31.486,0,38.077,27.373,34.884,63.163,37.032,25.149,35.401,60.095,7.042,18.043,0.245,23.374,211.709,100.944,7.050,6.814,10.287,6.729,1.230,1.624,2.278,2.951,3.579,1.204,1.654,2.377,2.980,3.565,1.256,7.131,0.874,0.482,7.111,0.905,0.434,2.600,209.666,101.344
SYN-002133,2025-03-30T20:00:00+07:00,2.182,235.435,3.069,771.353,37.773,27.467,34.938,60.449,0,0,30.858,0,0.599,0,31.135,0,38.156,25.013,35.515,59.643,37.331,25.991,35.489,60.560,7.048,17.665,0.283,23.633,228.449,97.161,7.053,8.528,10.442,8.074,1.428,1.659,2.266,2.976,3.625,1.394,1.669,2.337,2.974,3.580,1.461,7.249,1.010,0.459,7.117,0.983,0.472,1.497,227.791,95.369
SYN-002134,2025-03-30T21:00:00+07:00,2.040,238.764,3.097,794.162,39.415,27.681,35.161,59.558,0,0,31.698,0,1.082,0,31.914,0,38.066,26.022,35.984,59.393,37.693,28.294,35.728,58.708,7.225,17.499,0.256,24.237,208.804,102.035,7.206,5.859,11.965,5.577,1.163,1.583,2.361,2.951,3.685,1.142,1.706,2.316,2.926,3.506,1.184,7.109,0.869,0.481,7.233,0.842,0.412,2.460,205.188,101.820
SYN-002135,2025-03-30T22:00:00+07:00,2.093,240.547,3.072,783.983,38.170,27.125,34.913,58.359,0,0,31.894,0,0.480,0,31.355,0,38.498,27.524,35.334,58.224,38.893,26.079,35.546,58.305,7.141,19.095,0.272,25.322,223.379,99.269,7.222,6.183,11.595,6.475,1.016,1.726,2.256,2.968,3.551,1.079,1.695,2.259,2.973,3.564,0.953,7.236,0.732,0.516,7.238,0.760,0.532,1.956,226.064,100.992
SYN-002136,2025-03-30T23:00:00+07:00,2.133,243.628,3.092,797.929,38.816,25.801,34.575,61.885,0.690,0,31.819,0,1.467,0,31.525,0,40.596,28.934,35.632,62.390,38.624,27.401,35.201,65.450,7.162,21.354,0.274,24.327,197.219,96.913,7.106,9.581,10.228,8.768,1.762,1.681,2.285,2.924,3.601,1.729,1.688,2.273,2.965,3.594,1.795,7.146,1.200,0.528,7.016,1.251,0.484,1.413,201.116,95.267
SYN-002137,2025-03-31T00:00:00+07:00,2.136,241.938,3.104,796.785,0.089,0,31.758,0,0,0,30.727,0,40.212,26.519,35.684,63.366,40.908,28.797,34.935,62.143,42.728,31.099,35.793,68.864,7.042,20.541,0.251,29.891,175.833,93.072,6.969,6.190,13.907,5.567,1.164,1.716,2.389,2.970,3.591,1.421,1.728,2.302,2.941,3.564,0.908,7.167,0.838,0.447,7.285,0.855,0.496,1.565,177.409,90.693
SYN-002138,2025-03-31T01:00:00+07:00,2.102,231.681,3.072,822.489,0.420,0,31.123,0,0,0,31.478,0,41.635,29.773,35.846,65.708,42.093,30.946,36.402,65.894,43.589,31.602,35.678,71.112,7.010,19.115,0.248,24.026,212.857,96.832,7.081,8.652,11.547,9.141,1.123,1.601,2.257,2.903,3.562,1.046,1.582,2.264,2.962,3.595,1.201,7.099,0.913,0.484,7.117,0.946,0.390,2.108,215.864,94.938
SYN-002139,2025-03-31T02:00:00+07:00,2.066,235.677,3.035,826.233,0,0,32.095,0,0,0,31.314,0,44.126,29.065,35.649,71.352,42.221,29.495,35.543,69.430,43.802,30.964,36.289,69.872,7.080,19.120,0.273,25.178,209.657,94.676,7.052,7.284,9.292,8.094,0.984,1.691,2.353,2.872,3.633,0.989,1.669,2.210,2.942,3.561,0.979,7.110,0.682,0.406,7.036,0.647,0.509,1.445,216.352,89.777
SYN-002140,2025-03-31T03:00:00+07:00,2.077,249.799,3.072,826.808,0.018,0,30.937,0,0.274,0,32.077,0,43.114,29.068,35.253,69.010,44.955,30.779,36.616,76.147,44.340,30.977,37.004,74.176,7.074,21.762,0.248,28.080,190.928,96.141,7.102,8.626,11.851,8.749,1.324,1.611,2.381,2.884,3.610,1.355,1.620,2.249,2.857,3.577,1.293,7.247,0.870,0.513,7.091,0.833,0.512,1.874,197.756,97.086
SYN-002141,2025-03-31T04:00:00+07:00,2.055,234.046,3.031,832.307,0.038,0,31.510,0,1.423,0,31.738,0,44.399,31.300,35.223,70.780,44.268,32.528,36.282,69.295,44.860,31.332,34.997,72.443,7.363,24.037,0.299,27.079,205.621,106.034,7.348,9.487,11.524,9.939,1.501,1.602,2.260,2.934,3.621,1.492,1.612,2.301,3.030,3.550,1.511,7.122,1.045,0.468,7.084,1.073,0.503,1.861,210.175,107.006
SYN-002142,2025-03-31T05:00:00+07:00,2.134,242.848,3.071,851.187,0,0,31.497,0,0.102,0,31.069,0,45.736,30.357,36.666,73.548,45.283,30.510,35.866,71.503,44.372,30.586,36.467,69.765,7.160,18.101,0.276,24.909,209.700,105.118,7.191,6.133,11.638,6.672,1.111,1.712,2.238,3.008,3.626,1.036,1.646,2.275,2.914,3.663,1.185,7.124,0.758,0.473,7.044,0.713,0.388,1.513,212.682,105.003
SYN-002143,2025-03-31T06:00:00+07:00,2.104,243.151,3.041,844.631,1.384,0,32.319,0,0.556,0,32.726,0,44.369,28.817,36.190,69.882,44.486,30.627,36.348,69.253,44.738,32.341,35.610,70.663,7.037,15.538,0.323,23.096,180.794,93.103,6.972,6.798,8.798,7.220,0.931,1.676,2.282,2.893,3.652,0.960,1.662,2.332,2.913,3.610,0.902,7.065,0.648,0.493,7.081,0.694,0.446,1.474,181.968,93.151
SYN-002144,2025-03-31T07:00:00+07:00,2.110,233.074,3.069,859.226,0,0,31.512,0,0.447,0,31.126,0,45.374,31.140,36.017,73.885,45.127,30.663,36.605,74.674,45.330,31.336,35.919,72.235,7.112,19.205,0.307,24.126,185.484,85.399,7.136,7.016,12.155,7.125,1.220,1.625,2.375,3.038,3.640,1.144,1.621,2.304,2.888,3.550,1.295,7.259,0.979,0.484,7.129,1.009,0.487,2.532,187.297,87.069
SYN-002145,2025-03-31T08:00:00+07:00,2.147,245.694,3.102,827.186,0,0,31.375,0,43.047,29.720,36.374,69.491,44.704,30.121,36.167,72.928,45.355,32.146,36.121,71.817,0.747,0,31.475,0,7.139,18.575,0.279,28.193,195.708,102.919,7.103,8.344,11.758,8.296,1.416,1.718,2.313,3.010,3.575,1.212,1.641,2.298,2.893,3.624,1.620,7.172,1.075,0.572,7.198,1.100,0.440,1.898,193.106,104.761
SYN-002146,2025-03-31T09:00:00+07:00,2.074,235.466,3.054,836.750,0,0,31.629,0,44.560,30.500,35.849,73.065,43.054,29.525,35.653,67.548,42.763,29.836,35.594,72.385,0.819,0,31.477,0,6.838,19.074,0.257,22.633,209.231,99.539,6.849,7.694,10.246,8.309,1.156,1.713,2.341,2.973,3.584,1.065,1.697,2.326,2.945,3.625,1.246,7.145,0.917,0.439,7.223,0.863,0.499,1.568,216.740,104.258
SYN-002147,2025-03-31T10:00:00+07:00,2.088,242.775,3.064,835.088,0.192,0,31.983,0,43.950,30.831,35.139,69.867,42.350,30.128,35.586,69.164,44.001,31.548,37.199,67.609,0.638,0,31.524,0,6.991,19.056,0.292,26.112,171.129,103.185,6.956,6.113,11.892,5.353,1.067,1.621,2.263,2.966,3.570,1.083,1.646,2.294,2.934,3.659,1.050,7.183,0.829,0.481,7.061,0.875,0.455,2.179,166.309,101.892
SYN-002148,2025-03-31T11:00:00+07:00,2.096,243.150,3.095,816.697,0,0,31.647,0,41.781,29.679,35.141,65.109,41.637,29.057,35.912,66.922,41.708,28.612,35.537,65.935,0.278,0,31.783,0,6.975,20.010,0.282,26.962,221.027,94.228,7.004,5.756,10.554,5.602,0.968,1.684,2.259,3.005,3.636,0.828,1.685,2.304,2.975,3.646,1.109,7.134,0.815,0.534,7.119,0.802,0.511,1.438,221.281,94.936
SYN-002149,2025-03-31T12:00:00+07:00,2.106,243.306,3.054,838.188,0.217,0,31.772,0,41.580,29.040,35.857,63.520,41.862,29.264,34.990,60.714,42.047,31.299,35.815,67.881,0.266,0,31.679,0,7.099,22.214,0.264,27.314,188.614,95.651,7.126,8.722,10.478,9.250,1.420,1.743,2.383,2.930,3.544,1.464,1.685,2.275,2.913,3.638,1.376,7.084,1.100,0.423,7.051,1.157,0.548,1.495,188.494,94.012
SYN-002150,2025-03-31T13:00:00+07:00,2.143,247.576,3.093,786.359,0,0,31.141,0,40.606,29.210,35.254,64.502,40.890,28.519,35.582,66.503,39.071,27.379,35.672,55.963,0.810,0,31.626,0,7.088,21.383,0.251,28.306,200.084,84.985,7.112,7.347,13.299,7.119,1.289,1.693,2.350,2.990,3.610,1.240,1.729,2.228,2.965,3.568,1.338,7.089,0.935,0.485,7.124,0.980,0.467,2.814,200.958,82.107
SYN-002151,2025-03-31T14:00:00+07:00,2.109,241.452,3.112,780.204,0.100,0,31.173,0,39.931,28.543,36.261,64.431,40.029,28.968,36.050,60.850,38.503,28.651,35.627,63.074,0,0,31.052,0,7.143,17.763,0.254,24.737,229.793,101.208,7.044,5.439,10.833,6.099,0.768,1.646,2.288,2.959,3.662,0.721,1.674,2.343,2.982,3.648,0.816,7.060,0.613,0.534,7.152,0.624,0.425,1.671,228.036,98.827
SYN-002152,2025-03-31T15:00:00+07:00,2.064,240.863,3.028,779.281,0.690,0,31.216,0,37.335,28.071,34.967,60.944,37.703,26.732,34.836,59.181,37.950,29.988,34.546,63.158,0,0,31.030,0,7.022,15.860,0.291,22.533,225.904,100.557,7.041,6.264,8.731,5.506,0.840,1.699,2.263,2.907,3.652,0.773,1.562,2.240,2.994,3.603,0.907,7.111,0.651,0.453,7.178,0.574,0.480,1.567,225.483,99.619
SYN-002153,2025-03-31T16:00:00+07:00,2.113,238.314,3.095,800.230,37.183,27.327,35.521,58.644,38.299,26.095,35.667,58.962,37.476,26.267,35.213,59.317,0.352,0,31.827,0,0.675,0,31.270,0,7.105,19.472,0.227,26.537,211.197,105.434,7.180,9.036,11.185,8.556,1.358,1.693,2.257,2.973,3.621,1.301,1.710,2.311,2.885,3.599,1.416,7.173,0.942,0.553,7.094,0.974,0.517,1.725,208.312,108.143
SYN-002154,2025-03-31T17:00:00+07:00,2.143,243.912,3.060,789.871,37.831,27.091,35.946,59.933,36.563,25.607,35.667,56.851,36.350,26.701,35.015,56.576,0,0,31.302,0,0,0,31.429,0,6.921,20.986,0.278,23.964,214.508,95.281,7.029,7.202,11.428,6.283,1.134,1.705,2.359,2.937,3.546,0.930,1.633,2.313,2.995,3.660,1.338,7.152,0.793,0.440,7.163,0.794,0.487,2.516,215.334,94.239
SYN-002155,2025-03-31T18:00:00+07:00,2.126,242.788,3.052,772.441,37.206,26.236,35.054,60.623,36.929,25.440,36.021,57.448,35.519,22.855,34.986,54.973,0,0,31.495,0,0.614,0,31.582,0,6.953,24.023,0.288,27.171,197.948,95.548,6.838,9.021,13.758,8.625,1.147,1.607,2.277,2.992,3.645,1.091,1.605,2.304,2.967,3.575,1.203,7.101,0.976,0.488,7.155,1.016,0.418,2.211,198.277,93.222
SYN-002156,2025-03-31T19:00:00+07:00,2.131,245.628,3.061,764.546,37.999,26.745,35.496,63.827,36.256,23.958,35.472,59.686,36.378,28.025,34.902,56.024,0.060,0,30.891,0,0.903,0,31.900,0,6.976,18.727,0.283,22.740,216.271,98.082,6.970,5.304,9.083,4.985,0.725,1.575,2.285,2.923,3.656,0.583,1.583,2.222,2.897,3.542,0.866,7.136,0.502,0.457,7.228,0.493,0.405,1.182,222.720,100.059
SYN-002157,2025-03-31T20:00:00+07:00,2.137,251.440,3.082,788.416,36.546,26.698,36.109,58.208,37.521,26.133,35.141,59.812,37.925,26.952,35.187,57.252,0,0,31.905,0,0.296,0,32.216,0,7.048,20.579,0.291,26.655,205.433,94.004,6.877,7.502,12.445,7.643,1.096,1.663,2.300,2.938,3.592,0.969,1.647,2.309,2.938,3.593,1.223,7.130,0.978,0.482,7.259,0.997,0.443,2.637,197.823,91.231
SYN-002158,2025-03-31T21:00:00+07:00,2.149,245.656,3.063,794.311,37.211,25.475,34.436,59.942,38.430,26.053,35.431,63.496,37.824,28.264,34.756,58.711,0,0,31.299,0,0,0,31.512,0,7.072,21.507,0.305,27.343,191.111,104.986,7.083,8.608,11.995,8.239,1.462,1.664,2.342,3.012,3.580,1.338,1.639,2.256,2.923,3.577,1.585,7.198,1.162,0.499,7.221,1.142,0.428,1.371,186.716,104.953
SYN-002159,2025-03-31T22:00:00+07:00,2.147,248.668,3.105,813.325,38.310,27.819,35.758,61.128,39.237,27.216,34.809,61.646,39.867,29.745,35.382,61.159,0,0,31.837,0,0.786,0,30.668,0,7.144,24.495,0.268,30.472,208.646,100.732,7.142,7.370,12.734,7.414,1.176,1.609,2.223,2.999,3.588,0.970,1.617,2.272,3.036,3.569,1.383,7.126,0.674,0.396,7.198,0.619,0.520,2.398,200.976,99.691
SYN-002160,2025-03-31T23:00:00+07:00,2.170,243.587,3.083,801.956,39.671,29.197,35.613,64.405,42.525,30.384,35.640,66.419,40.535,28.716,36.475,64.218,0,0,32.079,0,0.303,0,31.171,0,7.074,26.411,0.295,26.593,212.465,101.456,6.978,11.288,11.841,10.966,1.746,1.716,2.318,2.891,3.566,1.690,1.597,2.328,2.952,3.514,1.802,7.242,1.273,0.532,7.163,1.300,0.431,2.062,204.177,103.220
SYN-DUP-001,2025-03-17T00:00:00+07:00,2.152,234.119,3.085,805.634,39.444,28.239,35.324,65.069,41.176,28.144,36.447,65.698,0.915,0,31.959,0,0,0,31.609,0,40.278,27.643,35.466,61.275,6.940,32.248,0.224,30.003,207.729,101.277,7.010,12.458,13.626,12.705,2.224,1.646,2.251,2.922,3.583,2.227,1.714,2.240,2.996,3.625,2.222,7.182,1.705,0.505,7.193,1.702,0.449,1.227,208.447,102.020
